ISO-10303-21;
HEADER;
FILE_DESCRIPTION(('Open CASCADE Model'),'2;1');
FILE_NAME('Open CASCADE Shape Model','2026-09-15T17:23:29',('Author'),(
    'Open CASCADE'),'Open CASCADE STEP processor 7.9','Open CASCADE 7.9'
  ,'Unknown');
FILE_SCHEMA(('AUTOMOTIVE_DESIGN { 1 0 10303 214 1 1 1 1 }'));
ENDSEC;
DATA;
#1 = APPLICATION_PROTOCOL_DEFINITION('international standard',
  'automotive_design',2000,#2);
#2 = APPLICATION_CONTEXT(
  'core data for automotive mechanical design processes');
#3 = SHAPE_DEFINITION_REPRESENTATION(#4,#10);
#4 = PRODUCT_DEFINITION_SHAPE('','',#5);
#5 = PRODUCT_DEFINITION('design','',#6,#9);
#6 = PRODUCT_DEFINITION_FORMATION('','',#7);
#7 = PRODUCT('Open CASCADE STEP translator 7.9 20',
  'Open CASCADE STEP translator 7.9 20','',(#8));
#8 = PRODUCT_CONTEXT('',#2,'mechanical');
#9 = PRODUCT_DEFINITION_CONTEXT('part definition',#2,'design');
#10 = ADVANCED_BREP_SHAPE_REPRESENTATION('',(#11,#15),#4540);
#11 = AXIS2_PLACEMENT_3D('',#12,#13,#14);
#12 = CARTESIAN_POINT('',(0.,0.,0.));
#13 = DIRECTION('',(0.,0.,1.));
#14 = DIRECTION('',(1.,0.,-0.));
#15 = MANIFOLD_SOLID_BREP('',#16);
#16 = CLOSED_SHELL('',(#17,#1013,#1087,#1135,#1184,#1238,#1287,#1337,
    #1384,#1436,#1485,#1539,#1588,#1636,#1684,#1738,#1792,#1846,#2289,
    #2316,#2343,#2370,#2403,#3377,#4466,#4533));
#17 = ADVANCED_FACE('',(#18,#920,#951,#982),#32,.F.);
#18 = FACE_BOUND('',#19,.F.);
#19 = EDGE_LOOP('',(#20,#55,#84,#112,#140,#271,#298,#516,#544,#572,#600,
    #629,#657,#690,#718,#747,#775,#804,#832,#865,#893));
#20 = ORIENTED_EDGE('',*,*,#21,.F.);
#21 = EDGE_CURVE('',#22,#24,#26,.T.);
#22 = VERTEX_POINT('',#23);
#23 = CARTESIAN_POINT('',(28.51,14.5,235.5));
#24 = VERTEX_POINT('',#25);
#25 = CARTESIAN_POINT('',(26.979795897113,14.5,235.5));
#26 = SURFACE_CURVE('',#27,(#31,#43),.PCURVE_S1.);
#27 = LINE('',#28,#29);
#28 = CARTESIAN_POINT('',(35.,14.5,235.5));
#29 = VECTOR('',#30,1.);
#30 = DIRECTION('',(-1.,0.,0.));
#31 = PCURVE('',#32,#37);
#32 = PLANE('',#33);
#33 = AXIS2_PLACEMENT_3D('',#34,#35,#36);
#34 = CARTESIAN_POINT('',(35.,14.5,235.5));
#35 = DIRECTION('',(0.,-1.,0.));
#36 = DIRECTION('',(-1.,0.,0.));
#37 = DEFINITIONAL_REPRESENTATION('',(#38),#42);
#38 = LINE('',#39,#40);
#39 = CARTESIAN_POINT('',(0.,0.));
#40 = VECTOR('',#41,1.);
#41 = DIRECTION('',(1.,0.));
#42 = ( GEOMETRIC_REPRESENTATION_CONTEXT(2) 
PARAMETRIC_REPRESENTATION_CONTEXT() REPRESENTATION_CONTEXT('2D SPACE',''
  ) );
#43 = PCURVE('',#44,#49);
#44 = PLANE('',#45);
#45 = AXIS2_PLACEMENT_3D('',#46,#47,#48);
#46 = CARTESIAN_POINT('',(35.,14.5,235.5));
#47 = DIRECTION('',(0.,0.,1.));
#48 = DIRECTION('',(-1.,0.,0.));
#49 = DEFINITIONAL_REPRESENTATION('',(#50),#54);
#50 = LINE('',#51,#52);
#51 = CARTESIAN_POINT('',(0.,0.));
#52 = VECTOR('',#53,1.);
#53 = DIRECTION('',(1.,0.));
#54 = ( GEOMETRIC_REPRESENTATION_CONTEXT(2) 
PARAMETRIC_REPRESENTATION_CONTEXT() REPRESENTATION_CONTEXT('2D SPACE',''
  ) );
#55 = ORIENTED_EDGE('',*,*,#56,.T.);
#56 = EDGE_CURVE('',#22,#57,#59,.T.);
#57 = VERTEX_POINT('',#58);
#58 = CARTESIAN_POINT('',(30.,14.5,235.67335532105));
#59 = SURFACE_CURVE('',#60,(#65,#72),.PCURVE_S1.);
#60 = CIRCLE('',#61,6.49);
#61 = AXIS2_PLACEMENT_3D('',#62,#63,#64);
#62 = CARTESIAN_POINT('',(28.51,14.5,241.99));
#63 = DIRECTION('',(-0.,-1.,-0.));
#64 = DIRECTION('',(-1.,0.,0.));
#65 = PCURVE('',#32,#66);
#66 = DEFINITIONAL_REPRESENTATION('',(#67),#71);
#67 = CIRCLE('',#68,6.49);
#68 = AXIS2_PLACEMENT_2D('',#69,#70);
#69 = CARTESIAN_POINT('',(6.49,-6.49));
#70 = DIRECTION('',(1.,0.));
#71 = ( GEOMETRIC_REPRESENTATION_CONTEXT(2) 
PARAMETRIC_REPRESENTATION_CONTEXT() REPRESENTATION_CONTEXT('2D SPACE',''
  ) );
#72 = PCURVE('',#73,#78);
#73 = CYLINDRICAL_SURFACE('',#74,6.49);
#74 = AXIS2_PLACEMENT_3D('',#75,#76,#77);
#75 = CARTESIAN_POINT('',(28.51,14.5,241.99));
#76 = DIRECTION('',(0.,-1.,0.));
#77 = DIRECTION('',(0.,0.,-1.));
#78 = DEFINITIONAL_REPRESENTATION('',(#79),#83);
#79 = LINE('',#80,#81);
#80 = CARTESIAN_POINT('',(-1.570796326795,0.));
#81 = VECTOR('',#82,1.);
#82 = DIRECTION('',(1.,0.));
#83 = ( GEOMETRIC_REPRESENTATION_CONTEXT(2) 
PARAMETRIC_REPRESENTATION_CONTEXT() REPRESENTATION_CONTEXT('2D SPACE',''
  ) );
#84 = ORIENTED_EDGE('',*,*,#85,.F.);
#85 = EDGE_CURVE('',#86,#57,#88,.T.);
#86 = VERTEX_POINT('',#87);
#87 = CARTESIAN_POINT('',(30.,14.5,226.));
#88 = SURFACE_CURVE('',#89,(#93,#100),.PCURVE_S1.);
#89 = LINE('',#90,#91);
#90 = CARTESIAN_POINT('',(30.,14.5,226.));
#91 = VECTOR('',#92,1.);
#92 = DIRECTION('',(0.,0.,1.));
#93 = PCURVE('',#32,#94);
#94 = DEFINITIONAL_REPRESENTATION('',(#95),#99);
#95 = LINE('',#96,#97);
#96 = CARTESIAN_POINT('',(5.,9.5));
#97 = VECTOR('',#98,1.);
#98 = DIRECTION('',(0.,-1.));
#99 = ( GEOMETRIC_REPRESENTATION_CONTEXT(2) 
PARAMETRIC_REPRESENTATION_CONTEXT() REPRESENTATION_CONTEXT('2D SPACE',''
  ) );
#100 = PCURVE('',#101,#106);
#101 = PLANE('',#102);
#102 = AXIS2_PLACEMENT_3D('',#103,#104,#105);
#103 = CARTESIAN_POINT('',(30.,11.5,226.));
#104 = DIRECTION('',(1.,0.,0.));
#105 = DIRECTION('',(0.,0.,1.));
#106 = DEFINITIONAL_REPRESENTATION('',(#107),#111);
#107 = LINE('',#108,#109);
#108 = CARTESIAN_POINT('',(0.,-3.));
#109 = VECTOR('',#110,1.);
#110 = DIRECTION('',(1.,0.));
#111 = ( GEOMETRIC_REPRESENTATION_CONTEXT(2) 
PARAMETRIC_REPRESENTATION_CONTEXT() REPRESENTATION_CONTEXT('2D SPACE',''
  ) );
#112 = ORIENTED_EDGE('',*,*,#113,.T.);
#113 = EDGE_CURVE('',#86,#114,#116,.T.);
#114 = VERTEX_POINT('',#115);
#115 = CARTESIAN_POINT('',(45.252351035971,14.5,226.));
#116 = SURFACE_CURVE('',#117,(#121,#128),.PCURVE_S1.);
#117 = LINE('',#118,#119);
#118 = CARTESIAN_POINT('',(30.,14.5,226.));
#119 = VECTOR('',#120,1.);
#120 = DIRECTION('',(1.,0.,0.));
#121 = PCURVE('',#32,#122);
#122 = DEFINITIONAL_REPRESENTATION('',(#123),#127);
#123 = LINE('',#124,#125);
#124 = CARTESIAN_POINT('',(5.,9.5));
#125 = VECTOR('',#126,1.);
#126 = DIRECTION('',(-1.,0.));
#127 = ( GEOMETRIC_REPRESENTATION_CONTEXT(2) 
PARAMETRIC_REPRESENTATION_CONTEXT() REPRESENTATION_CONTEXT('2D SPACE',''
  ) );
#128 = PCURVE('',#129,#134);
#129 = PLANE('',#130);
#130 = AXIS2_PLACEMENT_3D('',#131,#132,#133);
#131 = CARTESIAN_POINT('',(30.,11.5,226.));
#132 = DIRECTION('',(0.,0.,1.));
#133 = DIRECTION('',(1.,0.,0.));
#134 = DEFINITIONAL_REPRESENTATION('',(#135),#139);
#135 = LINE('',#136,#137);
#136 = CARTESIAN_POINT('',(0.,3.));
#137 = VECTOR('',#138,1.);
#138 = DIRECTION('',(1.,0.));
#139 = ( GEOMETRIC_REPRESENTATION_CONTEXT(2) 
PARAMETRIC_REPRESENTATION_CONTEXT() REPRESENTATION_CONTEXT('2D SPACE',''
  ) );
#140 = ORIENTED_EDGE('',*,*,#141,.F.);
#141 = EDGE_CURVE('',#142,#114,#144,.T.);
#142 = VERTEX_POINT('',#143);
#143 = CARTESIAN_POINT('',(45.429593403738,14.5,231.2));
#144 = SURFACE_CURVE('',#145,(#173,#204),.PCURVE_S1.);
#145 = B_SPLINE_CURVE_WITH_KNOTS('',6,(#146,#147,#148,#149,#150,#151,
    #152,#153,#154,#155,#156,#157,#158,#159,#160,#161,#162,#163,#164,
    #165,#166,#167,#168,#169,#170,#171,#172),.UNSPECIFIED.,.F.,.F.,(7,5,
    5,5,5,7),(0.,0.230479659948,0.518988834287,0.529910099127,
    0.797946450433,1.),.UNSPECIFIED.);
#146 = CARTESIAN_POINT('',(45.429635164666,14.5,231.20004511037));
#147 = CARTESIAN_POINT('',(45.27838004125,14.5,231.03668720724));
#148 = CARTESIAN_POINT('',(45.134111980636,14.5,230.8669805578));
#149 = CARTESIAN_POINT('',(44.997816008541,14.5,230.69061126233));
#150 = CARTESIAN_POINT('',(44.870788442304,14.5,230.5074066258));
#151 = CARTESIAN_POINT('',(44.754588189043,14.5,230.31737151611));
#152 = CARTESIAN_POINT('',(44.52104794314,14.5,229.87473557418));
#153 = CARTESIAN_POINT('',(44.410655822204,14.5,229.61818230675));
#154 = CARTESIAN_POINT('',(44.323348231607,14.5,229.35228239257));
#155 = CARTESIAN_POINT('',(44.262655433196,14.5,229.07900120552));
#156 = CARTESIAN_POINT('',(44.231259743678,14.5,228.80131430108));
#157 = CARTESIAN_POINT('',(44.229102244861,14.5,228.51311751977));
#158 = CARTESIAN_POINT('',(44.229065559932,14.5,228.50260586617));
#159 = CARTESIAN_POINT('',(44.229070884666,14.5,228.49209412704));
#160 = CARTESIAN_POINT('',(44.229118219345,14.5,228.48158239993));
#161 = CARTESIAN_POINT('',(44.229207561393,14.5,228.47107084637));
#162 = CARTESIAN_POINT('',(44.232562429554,14.5,228.2025885173));
#163 = CARTESIAN_POINT('',(44.261086816944,14.5,227.9447480558));
#164 = CARTESIAN_POINT('',(44.314840971347,14.5,227.69053525242));
#165 = CARTESIAN_POINT('',(44.39179533758,14.5,227.44240671673));
#166 = CARTESIAN_POINT('',(44.489195421019,14.5,227.20205488815));
#167 = CARTESIAN_POINT('',(44.69073783991,14.5,226.79601932323));
#168 = CARTESIAN_POINT('',(44.787371815996,14.5,226.62641215619));
#169 = CARTESIAN_POINT('',(44.892874521172,14.5,226.46199840428));
#170 = CARTESIAN_POINT('',(45.006143677999,14.5,226.30285094076));
#171 = CARTESIAN_POINT('',(45.126224959474,14.5,226.14890809311));
#172 = CARTESIAN_POINT('',(45.252351035971,14.5,226.));
#173 = PCURVE('',#32,#174);
#174 = DEFINITIONAL_REPRESENTATION('',(#175),#203);
#175 = B_SPLINE_CURVE_WITH_KNOTS('',6,(#176,#177,#178,#179,#180,#181,
    #182,#183,#184,#185,#186,#187,#188,#189,#190,#191,#192,#193,#194,
    #195,#196,#197,#198,#199,#200,#201,#202),.UNSPECIFIED.,.F.,.F.,(7,5,
    5,5,5,7),(0.,0.230479659948,0.518988834287,0.529910099127,
    0.797946450433,1.),.UNSPECIFIED.);
#176 = CARTESIAN_POINT('',(-10.42963516466,4.299954889625));
#177 = CARTESIAN_POINT('',(-10.27838004125,4.463312792759));
#178 = CARTESIAN_POINT('',(-10.13411198063,4.633019442194));
#179 = CARTESIAN_POINT('',(-9.997816008541,4.809388737663));
#180 = CARTESIAN_POINT('',(-9.870788442304,4.992593374196));
#181 = CARTESIAN_POINT('',(-9.754588189043,5.182628483884));
#182 = CARTESIAN_POINT('',(-9.52104794314,5.625264425818));
#183 = CARTESIAN_POINT('',(-9.410655822204,5.88181769325));
#184 = CARTESIAN_POINT('',(-9.323348231607,6.147717607423));
#185 = CARTESIAN_POINT('',(-9.262655433196,6.420998794475));
#186 = CARTESIAN_POINT('',(-9.231259743678,6.698685698919));
#187 = CARTESIAN_POINT('',(-9.229102244861,6.986882480221));
#188 = CARTESIAN_POINT('',(-9.229065559932,6.997394133822));
#189 = CARTESIAN_POINT('',(-9.229070884666,7.00790587296));
#190 = CARTESIAN_POINT('',(-9.229118219345,7.018417600066));
#191 = CARTESIAN_POINT('',(-9.229207561393,7.028929153629));
#192 = CARTESIAN_POINT('',(-9.232562429554,7.297411482695));
#193 = CARTESIAN_POINT('',(-9.261086816944,7.555251944198));
#194 = CARTESIAN_POINT('',(-9.314840971347,7.809464747578));
#195 = CARTESIAN_POINT('',(-9.39179533758,8.057593283262));
#196 = CARTESIAN_POINT('',(-9.489195421019,8.297945111842));
#197 = CARTESIAN_POINT('',(-9.69073783991,8.703980676766));
#198 = CARTESIAN_POINT('',(-9.787371815996,8.873587843803));
#199 = CARTESIAN_POINT('',(-9.892874521172,9.038001595716));
#200 = CARTESIAN_POINT('',(-10.00614367799,9.197149059237));
#201 = CARTESIAN_POINT('',(-10.12622495947,9.351091906886));
#202 = CARTESIAN_POINT('',(-10.25235103597,9.5));
#203 = ( GEOMETRIC_REPRESENTATION_CONTEXT(2) 
PARAMETRIC_REPRESENTATION_CONTEXT() REPRESENTATION_CONTEXT('2D SPACE',''
  ) );
#204 = PCURVE('',#205,#241);
#205 = ( BOUNDED_SURFACE() B_SPLINE_SURFACE(2,2,(
    (#206,#207,#208,#209,#210)
    ,(#211,#212,#213,#214,#215)
    ,(#216,#217,#218,#219,#220)
    ,(#221,#222,#223,#224,#225)
    ,(#226,#227,#228,#229,#230)
    ,(#231,#232,#233,#234,#235)
    ,(#236,#237,#238,#239,#240
)),.UNSPECIFIED.,.T.,.F.,.F.) B_SPLINE_SURFACE_WITH_KNOTS((1,2,2,2,2,1),
  (3,2,3),(-2.094395102393,0.,2.094395102393,4.188790204786,
    6.28318530718,8.377580409573),(-1.570796326795,0.,1.570796326795),
.UNSPECIFIED.) GEOMETRIC_REPRESENTATION_ITEM() RATIONAL_B_SPLINE_SURFACE
((
    (1.,0.707106781187,1.,0.707106781187,1.)
    ,(0.5,0.353553390593,0.5,0.353553390593,0.5)
    ,(1.,0.707106781187,1.,0.707106781187,1.)
    ,(0.5,0.353553390593,0.5,0.353553390593,0.5)
    ,(1.,0.707106781187,1.,0.707106781187,1.)
    ,(0.5,0.353553390593,0.5,0.353553390593,0.5)
,(1.,0.707106781187,1.,0.707106781187,1.
))) REPRESENTATION_ITEM('') SURFACE() );
#206 = CARTESIAN_POINT('',(60.,0.,220.));
#207 = CARTESIAN_POINT('',(79.,0.,220.));
#208 = CARTESIAN_POINT('',(79.,0.,228.5));
#209 = CARTESIAN_POINT('',(79.,0.,237.));
#210 = CARTESIAN_POINT('',(60.,0.,237.));
#211 = CARTESIAN_POINT('',(60.,2.757495620685E-15,220.));
#212 = CARTESIAN_POINT('',(79.,45.033320996791,220.));
#213 = CARTESIAN_POINT('',(79.,45.033320996791,228.5));
#214 = CARTESIAN_POINT('',(79.,45.033320996791,237.));
#215 = CARTESIAN_POINT('',(60.,2.757495620685E-15,237.));
#216 = CARTESIAN_POINT('',(60.,1.378747810342E-15,220.));
#217 = CARTESIAN_POINT('',(50.5,22.516660498395,220.));
#218 = CARTESIAN_POINT('',(50.5,22.516660498395,228.5));
#219 = CARTESIAN_POINT('',(50.5,22.516660498395,237.));
#220 = CARTESIAN_POINT('',(60.,1.378747810342E-15,237.));
#221 = CARTESIAN_POINT('',(60.,3.899375434921E-31,220.));
#222 = CARTESIAN_POINT('',(22.,6.368163355566E-15,220.));
#223 = CARTESIAN_POINT('',(22.,6.368163355566E-15,228.5));
#224 = CARTESIAN_POINT('',(22.,6.368163355566E-15,237.));
#225 = CARTESIAN_POINT('',(60.,3.899375434921E-31,237.));
#226 = CARTESIAN_POINT('',(60.,-1.378747810342E-15,220.));
#227 = CARTESIAN_POINT('',(50.5,-22.51666049839,220.));
#228 = CARTESIAN_POINT('',(50.5,-22.51666049839,228.5));
#229 = CARTESIAN_POINT('',(50.5,-22.51666049839,237.));
#230 = CARTESIAN_POINT('',(60.,-1.378747810342E-15,237.));
#231 = CARTESIAN_POINT('',(60.,-2.757495620685E-15,220.));
#232 = CARTESIAN_POINT('',(79.,-45.03332099679,220.));
#233 = CARTESIAN_POINT('',(79.,-45.03332099679,228.5));
#234 = CARTESIAN_POINT('',(79.,-45.03332099679,237.));
#235 = CARTESIAN_POINT('',(60.,-2.757495620685E-15,237.));
#236 = CARTESIAN_POINT('',(60.,0.,220.));
#237 = CARTESIAN_POINT('',(79.,0.,220.));
#238 = CARTESIAN_POINT('',(79.,0.,228.5));
#239 = CARTESIAN_POINT('',(79.,0.,237.));
#240 = CARTESIAN_POINT('',(60.,0.,237.));
#241 = DEFINITIONAL_REPRESENTATION('',(#242),#270);
#242 = B_SPLINE_CURVE_WITH_KNOTS('',6,(#243,#244,#245,#246,#247,#248,
    #249,#250,#251,#252,#253,#254,#255,#256,#257,#258,#259,#260,#261,
    #262,#263,#264,#265,#266,#267,#268,#269),.UNSPECIFIED.,.F.,.F.,(7,5,
    5,5,5,7),(0.,0.230479659948,0.518988834287,0.529910099127,
    0.797946450433,1.),.UNSPECIFIED.);
#243 = CARTESIAN_POINT('',(2.551795847247,0.339288321902));
#244 = CARTESIAN_POINT('',(2.556747562261,0.319009072812));
#245 = CARTESIAN_POINT('',(2.561380303974,0.297990886275));
#246 = CARTESIAN_POINT('',(2.565680218172,0.276176676317));
#247 = CARTESIAN_POINT('',(2.569624545559,0.253520131427));
#248 = CARTESIAN_POINT('',(2.573184445305,0.229985991142));
#249 = CARTESIAN_POINT('',(2.580262317853,0.174990085325));
#250 = CARTESIAN_POINT('',(2.583548091563,0.142993678403));
#251 = CARTESIAN_POINT('',(2.586109247949,0.109620066594));
#252 = CARTESIAN_POINT('',(2.587875437957,7.499261964853E-02));
#253 = CARTESIAN_POINT('',(2.588788865251,3.933034519903E-02));
#254 = CARTESIAN_POINT('',(2.588851630917,1.71390763583E-03));
#255 = CARTESIAN_POINT('',(2.588852698129,3.403404588968E-04));
#256 = CARTESIAN_POINT('',(2.588852543223,-1.033324024012E-03));
#257 = CARTESIAN_POINT('',(2.588851166194,-2.406193956229E-03));
#258 = CARTESIAN_POINT('',(2.588848567086,-3.777953777486E-03));
#259 = CARTESIAN_POINT('',(2.588750966227,-3.879458561529E-02));
#260 = CARTESIAN_POINT('',(2.587921057987,-7.192465380726E-02));
#261 = CARTESIAN_POINT('',(2.586356295446,-0.104181821098));
#262 = CARTESIAN_POINT('',(2.584100386496,-0.13537862713));
#263 = CARTESIAN_POINT('',(2.581208566901,-0.165404024808));
#264 = CARTESIAN_POINT('',(2.575128279453,-0.215918829556));
#265 = CARTESIAN_POINT('',(2.572186504296,-0.236949532864));
#266 = CARTESIAN_POINT('',(2.568938434856,-0.257298307583));
#267 = CARTESIAN_POINT('',(2.565405784826,-0.276983214749));
#268 = CARTESIAN_POINT('',(2.5616048342,-0.296032065064));
#269 = CARTESIAN_POINT('',(2.55754840411,-0.314481212681));
#270 = ( GEOMETRIC_REPRESENTATION_CONTEXT(2) 
PARAMETRIC_REPRESENTATION_CONTEXT() REPRESENTATION_CONTEXT('2D SPACE',''
  ) );
#271 = ORIENTED_EDGE('',*,*,#272,.F.);
#272 = EDGE_CURVE('',#273,#142,#275,.T.);
#273 = VERTEX_POINT('',#274);
#274 = CARTESIAN_POINT('',(50.379219183677,14.5,231.2));
#275 = SURFACE_CURVE('',#276,(#280,#287),.PCURVE_S1.);
#276 = LINE('',#277,#278);
#277 = CARTESIAN_POINT('',(-15.,14.5,231.2));
#278 = VECTOR('',#279,1.);
#279 = DIRECTION('',(-1.,0.,0.));
#280 = PCURVE('',#32,#281);
#281 = DEFINITIONAL_REPRESENTATION('',(#282),#286);
#282 = LINE('',#283,#284);
#283 = CARTESIAN_POINT('',(50.,4.3));
#284 = VECTOR('',#285,1.);
#285 = DIRECTION('',(1.,0.));
#286 = ( GEOMETRIC_REPRESENTATION_CONTEXT(2) 
PARAMETRIC_REPRESENTATION_CONTEXT() REPRESENTATION_CONTEXT('2D SPACE',''
  ) );
#287 = PCURVE('',#288,#293);
#288 = PLANE('',#289);
#289 = AXIS2_PLACEMENT_3D('',#290,#291,#292);
#290 = CARTESIAN_POINT('',(-60.,-60.,231.2));
#291 = DIRECTION('',(0.,0.,1.));
#292 = DIRECTION('',(1.,0.,0.));
#293 = DEFINITIONAL_REPRESENTATION('',(#294),#297);
#294 = B_SPLINE_CURVE_WITH_KNOTS('',1,(#295,#296),.UNSPECIFIED.,.F.,.F.,
  (2,2),(-67.,-56.98402847688),.PIECEWISE_BEZIER_KNOTS.);
#295 = CARTESIAN_POINT('',(112.,74.5));
#296 = CARTESIAN_POINT('',(101.98402847688,74.5));
#297 = ( GEOMETRIC_REPRESENTATION_CONTEXT(2) 
PARAMETRIC_REPRESENTATION_CONTEXT() REPRESENTATION_CONTEXT('2D SPACE',''
  ) );
#298 = ORIENTED_EDGE('',*,*,#299,.T.);
#299 = EDGE_CURVE('',#273,#300,#302,.T.);
#300 = VERTEX_POINT('',#301);
#301 = CARTESIAN_POINT('',(49.932192585023,14.5,226.));
#302 = SURFACE_CURVE('',#303,(#360,#420),.PCURVE_S1.);
#303 = B_SPLINE_CURVE_WITH_KNOTS('',7,(#304,#305,#306,#307,#308,#309,
    #310,#311,#312,#313,#314,#315,#316,#317,#318,#319,#320,#321,#322,
    #323,#324,#325,#326,#327,#328,#329,#330,#331,#332,#333,#334,#335,
    #336,#337,#338,#339,#340,#341,#342,#343,#344,#345,#346,#347,#348,
    #349,#350,#351,#352,#353,#354,#355,#356,#357,#358,#359),
  .UNSPECIFIED.,.F.,.F.,(8,6,6,6,6,6,6,6,6,8),(0.,0.174330661222,
    0.311505485562,0.418067607194,0.530863491804,0.540583723565,
    0.621304193672,0.682518943781,0.817856197664,1.),.UNSPECIFIED.);
#304 = CARTESIAN_POINT('',(50.379278081207,14.5,231.20002480541));
#305 = CARTESIAN_POINT('',(50.201570805956,14.5,231.12520259581));
#306 = CARTESIAN_POINT('',(50.025355252188,14.5,231.04697664839));
#307 = CARTESIAN_POINT('',(49.850804054996,14.5,230.96507426676));
#308 = CARTESIAN_POINT('',(49.678178511652,14.5,230.87918231634));
#309 = CARTESIAN_POINT('',(49.507828594404,14.5,230.78894612392));
#310 = CARTESIAN_POINT('',(49.340211877067,14.5,230.69393458159));
#311 = CARTESIAN_POINT('',(49.046664677284,14.5,230.51459914914));
#312 = CARTESIAN_POINT('',(48.919513466499,14.5,230.4323430934));
#313 = CARTESIAN_POINT('',(48.794733296315,14.5,230.34650616737));
#314 = CARTESIAN_POINT('',(48.672721544517,14.5,230.25677142763));
#315 = CARTESIAN_POINT('',(48.554015086697,14.5,230.16280399651));
#316 = CARTESIAN_POINT('',(48.439311669878,14.5,230.06422489286));
#317 = CARTESIAN_POINT('',(48.244221146389,14.5,229.88002386873));
#318 = CARTESIAN_POINT('',(48.161935215271,14.5,229.79646395351));
#319 = CARTESIAN_POINT('',(48.083057357988,14.5,229.7096398727));
#320 = CARTESIAN_POINT('',(48.008153049348,14.5,229.61935809413));
#321 = CARTESIAN_POINT('',(47.937947312627,14.5,229.52547419122));
#322 = CARTESIAN_POINT('',(47.873302725099,14.5,229.42790980792));
#323 = CARTESIAN_POINT('',(47.753659612383,14.5,229.21953070491));
#324 = CARTESIAN_POINT('',(47.699386036842,14.5,229.10817055682));
#325 = CARTESIAN_POINT('',(47.653675796962,14.5,228.99286273979));
#326 = CARTESIAN_POINT('',(47.617891896594,14.5,228.87410545334));
#327 = CARTESIAN_POINT('',(47.593288049342,14.5,228.75267488287));
#328 = CARTESIAN_POINT('',(47.580707856627,14.5,228.6297011196));
#329 = CARTESIAN_POINT('',(47.580091200391,14.5,228.49618523139));
#330 = CARTESIAN_POINT('',(47.580131471499,14.5,228.48559205613));
#331 = CARTESIAN_POINT('',(47.580260961818,14.5,228.47499910217));
#332 = CARTESIAN_POINT('',(47.580479656024,14.5,228.46440699638));
#333 = CARTESIAN_POINT('',(47.580787499888,14.5,228.45381653191));
#334 = CARTESIAN_POINT('',(47.581184400268,14.5,228.4432286682));
#335 = CARTESIAN_POINT('',(47.585704697881,14.5,228.34474986391));
#336 = CARTESIAN_POINT('',(47.595872478846,14.5,228.25708231235));
#337 = CARTESIAN_POINT('',(47.612099560467,14.5,228.17019039215));
#338 = CARTESIAN_POINT('',(47.634106492647,14.5,228.0845076626));
#339 = CARTESIAN_POINT('',(47.661488866275,14.5,228.00037079651));
#340 = CARTESIAN_POINT('',(47.693778983338,14.5,227.91803353592));
#341 = CARTESIAN_POINT('',(47.758327711151,14.5,227.77673742038));
#342 = CARTESIAN_POINT('',(47.788716325035,14.5,227.71692055854));
#343 = CARTESIAN_POINT('',(47.821454369631,14.5,227.65828118807));
#344 = CARTESIAN_POINT('',(47.856344919653,14.5,227.60084975009));
#345 = CARTESIAN_POINT('',(47.893200874507,14.5,227.54463550038));
#346 = CARTESIAN_POINT('',(47.931851522601,14.5,227.48963012346));
#347 = CARTESIAN_POINT('',(48.061241427706,14.5,227.3168255551));
#348 = CARTESIAN_POINT('',(48.158315720067,14.5,227.20372819746));
#349 = CARTESIAN_POINT('',(48.261831498198,14.5,227.09614635505));
#350 = CARTESIAN_POINT('',(48.370556774456,14.5,226.99371856589));
#351 = CARTESIAN_POINT('',(48.483537750866,14.5,226.89606854992));
#352 = CARTESIAN_POINT('',(48.60008768985,14.5,226.80279572601));
#353 = CARTESIAN_POINT('',(48.880903137249,14.5,226.5932802384));
#354 = CARTESIAN_POINT('',(49.047552886337,14.5,226.48038155535));
#355 = CARTESIAN_POINT('',(49.218556799981,14.5,226.37385845984));
#356 = CARTESIAN_POINT('',(49.393064332842,14.5,226.2730713788));
#357 = CARTESIAN_POINT('',(49.57043440253,14.5,226.17747123176));
#358 = CARTESIAN_POINT('',(49.750229844206,14.5,226.08658900999));
#359 = CARTESIAN_POINT('',(49.932192585023,14.5,226.));
#360 = PCURVE('',#32,#361);
#361 = DEFINITIONAL_REPRESENTATION('',(#362),#419);
#362 = B_SPLINE_CURVE_WITH_KNOTS('',7,(#363,#364,#365,#366,#367,#368,
    #369,#370,#371,#372,#373,#374,#375,#376,#377,#378,#379,#380,#381,
    #382,#383,#384,#385,#386,#387,#388,#389,#390,#391,#392,#393,#394,
    #395,#396,#397,#398,#399,#400,#401,#402,#403,#404,#405,#406,#407,
    #408,#409,#410,#411,#412,#413,#414,#415,#416,#417,#418),
  .UNSPECIFIED.,.F.,.F.,(8,6,6,6,6,6,6,6,6,8),(0.,0.174330661222,
    0.311505485562,0.418067607194,0.530863491804,0.540583723565,
    0.621304193672,0.682518943781,0.817856197664,1.),.UNSPECIFIED.);
#363 = CARTESIAN_POINT('',(-15.3792780812,4.299975194583));
#364 = CARTESIAN_POINT('',(-15.20157080595,4.374797404187));
#365 = CARTESIAN_POINT('',(-15.02535525218,4.45302335161));
#366 = CARTESIAN_POINT('',(-14.85080405499,4.534925733238));
#367 = CARTESIAN_POINT('',(-14.67817851165,4.620817683658));
#368 = CARTESIAN_POINT('',(-14.5078285944,4.711053876072));
#369 = CARTESIAN_POINT('',(-14.34021187706,4.806065418405));
#370 = CARTESIAN_POINT('',(-14.04666467728,4.985400850854));
#371 = CARTESIAN_POINT('',(-13.91951346649,5.067656906591));
#372 = CARTESIAN_POINT('',(-13.79473329631,5.153493832629));
#373 = CARTESIAN_POINT('',(-13.67272154451,5.243228572362));
#374 = CARTESIAN_POINT('',(-13.55401508669,5.337196003484));
#375 = CARTESIAN_POINT('',(-13.43931166987,5.435775107134));
#376 = CARTESIAN_POINT('',(-13.24422114638,5.619976131267));
#377 = CARTESIAN_POINT('',(-13.16193521527,5.703536046486));
#378 = CARTESIAN_POINT('',(-13.08305735798,5.790360127299));
#379 = CARTESIAN_POINT('',(-13.00815304934,5.880641905869));
#380 = CARTESIAN_POINT('',(-12.93794731262,5.974525808777));
#381 = CARTESIAN_POINT('',(-12.87330272509,6.072090192077));
#382 = CARTESIAN_POINT('',(-12.75365961238,6.280469295088));
#383 = CARTESIAN_POINT('',(-12.69938603684,6.391829443174));
#384 = CARTESIAN_POINT('',(-12.65367579696,6.507137260201));
#385 = CARTESIAN_POINT('',(-12.61789189659,6.625894546658));
#386 = CARTESIAN_POINT('',(-12.59328804934,6.747325117129));
#387 = CARTESIAN_POINT('',(-12.58070785662,6.870298880392));
#388 = CARTESIAN_POINT('',(-12.58009120039,7.003814768605));
#389 = CARTESIAN_POINT('',(-12.58013147149,7.014407943865));
#390 = CARTESIAN_POINT('',(-12.58026096181,7.025000897823));
#391 = CARTESIAN_POINT('',(-12.58047965602,7.035593003611));
#392 = CARTESIAN_POINT('',(-12.58078749988,7.046183468081));
#393 = CARTESIAN_POINT('',(-12.58118440026,7.056771331797));
#394 = CARTESIAN_POINT('',(-12.58570469788,7.155250136084));
#395 = CARTESIAN_POINT('',(-12.59587247884,7.242917687648));
#396 = CARTESIAN_POINT('',(-12.61209956046,7.329809607845));
#397 = CARTESIAN_POINT('',(-12.63410649264,7.415492337397));
#398 = CARTESIAN_POINT('',(-12.66148886627,7.499629203485));
#399 = CARTESIAN_POINT('',(-12.69377898333,7.581966464078));
#400 = CARTESIAN_POINT('',(-12.75832771115,7.723262579614));
#401 = CARTESIAN_POINT('',(-12.78871632503,7.783079441456));
#402 = CARTESIAN_POINT('',(-12.82145436963,7.841718811921));
#403 = CARTESIAN_POINT('',(-12.85634491965,7.89915024991));
#404 = CARTESIAN_POINT('',(-12.8932008745,7.955364499614));
#405 = CARTESIAN_POINT('',(-12.9318515226,8.010369876537));
#406 = CARTESIAN_POINT('',(-13.0612414277,8.183174444894));
#407 = CARTESIAN_POINT('',(-13.15831572006,8.296271802534));
#408 = CARTESIAN_POINT('',(-13.26183149819,8.403853644948));
#409 = CARTESIAN_POINT('',(-13.37055677445,8.506281434106));
#410 = CARTESIAN_POINT('',(-13.48353775086,8.603931450079));
#411 = CARTESIAN_POINT('',(-13.60008768985,8.697204273981));
#412 = CARTESIAN_POINT('',(-13.88090313724,8.906719761594));
#413 = CARTESIAN_POINT('',(-14.04755288633,9.019618444648));
#414 = CARTESIAN_POINT('',(-14.21855679998,9.126141540151));
#415 = CARTESIAN_POINT('',(-14.39306433284,9.226928621195));
#416 = CARTESIAN_POINT('',(-14.57043440253,9.322528768234));
#417 = CARTESIAN_POINT('',(-14.7502298442,9.413410990008));
#418 = CARTESIAN_POINT('',(-14.93219258502,9.5));
#419 = ( GEOMETRIC_REPRESENTATION_CONTEXT(2) 
PARAMETRIC_REPRESENTATION_CONTEXT() REPRESENTATION_CONTEXT('2D SPACE',''
  ) );
#420 = PCURVE('',#421,#457);
#421 = ( BOUNDED_SURFACE() B_SPLINE_SURFACE(2,2,(
    (#422,#423,#424,#425,#426)
    ,(#427,#428,#429,#430,#431)
    ,(#432,#433,#434,#435,#436)
    ,(#437,#438,#439,#440,#441)
    ,(#442,#443,#444,#445,#446)
    ,(#447,#448,#449,#450,#451)
    ,(#452,#453,#454,#455,#456
)),.UNSPECIFIED.,.T.,.F.,.F.) B_SPLINE_SURFACE_WITH_KNOTS((1,2,2,2,2,1),
  (3,2,3),(-2.094395102393,0.,2.094395102393,4.188790204786,
    6.28318530718,8.377580409573),(-1.570796326795,0.,1.570796326795),
.UNSPECIFIED.) GEOMETRIC_REPRESENTATION_ITEM() RATIONAL_B_SPLINE_SURFACE
((
    (1.,0.707106781187,1.,0.707106781187,1.)
    ,(0.5,0.353553390593,0.5,0.353553390593,0.5)
    ,(1.,0.707106781187,1.,0.707106781187,1.)
    ,(0.5,0.353553390593,0.5,0.353553390593,0.5)
    ,(1.,0.707106781187,1.,0.707106781187,1.)
    ,(0.5,0.353553390593,0.5,0.353553390593,0.5)
,(1.,0.707106781187,1.,0.707106781187,1.
))) REPRESENTATION_ITEM('') SURFACE() );
#422 = CARTESIAN_POINT('',(60.,0.,223.));
#423 = CARTESIAN_POINT('',(76.,0.,223.));
#424 = CARTESIAN_POINT('',(76.,0.,228.5));
#425 = CARTESIAN_POINT('',(76.,0.,234.));
#426 = CARTESIAN_POINT('',(60.,0.,234.));
#427 = CARTESIAN_POINT('',(60.,2.439323049067E-15,223.));
#428 = CARTESIAN_POINT('',(76.,39.837168574084,223.));
#429 = CARTESIAN_POINT('',(76.,39.837168574084,228.5));
#430 = CARTESIAN_POINT('',(76.,39.837168574084,234.));
#431 = CARTESIAN_POINT('',(60.,2.439323049067E-15,234.));
#432 = CARTESIAN_POINT('',(60.,1.219661524534E-15,223.));
#433 = CARTESIAN_POINT('',(52.,19.918584287042,223.));
#434 = CARTESIAN_POINT('',(52.,19.918584287042,228.5));
#435 = CARTESIAN_POINT('',(52.,19.918584287042,234.));
#436 = CARTESIAN_POINT('',(60.,1.219661524534E-15,234.));
#437 = CARTESIAN_POINT('',(60.,3.449447500122E-31,223.));
#438 = CARTESIAN_POINT('',(28.,5.633375276078E-15,223.));
#439 = CARTESIAN_POINT('',(28.,5.633375276078E-15,228.5));
#440 = CARTESIAN_POINT('',(28.,5.633375276078E-15,234.));
#441 = CARTESIAN_POINT('',(60.,3.449447500122E-31,234.));
#442 = CARTESIAN_POINT('',(60.,-1.219661524534E-15,223.));
#443 = CARTESIAN_POINT('',(52.,-19.91858428704,223.));
#444 = CARTESIAN_POINT('',(52.,-19.91858428704,228.5));
#445 = CARTESIAN_POINT('',(52.,-19.91858428704,234.));
#446 = CARTESIAN_POINT('',(60.,-1.219661524534E-15,234.));
#447 = CARTESIAN_POINT('',(60.,-2.439323049067E-15,223.));
#448 = CARTESIAN_POINT('',(76.,-39.83716857408,223.));
#449 = CARTESIAN_POINT('',(76.,-39.83716857408,228.5));
#450 = CARTESIAN_POINT('',(76.,-39.83716857408,234.));
#451 = CARTESIAN_POINT('',(60.,-2.439323049067E-15,234.));
#452 = CARTESIAN_POINT('',(60.,0.,223.));
#453 = CARTESIAN_POINT('',(76.,0.,223.));
#454 = CARTESIAN_POINT('',(76.,0.,228.5));
#455 = CARTESIAN_POINT('',(76.,0.,234.));
#456 = CARTESIAN_POINT('',(60.,0.,234.));
#457 = DEFINITIONAL_REPRESENTATION('',(#458),#515);
#458 = B_SPLINE_CURVE_WITH_KNOTS('',7,(#459,#460,#461,#462,#463,#464,
    #465,#466,#467,#468,#469,#470,#471,#472,#473,#474,#475,#476,#477,
    #478,#479,#480,#481,#482,#483,#484,#485,#486,#487,#488,#489,#490,
    #491,#492,#493,#494,#495,#496,#497,#498,#499,#500,#501,#502,#503,
    #504,#505,#506,#507,#508,#509,#510,#511,#512,#513,#514),
  .UNSPECIFIED.,.F.,.F.,(8,6,6,6,6,6,6,6,6,8),(0.,0.174330661222,
    0.311505485562,0.418067607194,0.530863491804,0.540583723565,
    0.621304193672,0.682518943781,0.817856197664,1.),.UNSPECIFIED.);
#459 = CARTESIAN_POINT('',(2.365036061829,0.525673100099));
#460 = CARTESIAN_POINT('',(2.374936088175,0.510591254713));
#461 = CARTESIAN_POINT('',(2.384504139921,0.494940502859));
#462 = CARTESIAN_POINT('',(2.393747298333,0.478671578003));
#463 = CARTESIAN_POINT('',(2.402668022508,0.461726677269));
#464 = CARTESIAN_POINT('',(2.411265029561,0.444038916649));
#465 = CARTESIAN_POINT('',(2.41953319431,0.425524453407));
#466 = CARTESIAN_POINT('',(2.433701742624,0.390757089141));
#467 = CARTESIAN_POINT('',(2.439728787414,0.37486896211));
#468 = CARTESIAN_POINT('',(2.445540703341,0.358343144143));
#469 = CARTESIAN_POINT('',(2.45112838616,0.341114377411));
#470 = CARTESIAN_POINT('',(2.456477570177,0.323111545844));
#471 = CARTESIAN_POINT('',(2.46156856226,0.304250718729));
#472 = CARTESIAN_POINT('',(2.470108213612,0.269017638578));
#473 = CARTESIAN_POINT('',(2.473667787156,0.25303777446));
#474 = CARTESIAN_POINT('',(2.477041997031,0.236427646511));
#475 = CARTESIAN_POINT('',(2.480212830333,0.219138543616));
#476 = CARTESIAN_POINT('',(2.483156586768,0.201127030826));
#477 = CARTESIAN_POINT('',(2.485844845567,0.18235703633));
#478 = CARTESIAN_POINT('',(2.490786515759,0.142107931943));
#479 = CARTESIAN_POINT('',(2.493007814503,0.120514515908));
#480 = CARTESIAN_POINT('',(2.494863810092,9.804183008299E-02));
#481 = CARTESIAN_POINT('',(2.496308223231,7.474730393475E-02));
#482 = CARTESIAN_POINT('',(2.497298185434,5.073510264599E-02));
#483 = CARTESIAN_POINT('',(2.497804386495,2.618005273839E-02));
#484 = CARTESIAN_POINT('',(2.497829197886,-7.696491614283E-04));
#485 = CARTESIAN_POINT('',(2.497827577551,-2.908549279366E-03));
#486 = CARTESIAN_POINT('',(2.497822367518,-5.04611483057E-03));
#487 = CARTESIAN_POINT('',(2.497813568259,-7.181034910071E-03));
#488 = CARTESIAN_POINT('',(2.497801181592,-9.312776358271E-03));
#489 = CARTESIAN_POINT('',(2.497785210677,-1.144158376094E-02));
#490 = CARTESIAN_POINT('',(2.497603303934,-3.12310233112E-02));
#491 = CARTESIAN_POINT('',(2.497194041775,-4.871790053648E-02));
#492 = CARTESIAN_POINT('',(2.496540406509,-6.593289646474E-02));
#493 = CARTESIAN_POINT('',(2.49565208178,-8.280687794298E-02));
#494 = CARTESIAN_POINT('',(2.494542951697,-9.92907564529E-02));
#495 = CARTESIAN_POINT('',(2.493228997808,-0.115350746193));
#496 = CARTESIAN_POINT('',(2.490588028884,-0.1428077558));
#497 = CARTESIAN_POINT('',(2.48934057374,-0.154396992337));
#498 = CARTESIAN_POINT('',(2.487991471208,-0.165729063901));
#499 = CARTESIAN_POINT('',(2.486547380135,-0.17680360018));
#500 = CARTESIAN_POINT('',(2.485014587728,-0.187623707557));
#501 = CARTESIAN_POINT('',(2.483398772468,-0.198195253304));
#502 = CARTESIAN_POINT('',(2.477959557835,-0.231366317448));
#503 = CARTESIAN_POINT('',(2.473835010701,-0.25301328722));
#504 = CARTESIAN_POINT('',(2.469380937595,-0.273578351074));
#505 = CARTESIAN_POINT('',(2.464636233012,-0.293156518571));
#506 = CARTESIAN_POINT('',(2.459630474321,-0.31183673305));
#507 = CARTESIAN_POINT('',(2.454383652034,-0.329707216888));
#508 = CARTESIAN_POINT('',(2.441529274276,-0.369935582831));
#509 = CARTESIAN_POINT('',(2.433740966396,-0.391682672293));
#510 = CARTESIAN_POINT('',(2.425568337765,-0.412294231724));
#511 = CARTESIAN_POINT('',(2.417029339489,-0.43190053514));
#512 = CARTESIAN_POINT('',(2.408134949063,-0.450609918248));
#513 = CARTESIAN_POINT('',(2.398888095643,-0.468512274991));
#514 = CARTESIAN_POINT('',(2.38928267523,-0.485687801706));
#515 = ( GEOMETRIC_REPRESENTATION_CONTEXT(2) 
PARAMETRIC_REPRESENTATION_CONTEXT() REPRESENTATION_CONTEXT('2D SPACE',''
  ) );
#516 = ORIENTED_EDGE('',*,*,#517,.T.);
#517 = EDGE_CURVE('',#300,#518,#520,.T.);
#518 = VERTEX_POINT('',#519);
#519 = CARTESIAN_POINT('',(52.,14.5,226.));
#520 = SURFACE_CURVE('',#521,(#525,#532),.PCURVE_S1.);
#521 = LINE('',#522,#523);
#522 = CARTESIAN_POINT('',(30.,14.5,226.));
#523 = VECTOR('',#524,1.);
#524 = DIRECTION('',(1.,0.,0.));
#525 = PCURVE('',#32,#526);
#526 = DEFINITIONAL_REPRESENTATION('',(#527),#531);
#527 = LINE('',#528,#529);
#528 = CARTESIAN_POINT('',(5.,9.5));
#529 = VECTOR('',#530,1.);
#530 = DIRECTION('',(-1.,0.));
#531 = ( GEOMETRIC_REPRESENTATION_CONTEXT(2) 
PARAMETRIC_REPRESENTATION_CONTEXT() REPRESENTATION_CONTEXT('2D SPACE',''
  ) );
#532 = PCURVE('',#533,#538);
#533 = PLANE('',#534);
#534 = AXIS2_PLACEMENT_3D('',#535,#536,#537);
#535 = CARTESIAN_POINT('',(30.,11.5,226.));
#536 = DIRECTION('',(0.,0.,1.));
#537 = DIRECTION('',(1.,0.,0.));
#538 = DEFINITIONAL_REPRESENTATION('',(#539),#543);
#539 = LINE('',#540,#541);
#540 = CARTESIAN_POINT('',(0.,3.));
#541 = VECTOR('',#542,1.);
#542 = DIRECTION('',(1.,0.));
#543 = ( GEOMETRIC_REPRESENTATION_CONTEXT(2) 
PARAMETRIC_REPRESENTATION_CONTEXT() REPRESENTATION_CONTEXT('2D SPACE',''
  ) );
#544 = ORIENTED_EDGE('',*,*,#545,.T.);
#545 = EDGE_CURVE('',#518,#546,#548,.T.);
#546 = VERTEX_POINT('',#547);
#547 = CARTESIAN_POINT('',(52.,14.5,236.));
#548 = SURFACE_CURVE('',#549,(#553,#560),.PCURVE_S1.);
#549 = LINE('',#550,#551);
#550 = CARTESIAN_POINT('',(52.,14.5,226.));
#551 = VECTOR('',#552,1.);
#552 = DIRECTION('',(0.,0.,1.));
#553 = PCURVE('',#32,#554);
#554 = DEFINITIONAL_REPRESENTATION('',(#555),#559);
#555 = LINE('',#556,#557);
#556 = CARTESIAN_POINT('',(-17.,9.5));
#557 = VECTOR('',#558,1.);
#558 = DIRECTION('',(0.,-1.));
#559 = ( GEOMETRIC_REPRESENTATION_CONTEXT(2) 
PARAMETRIC_REPRESENTATION_CONTEXT() REPRESENTATION_CONTEXT('2D SPACE',''
  ) );
#560 = PCURVE('',#561,#566);
#561 = PLANE('',#562);
#562 = AXIS2_PLACEMENT_3D('',#563,#564,#565);
#563 = CARTESIAN_POINT('',(52.,11.5,226.));
#564 = DIRECTION('',(1.,0.,0.));
#565 = DIRECTION('',(0.,0.,1.));
#566 = DEFINITIONAL_REPRESENTATION('',(#567),#571);
#567 = LINE('',#568,#569);
#568 = CARTESIAN_POINT('',(0.,-3.));
#569 = VECTOR('',#570,1.);
#570 = DIRECTION('',(1.,0.));
#571 = ( GEOMETRIC_REPRESENTATION_CONTEXT(2) 
PARAMETRIC_REPRESENTATION_CONTEXT() REPRESENTATION_CONTEXT('2D SPACE',''
  ) );
#572 = ORIENTED_EDGE('',*,*,#573,.F.);
#573 = EDGE_CURVE('',#574,#546,#576,.T.);
#574 = VERTEX_POINT('',#575);
#575 = CARTESIAN_POINT('',(31.007999199359,14.5,236.));
#576 = SURFACE_CURVE('',#577,(#581,#588),.PCURVE_S1.);
#577 = LINE('',#578,#579);
#578 = CARTESIAN_POINT('',(30.,14.5,236.));
#579 = VECTOR('',#580,1.);
#580 = DIRECTION('',(1.,0.,0.));
#581 = PCURVE('',#32,#582);
#582 = DEFINITIONAL_REPRESENTATION('',(#583),#587);
#583 = LINE('',#584,#585);
#584 = CARTESIAN_POINT('',(5.,-0.5));
#585 = VECTOR('',#586,1.);
#586 = DIRECTION('',(-1.,0.));
#587 = ( GEOMETRIC_REPRESENTATION_CONTEXT(2) 
PARAMETRIC_REPRESENTATION_CONTEXT() REPRESENTATION_CONTEXT('2D SPACE',''
  ) );
#588 = PCURVE('',#589,#594);
#589 = PLANE('',#590);
#590 = AXIS2_PLACEMENT_3D('',#591,#592,#593);
#591 = CARTESIAN_POINT('',(30.,11.5,236.));
#592 = DIRECTION('',(0.,0.,1.));
#593 = DIRECTION('',(1.,0.,0.));
#594 = DEFINITIONAL_REPRESENTATION('',(#595),#599);
#595 = LINE('',#596,#597);
#596 = CARTESIAN_POINT('',(0.,3.));
#597 = VECTOR('',#598,1.);
#598 = DIRECTION('',(1.,0.));
#599 = ( GEOMETRIC_REPRESENTATION_CONTEXT(2) 
PARAMETRIC_REPRESENTATION_CONTEXT() REPRESENTATION_CONTEXT('2D SPACE',''
  ) );
#600 = ORIENTED_EDGE('',*,*,#601,.T.);
#601 = EDGE_CURVE('',#574,#602,#604,.T.);
#602 = VERTEX_POINT('',#603);
#603 = CARTESIAN_POINT('',(35.,14.5,241.99));
#604 = SURFACE_CURVE('',#605,(#610,#617),.PCURVE_S1.);
#605 = CIRCLE('',#606,6.49);
#606 = AXIS2_PLACEMENT_3D('',#607,#608,#609);
#607 = CARTESIAN_POINT('',(28.51,14.5,241.99));
#608 = DIRECTION('',(-0.,-1.,-0.));
#609 = DIRECTION('',(-1.,0.,0.));
#610 = PCURVE('',#32,#611);
#611 = DEFINITIONAL_REPRESENTATION('',(#612),#616);
#612 = CIRCLE('',#613,6.49);
#613 = AXIS2_PLACEMENT_2D('',#614,#615);
#614 = CARTESIAN_POINT('',(6.49,-6.49));
#615 = DIRECTION('',(1.,0.));
#616 = ( GEOMETRIC_REPRESENTATION_CONTEXT(2) 
PARAMETRIC_REPRESENTATION_CONTEXT() REPRESENTATION_CONTEXT('2D SPACE',''
  ) );
#617 = PCURVE('',#618,#623);
#618 = CYLINDRICAL_SURFACE('',#619,6.49);
#619 = AXIS2_PLACEMENT_3D('',#620,#621,#622);
#620 = CARTESIAN_POINT('',(28.51,14.5,241.99));
#621 = DIRECTION('',(0.,-1.,0.));
#622 = DIRECTION('',(0.,0.,-1.));
#623 = DEFINITIONAL_REPRESENTATION('',(#624),#628);
#624 = LINE('',#625,#626);
#625 = CARTESIAN_POINT('',(-1.570796326795,0.));
#626 = VECTOR('',#627,1.);
#627 = DIRECTION('',(1.,0.));
#628 = ( GEOMETRIC_REPRESENTATION_CONTEXT(2) 
PARAMETRIC_REPRESENTATION_CONTEXT() REPRESENTATION_CONTEXT('2D SPACE',''
  ) );
#629 = ORIENTED_EDGE('',*,*,#630,.T.);
#630 = EDGE_CURVE('',#602,#631,#633,.T.);
#631 = VERTEX_POINT('',#632);
#632 = CARTESIAN_POINT('',(35.,14.5,242.01));
#633 = SURFACE_CURVE('',#634,(#638,#645),.PCURVE_S1.);
#634 = LINE('',#635,#636);
#635 = CARTESIAN_POINT('',(35.,14.5,235.5));
#636 = VECTOR('',#637,1.);
#637 = DIRECTION('',(0.,0.,1.));
#638 = PCURVE('',#32,#639);
#639 = DEFINITIONAL_REPRESENTATION('',(#640),#644);
#640 = LINE('',#641,#642);
#641 = CARTESIAN_POINT('',(0.,0.));
#642 = VECTOR('',#643,1.);
#643 = DIRECTION('',(0.,-1.));
#644 = ( GEOMETRIC_REPRESENTATION_CONTEXT(2) 
PARAMETRIC_REPRESENTATION_CONTEXT() REPRESENTATION_CONTEXT('2D SPACE',''
  ) );
#645 = PCURVE('',#646,#651);
#646 = PLANE('',#647);
#647 = AXIS2_PLACEMENT_3D('',#648,#649,#650);
#648 = CARTESIAN_POINT('',(35.,14.5,235.5));
#649 = DIRECTION('',(-1.,0.,0.));
#650 = DIRECTION('',(0.,-1.,0.));
#651 = DEFINITIONAL_REPRESENTATION('',(#652),#656);
#652 = LINE('',#653,#654);
#653 = CARTESIAN_POINT('',(0.,0.));
#654 = VECTOR('',#655,1.);
#655 = DIRECTION('',(0.,1.));
#656 = ( GEOMETRIC_REPRESENTATION_CONTEXT(2) 
PARAMETRIC_REPRESENTATION_CONTEXT() REPRESENTATION_CONTEXT('2D SPACE',''
  ) );
#657 = ORIENTED_EDGE('',*,*,#658,.F.);
#658 = EDGE_CURVE('',#659,#631,#661,.T.);
#659 = VERTEX_POINT('',#660);
#660 = CARTESIAN_POINT('',(28.51,14.5,248.5));
#661 = SURFACE_CURVE('',#662,(#667,#678),.PCURVE_S1.);
#662 = CIRCLE('',#663,6.49);
#663 = AXIS2_PLACEMENT_3D('',#664,#665,#666);
#664 = CARTESIAN_POINT('',(28.51,14.5,242.01));
#665 = DIRECTION('',(0.,1.,-0.));
#666 = DIRECTION('',(-1.,0.,0.));
#667 = PCURVE('',#32,#668);
#668 = DEFINITIONAL_REPRESENTATION('',(#669),#677);
#669 = ( BOUNDED_CURVE() B_SPLINE_CURVE(2,(#670,#671,#672,#673,#674,#675
,#676),.UNSPECIFIED.,.T.,.F.) B_SPLINE_CURVE_WITH_KNOTS((1,2,2,2,2,1),(
    -2.094395102393,0.,2.094395102393,4.188790204786,6.28318530718,
8.377580409573),.UNSPECIFIED.) CURVE() GEOMETRIC_REPRESENTATION_ITEM() 
RATIONAL_B_SPLINE_CURVE((1.,0.5,1.,0.5,1.,0.5,1.)) REPRESENTATION_ITEM(
  '') );
#670 = CARTESIAN_POINT('',(12.98,-6.51));
#671 = CARTESIAN_POINT('',(12.98,-17.75100974112));
#672 = CARTESIAN_POINT('',(3.245,-12.13050487056));
#673 = CARTESIAN_POINT('',(-6.49,-6.51));
#674 = CARTESIAN_POINT('',(3.245,-0.889495129439));
#675 = CARTESIAN_POINT('',(12.98,4.731009741122));
#676 = CARTESIAN_POINT('',(12.98,-6.51));
#677 = ( GEOMETRIC_REPRESENTATION_CONTEXT(2) 
PARAMETRIC_REPRESENTATION_CONTEXT() REPRESENTATION_CONTEXT('2D SPACE',''
  ) );
#678 = PCURVE('',#679,#684);
#679 = CYLINDRICAL_SURFACE('',#680,6.49);
#680 = AXIS2_PLACEMENT_3D('',#681,#682,#683);
#681 = CARTESIAN_POINT('',(28.51,14.5,242.01));
#682 = DIRECTION('',(0.,-1.,0.));
#683 = DIRECTION('',(0.,0.,1.));
#684 = DEFINITIONAL_REPRESENTATION('',(#685),#689);
#685 = LINE('',#686,#687);
#686 = CARTESIAN_POINT('',(1.570796326795,-0.));
#687 = VECTOR('',#688,1.);
#688 = DIRECTION('',(-1.,0.));
#689 = ( GEOMETRIC_REPRESENTATION_CONTEXT(2) 
PARAMETRIC_REPRESENTATION_CONTEXT() REPRESENTATION_CONTEXT('2D SPACE',''
  ) );
#690 = ORIENTED_EDGE('',*,*,#691,.T.);
#691 = EDGE_CURVE('',#659,#692,#694,.T.);
#692 = VERTEX_POINT('',#693);
#693 = CARTESIAN_POINT('',(26.979795897113,14.5,248.5));
#694 = SURFACE_CURVE('',#695,(#699,#706),.PCURVE_S1.);
#695 = LINE('',#696,#697);
#696 = CARTESIAN_POINT('',(35.,14.5,248.5));
#697 = VECTOR('',#698,1.);
#698 = DIRECTION('',(-1.,0.,0.));
#699 = PCURVE('',#32,#700);
#700 = DEFINITIONAL_REPRESENTATION('',(#701),#705);
#701 = LINE('',#702,#703);
#702 = CARTESIAN_POINT('',(0.,-13.));
#703 = VECTOR('',#704,1.);
#704 = DIRECTION('',(1.,0.));
#705 = ( GEOMETRIC_REPRESENTATION_CONTEXT(2) 
PARAMETRIC_REPRESENTATION_CONTEXT() REPRESENTATION_CONTEXT('2D SPACE',''
  ) );
#706 = PCURVE('',#707,#712);
#707 = PLANE('',#708);
#708 = AXIS2_PLACEMENT_3D('',#709,#710,#711);
#709 = CARTESIAN_POINT('',(35.,14.5,248.5));
#710 = DIRECTION('',(0.,0.,1.));
#711 = DIRECTION('',(-1.,0.,0.));
#712 = DEFINITIONAL_REPRESENTATION('',(#713),#717);
#713 = LINE('',#714,#715);
#714 = CARTESIAN_POINT('',(0.,0.));
#715 = VECTOR('',#716,1.);
#716 = DIRECTION('',(1.,0.));
#717 = ( GEOMETRIC_REPRESENTATION_CONTEXT(2) 
PARAMETRIC_REPRESENTATION_CONTEXT() REPRESENTATION_CONTEXT('2D SPACE',''
  ) );
#718 = ORIENTED_EDGE('',*,*,#719,.F.);
#719 = EDGE_CURVE('',#720,#692,#722,.T.);
#720 = VERTEX_POINT('',#721);
#721 = CARTESIAN_POINT('',(25.020204102887,14.5,248.5));
#722 = SURFACE_CURVE('',#723,(#728,#735),.PCURVE_S1.);
#723 = CIRCLE('',#724,1.1);
#724 = AXIS2_PLACEMENT_3D('',#725,#726,#727);
#725 = CARTESIAN_POINT('',(26.,14.5,248.));
#726 = DIRECTION('',(0.,-1.,0.));
#727 = DIRECTION('',(0.,0.,1.));
#728 = PCURVE('',#32,#729);
#729 = DEFINITIONAL_REPRESENTATION('',(#730),#734);
#730 = CIRCLE('',#731,1.1);
#731 = AXIS2_PLACEMENT_2D('',#732,#733);
#732 = CARTESIAN_POINT('',(9.,-12.5));
#733 = DIRECTION('',(0.,-1.));
#734 = ( GEOMETRIC_REPRESENTATION_CONTEXT(2) 
PARAMETRIC_REPRESENTATION_CONTEXT() REPRESENTATION_CONTEXT('2D SPACE',''
  ) );
#735 = PCURVE('',#736,#741);
#736 = CYLINDRICAL_SURFACE('',#737,1.1);
#737 = AXIS2_PLACEMENT_3D('',#738,#739,#740);
#738 = CARTESIAN_POINT('',(26.,14.5,248.));
#739 = DIRECTION('',(0.,1.,-0.));
#740 = DIRECTION('',(0.,0.,1.));
#741 = DEFINITIONAL_REPRESENTATION('',(#742),#746);
#742 = LINE('',#743,#744);
#743 = CARTESIAN_POINT('',(-0.,0.));
#744 = VECTOR('',#745,1.);
#745 = DIRECTION('',(-1.,0.));
#746 = ( GEOMETRIC_REPRESENTATION_CONTEXT(2) 
PARAMETRIC_REPRESENTATION_CONTEXT() REPRESENTATION_CONTEXT('2D SPACE',''
  ) );
#747 = ORIENTED_EDGE('',*,*,#748,.T.);
#748 = EDGE_CURVE('',#720,#749,#751,.T.);
#749 = VERTEX_POINT('',#750);
#750 = CARTESIAN_POINT('',(23.49,14.5,248.5));
#751 = SURFACE_CURVE('',#752,(#756,#763),.PCURVE_S1.);
#752 = LINE('',#753,#754);
#753 = CARTESIAN_POINT('',(35.,14.5,248.5));
#754 = VECTOR('',#755,1.);
#755 = DIRECTION('',(-1.,0.,0.));
#756 = PCURVE('',#32,#757);
#757 = DEFINITIONAL_REPRESENTATION('',(#758),#762);
#758 = LINE('',#759,#760);
#759 = CARTESIAN_POINT('',(0.,-13.));
#760 = VECTOR('',#761,1.);
#761 = DIRECTION('',(1.,0.));
#762 = ( GEOMETRIC_REPRESENTATION_CONTEXT(2) 
PARAMETRIC_REPRESENTATION_CONTEXT() REPRESENTATION_CONTEXT('2D SPACE',''
  ) );
#763 = PCURVE('',#764,#769);
#764 = PLANE('',#765);
#765 = AXIS2_PLACEMENT_3D('',#766,#767,#768);
#766 = CARTESIAN_POINT('',(35.,14.5,248.5));
#767 = DIRECTION('',(0.,0.,1.));
#768 = DIRECTION('',(-1.,0.,0.));
#769 = DEFINITIONAL_REPRESENTATION('',(#770),#774);
#770 = LINE('',#771,#772);
#771 = CARTESIAN_POINT('',(0.,0.));
#772 = VECTOR('',#773,1.);
#773 = DIRECTION('',(1.,0.));
#774 = ( GEOMETRIC_REPRESENTATION_CONTEXT(2) 
PARAMETRIC_REPRESENTATION_CONTEXT() REPRESENTATION_CONTEXT('2D SPACE',''
  ) );
#775 = ORIENTED_EDGE('',*,*,#776,.T.);
#776 = EDGE_CURVE('',#749,#777,#779,.T.);
#777 = VERTEX_POINT('',#778);
#778 = CARTESIAN_POINT('',(17.,14.5,242.01));
#779 = SURFACE_CURVE('',#780,(#785,#792),.PCURVE_S1.);
#780 = CIRCLE('',#781,6.49);
#781 = AXIS2_PLACEMENT_3D('',#782,#783,#784);
#782 = CARTESIAN_POINT('',(23.49,14.5,242.01));
#783 = DIRECTION('',(-0.,-1.,-0.));
#784 = DIRECTION('',(-1.,0.,0.));
#785 = PCURVE('',#32,#786);
#786 = DEFINITIONAL_REPRESENTATION('',(#787),#791);
#787 = CIRCLE('',#788,6.49);
#788 = AXIS2_PLACEMENT_2D('',#789,#790);
#789 = CARTESIAN_POINT('',(11.51,-6.51));
#790 = DIRECTION('',(1.,0.));
#791 = ( GEOMETRIC_REPRESENTATION_CONTEXT(2) 
PARAMETRIC_REPRESENTATION_CONTEXT() REPRESENTATION_CONTEXT('2D SPACE',''
  ) );
#792 = PCURVE('',#793,#798);
#793 = CYLINDRICAL_SURFACE('',#794,6.49);
#794 = AXIS2_PLACEMENT_3D('',#795,#796,#797);
#795 = CARTESIAN_POINT('',(23.49,14.5,242.01));
#796 = DIRECTION('',(0.,-1.,0.));
#797 = DIRECTION('',(0.,0.,1.));
#798 = DEFINITIONAL_REPRESENTATION('',(#799),#803);
#799 = LINE('',#800,#801);
#800 = CARTESIAN_POINT('',(-4.712388980385,0.));
#801 = VECTOR('',#802,1.);
#802 = DIRECTION('',(1.,0.));
#803 = ( GEOMETRIC_REPRESENTATION_CONTEXT(2) 
PARAMETRIC_REPRESENTATION_CONTEXT() REPRESENTATION_CONTEXT('2D SPACE',''
  ) );
#804 = ORIENTED_EDGE('',*,*,#805,.F.);
#805 = EDGE_CURVE('',#806,#777,#808,.T.);
#806 = VERTEX_POINT('',#807);
#807 = CARTESIAN_POINT('',(17.,14.5,241.99));
#808 = SURFACE_CURVE('',#809,(#813,#820),.PCURVE_S1.);
#809 = LINE('',#810,#811);
#810 = CARTESIAN_POINT('',(17.,14.5,235.5));
#811 = VECTOR('',#812,1.);
#812 = DIRECTION('',(0.,0.,1.));
#813 = PCURVE('',#32,#814);
#814 = DEFINITIONAL_REPRESENTATION('',(#815),#819);
#815 = LINE('',#816,#817);
#816 = CARTESIAN_POINT('',(18.,0.));
#817 = VECTOR('',#818,1.);
#818 = DIRECTION('',(0.,-1.));
#819 = ( GEOMETRIC_REPRESENTATION_CONTEXT(2) 
PARAMETRIC_REPRESENTATION_CONTEXT() REPRESENTATION_CONTEXT('2D SPACE',''
  ) );
#820 = PCURVE('',#821,#826);
#821 = PLANE('',#822);
#822 = AXIS2_PLACEMENT_3D('',#823,#824,#825);
#823 = CARTESIAN_POINT('',(17.,14.5,235.5));
#824 = DIRECTION('',(-1.,0.,0.));
#825 = DIRECTION('',(0.,-1.,0.));
#826 = DEFINITIONAL_REPRESENTATION('',(#827),#831);
#827 = LINE('',#828,#829);
#828 = CARTESIAN_POINT('',(0.,0.));
#829 = VECTOR('',#830,1.);
#830 = DIRECTION('',(0.,1.));
#831 = ( GEOMETRIC_REPRESENTATION_CONTEXT(2) 
PARAMETRIC_REPRESENTATION_CONTEXT() REPRESENTATION_CONTEXT('2D SPACE',''
  ) );
#832 = ORIENTED_EDGE('',*,*,#833,.F.);
#833 = EDGE_CURVE('',#834,#806,#836,.T.);
#834 = VERTEX_POINT('',#835);
#835 = CARTESIAN_POINT('',(23.49,14.5,235.5));
#836 = SURFACE_CURVE('',#837,(#842,#853),.PCURVE_S1.);
#837 = CIRCLE('',#838,6.49);
#838 = AXIS2_PLACEMENT_3D('',#839,#840,#841);
#839 = CARTESIAN_POINT('',(23.49,14.5,241.99));
#840 = DIRECTION('',(0.,1.,-0.));
#841 = DIRECTION('',(-1.,0.,0.));
#842 = PCURVE('',#32,#843);
#843 = DEFINITIONAL_REPRESENTATION('',(#844),#852);
#844 = ( BOUNDED_CURVE() B_SPLINE_CURVE(2,(#845,#846,#847,#848,#849,#850
,#851),.UNSPECIFIED.,.T.,.F.) B_SPLINE_CURVE_WITH_KNOTS((1,2,2,2,2,1),(
    -2.094395102393,0.,2.094395102393,4.188790204786,6.28318530718,
8.377580409573),.UNSPECIFIED.) CURVE() GEOMETRIC_REPRESENTATION_ITEM() 
RATIONAL_B_SPLINE_CURVE((1.,0.5,1.,0.5,1.,0.5,1.)) REPRESENTATION_ITEM(
  '') );
#845 = CARTESIAN_POINT('',(18.,-6.49));
#846 = CARTESIAN_POINT('',(18.,-17.73100974112));
#847 = CARTESIAN_POINT('',(8.265,-12.11050487056));
#848 = CARTESIAN_POINT('',(-1.47,-6.49));
#849 = CARTESIAN_POINT('',(8.265,-0.869495129439));
#850 = CARTESIAN_POINT('',(18.,4.751009741122));
#851 = CARTESIAN_POINT('',(18.,-6.49));
#852 = ( GEOMETRIC_REPRESENTATION_CONTEXT(2) 
PARAMETRIC_REPRESENTATION_CONTEXT() REPRESENTATION_CONTEXT('2D SPACE',''
  ) );
#853 = PCURVE('',#854,#859);
#854 = CYLINDRICAL_SURFACE('',#855,6.49);
#855 = AXIS2_PLACEMENT_3D('',#856,#857,#858);
#856 = CARTESIAN_POINT('',(23.49,14.5,241.99));
#857 = DIRECTION('',(0.,-1.,0.));
#858 = DIRECTION('',(0.,0.,-1.));
#859 = DEFINITIONAL_REPRESENTATION('',(#860),#864);
#860 = LINE('',#861,#862);
#861 = CARTESIAN_POINT('',(4.712388980385,-0.));
#862 = VECTOR('',#863,1.);
#863 = DIRECTION('',(-1.,0.));
#864 = ( GEOMETRIC_REPRESENTATION_CONTEXT(2) 
PARAMETRIC_REPRESENTATION_CONTEXT() REPRESENTATION_CONTEXT('2D SPACE',''
  ) );
#865 = ORIENTED_EDGE('',*,*,#866,.F.);
#866 = EDGE_CURVE('',#867,#834,#869,.T.);
#867 = VERTEX_POINT('',#868);
#868 = CARTESIAN_POINT('',(25.020204102887,14.5,235.5));
#869 = SURFACE_CURVE('',#870,(#874,#881),.PCURVE_S1.);
#870 = LINE('',#871,#872);
#871 = CARTESIAN_POINT('',(35.,14.5,235.5));
#872 = VECTOR('',#873,1.);
#873 = DIRECTION('',(-1.,0.,0.));
#874 = PCURVE('',#32,#875);
#875 = DEFINITIONAL_REPRESENTATION('',(#876),#880);
#876 = LINE('',#877,#878);
#877 = CARTESIAN_POINT('',(0.,0.));
#878 = VECTOR('',#879,1.);
#879 = DIRECTION('',(1.,0.));
#880 = ( GEOMETRIC_REPRESENTATION_CONTEXT(2) 
PARAMETRIC_REPRESENTATION_CONTEXT() REPRESENTATION_CONTEXT('2D SPACE',''
  ) );
#881 = PCURVE('',#882,#887);
#882 = PLANE('',#883);
#883 = AXIS2_PLACEMENT_3D('',#884,#885,#886);
#884 = CARTESIAN_POINT('',(35.,14.5,235.5));
#885 = DIRECTION('',(0.,0.,1.));
#886 = DIRECTION('',(-1.,0.,0.));
#887 = DEFINITIONAL_REPRESENTATION('',(#888),#892);
#888 = LINE('',#889,#890);
#889 = CARTESIAN_POINT('',(0.,0.));
#890 = VECTOR('',#891,1.);
#891 = DIRECTION('',(1.,0.));
#892 = ( GEOMETRIC_REPRESENTATION_CONTEXT(2) 
PARAMETRIC_REPRESENTATION_CONTEXT() REPRESENTATION_CONTEXT('2D SPACE',''
  ) );
#893 = ORIENTED_EDGE('',*,*,#894,.F.);
#894 = EDGE_CURVE('',#24,#867,#895,.T.);
#895 = SURFACE_CURVE('',#896,(#901,#908),.PCURVE_S1.);
#896 = CIRCLE('',#897,1.1);
#897 = AXIS2_PLACEMENT_3D('',#898,#899,#900);
#898 = CARTESIAN_POINT('',(26.,14.5,236.));
#899 = DIRECTION('',(0.,-1.,0.));
#900 = DIRECTION('',(0.89072354283,-0.,-0.454545454545));
#901 = PCURVE('',#32,#902);
#902 = DEFINITIONAL_REPRESENTATION('',(#903),#907);
#903 = CIRCLE('',#904,1.1);
#904 = AXIS2_PLACEMENT_2D('',#905,#906);
#905 = CARTESIAN_POINT('',(9.,-0.5));
#906 = DIRECTION('',(-0.89072354283,0.454545454545));
#907 = ( GEOMETRIC_REPRESENTATION_CONTEXT(2) 
PARAMETRIC_REPRESENTATION_CONTEXT() REPRESENTATION_CONTEXT('2D SPACE',''
  ) );
#908 = PCURVE('',#909,#914);
#909 = CYLINDRICAL_SURFACE('',#910,1.1);
#910 = AXIS2_PLACEMENT_3D('',#911,#912,#913);
#911 = CARTESIAN_POINT('',(26.,14.5,236.));
#912 = DIRECTION('',(0.,1.,-0.));
#913 = DIRECTION('',(0.,0.,1.));
#914 = DEFINITIONAL_REPRESENTATION('',(#915),#919);
#915 = LINE('',#916,#917);
#916 = CARTESIAN_POINT('',(-4.240527143105,0.));
#917 = VECTOR('',#918,1.);
#918 = DIRECTION('',(-1.,0.));
#919 = ( GEOMETRIC_REPRESENTATION_CONTEXT(2) 
PARAMETRIC_REPRESENTATION_CONTEXT() REPRESENTATION_CONTEXT('2D SPACE',''
  ) );
#920 = FACE_BOUND('',#921,.F.);
#921 = EDGE_LOOP('',(#922));
#922 = ORIENTED_EDGE('',*,*,#923,.F.);
#923 = EDGE_CURVE('',#924,#924,#926,.T.);
#924 = VERTEX_POINT('',#925);
#925 = CARTESIAN_POINT('',(32.,14.5,243.1));
#926 = SURFACE_CURVE('',#927,(#932,#939),.PCURVE_S1.);
#927 = CIRCLE('',#928,1.1);
#928 = AXIS2_PLACEMENT_3D('',#929,#930,#931);
#929 = CARTESIAN_POINT('',(32.,14.5,242.));
#930 = DIRECTION('',(0.,-1.,0.));
#931 = DIRECTION('',(0.,0.,1.));
#932 = PCURVE('',#32,#933);
#933 = DEFINITIONAL_REPRESENTATION('',(#934),#938);
#934 = CIRCLE('',#935,1.1);
#935 = AXIS2_PLACEMENT_2D('',#936,#937);
#936 = CARTESIAN_POINT('',(3.,-6.5));
#937 = DIRECTION('',(0.,-1.));
#938 = ( GEOMETRIC_REPRESENTATION_CONTEXT(2) 
PARAMETRIC_REPRESENTATION_CONTEXT() REPRESENTATION_CONTEXT('2D SPACE',''
  ) );
#939 = PCURVE('',#940,#945);
#940 = CYLINDRICAL_SURFACE('',#941,1.1);
#941 = AXIS2_PLACEMENT_3D('',#942,#943,#944);
#942 = CARTESIAN_POINT('',(32.,14.5,242.));
#943 = DIRECTION('',(0.,1.,-0.));
#944 = DIRECTION('',(0.,0.,1.));
#945 = DEFINITIONAL_REPRESENTATION('',(#946),#950);
#946 = LINE('',#947,#948);
#947 = CARTESIAN_POINT('',(-0.,0.));
#948 = VECTOR('',#949,1.);
#949 = DIRECTION('',(-1.,0.));
#950 = ( GEOMETRIC_REPRESENTATION_CONTEXT(2) 
PARAMETRIC_REPRESENTATION_CONTEXT() REPRESENTATION_CONTEXT('2D SPACE',''
  ) );
#951 = FACE_BOUND('',#952,.F.);
#952 = EDGE_LOOP('',(#953));
#953 = ORIENTED_EDGE('',*,*,#954,.F.);
#954 = EDGE_CURVE('',#955,#955,#957,.T.);
#955 = VERTEX_POINT('',#956);
#956 = CARTESIAN_POINT('',(26.,14.5,243.6));
#957 = SURFACE_CURVE('',#958,(#963,#970),.PCURVE_S1.);
#958 = CIRCLE('',#959,1.6);
#959 = AXIS2_PLACEMENT_3D('',#960,#961,#962);
#960 = CARTESIAN_POINT('',(26.,14.5,242.));
#961 = DIRECTION('',(0.,-1.,0.));
#962 = DIRECTION('',(0.,0.,1.));
#963 = PCURVE('',#32,#964);
#964 = DEFINITIONAL_REPRESENTATION('',(#965),#969);
#965 = CIRCLE('',#966,1.6);
#966 = AXIS2_PLACEMENT_2D('',#967,#968);
#967 = CARTESIAN_POINT('',(9.,-6.5));
#968 = DIRECTION('',(0.,-1.));
#969 = ( GEOMETRIC_REPRESENTATION_CONTEXT(2) 
PARAMETRIC_REPRESENTATION_CONTEXT() REPRESENTATION_CONTEXT('2D SPACE',''
  ) );
#970 = PCURVE('',#971,#976);
#971 = CYLINDRICAL_SURFACE('',#972,1.6);
#972 = AXIS2_PLACEMENT_3D('',#973,#974,#975);
#973 = CARTESIAN_POINT('',(26.,14.5,242.));
#974 = DIRECTION('',(0.,1.,-0.));
#975 = DIRECTION('',(0.,0.,1.));
#976 = DEFINITIONAL_REPRESENTATION('',(#977),#981);
#977 = LINE('',#978,#979);
#978 = CARTESIAN_POINT('',(-0.,0.));
#979 = VECTOR('',#980,1.);
#980 = DIRECTION('',(-1.,0.));
#981 = ( GEOMETRIC_REPRESENTATION_CONTEXT(2) 
PARAMETRIC_REPRESENTATION_CONTEXT() REPRESENTATION_CONTEXT('2D SPACE',''
  ) );
#982 = FACE_BOUND('',#983,.F.);
#983 = EDGE_LOOP('',(#984));
#984 = ORIENTED_EDGE('',*,*,#985,.F.);
#985 = EDGE_CURVE('',#986,#986,#988,.T.);
#986 = VERTEX_POINT('',#987);
#987 = CARTESIAN_POINT('',(20.,14.5,243.1));
#988 = SURFACE_CURVE('',#989,(#994,#1001),.PCURVE_S1.);
#989 = CIRCLE('',#990,1.1);
#990 = AXIS2_PLACEMENT_3D('',#991,#992,#993);
#991 = CARTESIAN_POINT('',(20.,14.5,242.));
#992 = DIRECTION('',(0.,-1.,0.));
#993 = DIRECTION('',(0.,0.,1.));
#994 = PCURVE('',#32,#995);
#995 = DEFINITIONAL_REPRESENTATION('',(#996),#1000);
#996 = CIRCLE('',#997,1.1);
#997 = AXIS2_PLACEMENT_2D('',#998,#999);
#998 = CARTESIAN_POINT('',(15.,-6.5));
#999 = DIRECTION('',(0.,-1.));
#1000 = ( GEOMETRIC_REPRESENTATION_CONTEXT(2) 
PARAMETRIC_REPRESENTATION_CONTEXT() REPRESENTATION_CONTEXT('2D SPACE',''
  ) );
#1001 = PCURVE('',#1002,#1007);
#1002 = CYLINDRICAL_SURFACE('',#1003,1.1);
#1003 = AXIS2_PLACEMENT_3D('',#1004,#1005,#1006);
#1004 = CARTESIAN_POINT('',(20.,14.5,242.));
#1005 = DIRECTION('',(0.,1.,-0.));
#1006 = DIRECTION('',(0.,0.,1.));
#1007 = DEFINITIONAL_REPRESENTATION('',(#1008),#1012);
#1008 = LINE('',#1009,#1010);
#1009 = CARTESIAN_POINT('',(-0.,0.));
#1010 = VECTOR('',#1011,1.);
#1011 = DIRECTION('',(-1.,0.));
#1012 = ( GEOMETRIC_REPRESENTATION_CONTEXT(2) 
PARAMETRIC_REPRESENTATION_CONTEXT() REPRESENTATION_CONTEXT('2D SPACE',''
  ) );
#1013 = ADVANCED_FACE('',(#1014),#44,.F.);
#1014 = FACE_BOUND('',#1015,.F.);
#1015 = EDGE_LOOP('',(#1016,#1046,#1067,#1068));
#1016 = ORIENTED_EDGE('',*,*,#1017,.F.);
#1017 = EDGE_CURVE('',#1018,#1020,#1022,.T.);
#1018 = VERTEX_POINT('',#1019);
#1019 = CARTESIAN_POINT('',(28.51,11.5,235.5));
#1020 = VERTEX_POINT('',#1021);
#1021 = CARTESIAN_POINT('',(26.979795897113,11.5,235.5));
#1022 = SURFACE_CURVE('',#1023,(#1027,#1034),.PCURVE_S1.);
#1023 = LINE('',#1024,#1025);
#1024 = CARTESIAN_POINT('',(35.,11.5,235.5));
#1025 = VECTOR('',#1026,1.);
#1026 = DIRECTION('',(-1.,0.,0.));
#1027 = PCURVE('',#44,#1028);
#1028 = DEFINITIONAL_REPRESENTATION('',(#1029),#1033);
#1029 = LINE('',#1030,#1031);
#1030 = CARTESIAN_POINT('',(0.,3.));
#1031 = VECTOR('',#1032,1.);
#1032 = DIRECTION('',(1.,0.));
#1033 = ( GEOMETRIC_REPRESENTATION_CONTEXT(2) 
PARAMETRIC_REPRESENTATION_CONTEXT() REPRESENTATION_CONTEXT('2D SPACE',''
  ) );
#1034 = PCURVE('',#1035,#1040);
#1035 = PLANE('',#1036);
#1036 = AXIS2_PLACEMENT_3D('',#1037,#1038,#1039);
#1037 = CARTESIAN_POINT('',(35.,11.5,235.5));
#1038 = DIRECTION('',(0.,-1.,0.));
#1039 = DIRECTION('',(-1.,0.,0.));
#1040 = DEFINITIONAL_REPRESENTATION('',(#1041),#1045);
#1041 = LINE('',#1042,#1043);
#1042 = CARTESIAN_POINT('',(0.,0.));
#1043 = VECTOR('',#1044,1.);
#1044 = DIRECTION('',(1.,0.));
#1045 = ( GEOMETRIC_REPRESENTATION_CONTEXT(2) 
PARAMETRIC_REPRESENTATION_CONTEXT() REPRESENTATION_CONTEXT('2D SPACE',''
  ) );
#1046 = ORIENTED_EDGE('',*,*,#1047,.F.);
#1047 = EDGE_CURVE('',#22,#1018,#1048,.T.);
#1048 = SURFACE_CURVE('',#1049,(#1053,#1060),.PCURVE_S1.);
#1049 = LINE('',#1050,#1051);
#1050 = CARTESIAN_POINT('',(28.51,14.5,235.5));
#1051 = VECTOR('',#1052,1.);
#1052 = DIRECTION('',(0.,-1.,0.));
#1053 = PCURVE('',#44,#1054);
#1054 = DEFINITIONAL_REPRESENTATION('',(#1055),#1059);
#1055 = LINE('',#1056,#1057);
#1056 = CARTESIAN_POINT('',(6.49,0.));
#1057 = VECTOR('',#1058,1.);
#1058 = DIRECTION('',(0.,1.));
#1059 = ( GEOMETRIC_REPRESENTATION_CONTEXT(2) 
PARAMETRIC_REPRESENTATION_CONTEXT() REPRESENTATION_CONTEXT('2D SPACE',''
  ) );
#1060 = PCURVE('',#73,#1061);
#1061 = DEFINITIONAL_REPRESENTATION('',(#1062),#1066);
#1062 = LINE('',#1063,#1064);
#1063 = CARTESIAN_POINT('',(0.,0.));
#1064 = VECTOR('',#1065,1.);
#1065 = DIRECTION('',(0.,1.));
#1066 = ( GEOMETRIC_REPRESENTATION_CONTEXT(2) 
PARAMETRIC_REPRESENTATION_CONTEXT() REPRESENTATION_CONTEXT('2D SPACE',''
  ) );
#1067 = ORIENTED_EDGE('',*,*,#21,.T.);
#1068 = ORIENTED_EDGE('',*,*,#1069,.F.);
#1069 = EDGE_CURVE('',#1020,#24,#1070,.T.);
#1070 = SURFACE_CURVE('',#1071,(#1075,#1081),.PCURVE_S1.);
#1071 = LINE('',#1072,#1073);
#1072 = CARTESIAN_POINT('',(26.979795897113,14.5,235.5));
#1073 = VECTOR('',#1074,1.);
#1074 = DIRECTION('',(0.,1.,-0.));
#1075 = PCURVE('',#44,#1076);
#1076 = DEFINITIONAL_REPRESENTATION('',(#1077),#1080);
#1077 = B_SPLINE_CURVE_WITH_KNOTS('',1,(#1078,#1079),.UNSPECIFIED.,.F.,
  .F.,(2,2),(-3.3,6.E-07),.PIECEWISE_BEZIER_KNOTS.);
#1078 = CARTESIAN_POINT('',(8.020204102887,3.3));
#1079 = CARTESIAN_POINT('',(8.020204102887,-6.E-07));
#1080 = ( GEOMETRIC_REPRESENTATION_CONTEXT(2) 
PARAMETRIC_REPRESENTATION_CONTEXT() REPRESENTATION_CONTEXT('2D SPACE',''
  ) );
#1081 = PCURVE('',#909,#1082);
#1082 = DEFINITIONAL_REPRESENTATION('',(#1083),#1086);
#1083 = B_SPLINE_CURVE_WITH_KNOTS('',1,(#1084,#1085),.UNSPECIFIED.,.F.,
  .F.,(2,2),(-3.,0.),.PIECEWISE_BEZIER_KNOTS.);
#1084 = CARTESIAN_POINT('',(-4.240527143105,-3.));
#1085 = CARTESIAN_POINT('',(-4.240527143105,0.));
#1086 = ( GEOMETRIC_REPRESENTATION_CONTEXT(2) 
PARAMETRIC_REPRESENTATION_CONTEXT() REPRESENTATION_CONTEXT('2D SPACE',''
  ) );
#1087 = ADVANCED_FACE('',(#1088),#909,.F.);
#1088 = FACE_BOUND('',#1089,.T.);
#1089 = EDGE_LOOP('',(#1090,#1114,#1133,#1134));
#1090 = ORIENTED_EDGE('',*,*,#1091,.T.);
#1091 = EDGE_CURVE('',#1020,#1092,#1094,.T.);
#1092 = VERTEX_POINT('',#1093);
#1093 = CARTESIAN_POINT('',(25.020204102887,11.5,235.5));
#1094 = SURFACE_CURVE('',#1095,(#1100,#1107),.PCURVE_S1.);
#1095 = CIRCLE('',#1096,1.1);
#1096 = AXIS2_PLACEMENT_3D('',#1097,#1098,#1099);
#1097 = CARTESIAN_POINT('',(26.,11.5,236.));
#1098 = DIRECTION('',(0.,-1.,0.));
#1099 = DIRECTION('',(0.89072354283,-0.,-0.454545454545));
#1100 = PCURVE('',#909,#1101);
#1101 = DEFINITIONAL_REPRESENTATION('',(#1102),#1106);
#1102 = LINE('',#1103,#1104);
#1103 = CARTESIAN_POINT('',(-4.240527143105,-3.));
#1104 = VECTOR('',#1105,1.);
#1105 = DIRECTION('',(-1.,-0.));
#1106 = ( GEOMETRIC_REPRESENTATION_CONTEXT(2) 
PARAMETRIC_REPRESENTATION_CONTEXT() REPRESENTATION_CONTEXT('2D SPACE',''
  ) );
#1107 = PCURVE('',#1035,#1108);
#1108 = DEFINITIONAL_REPRESENTATION('',(#1109),#1113);
#1109 = CIRCLE('',#1110,1.1);
#1110 = AXIS2_PLACEMENT_2D('',#1111,#1112);
#1111 = CARTESIAN_POINT('',(9.,-0.5));
#1112 = DIRECTION('',(-0.89072354283,0.454545454545));
#1113 = ( GEOMETRIC_REPRESENTATION_CONTEXT(2) 
PARAMETRIC_REPRESENTATION_CONTEXT() REPRESENTATION_CONTEXT('2D SPACE',''
  ) );
#1114 = ORIENTED_EDGE('',*,*,#1115,.T.);
#1115 = EDGE_CURVE('',#1092,#867,#1116,.T.);
#1116 = SURFACE_CURVE('',#1117,(#1121,#1127),.PCURVE_S1.);
#1117 = LINE('',#1118,#1119);
#1118 = CARTESIAN_POINT('',(25.020204102887,14.5,235.5));
#1119 = VECTOR('',#1120,1.);
#1120 = DIRECTION('',(0.,1.,-0.));
#1121 = PCURVE('',#909,#1122);
#1122 = DEFINITIONAL_REPRESENTATION('',(#1123),#1126);
#1123 = B_SPLINE_CURVE_WITH_KNOTS('',1,(#1124,#1125),.UNSPECIFIED.,.F.,
  .F.,(2,2),(-3.,0.),.PIECEWISE_BEZIER_KNOTS.);
#1124 = CARTESIAN_POINT('',(-8.325843471254,-3.));
#1125 = CARTESIAN_POINT('',(-8.325843471254,0.));
#1126 = ( GEOMETRIC_REPRESENTATION_CONTEXT(2) 
PARAMETRIC_REPRESENTATION_CONTEXT() REPRESENTATION_CONTEXT('2D SPACE',''
  ) );
#1127 = PCURVE('',#882,#1128);
#1128 = DEFINITIONAL_REPRESENTATION('',(#1129),#1132);
#1129 = B_SPLINE_CURVE_WITH_KNOTS('',1,(#1130,#1131),.UNSPECIFIED.,.F.,
  .F.,(2,2),(-3.3,6.E-07),.PIECEWISE_BEZIER_KNOTS.);
#1130 = CARTESIAN_POINT('',(9.979795897113,3.3));
#1131 = CARTESIAN_POINT('',(9.979795897113,-6.E-07));
#1132 = ( GEOMETRIC_REPRESENTATION_CONTEXT(2) 
PARAMETRIC_REPRESENTATION_CONTEXT() REPRESENTATION_CONTEXT('2D SPACE',''
  ) );
#1133 = ORIENTED_EDGE('',*,*,#894,.F.);
#1134 = ORIENTED_EDGE('',*,*,#1069,.F.);
#1135 = ADVANCED_FACE('',(#1136),#882,.F.);
#1136 = FACE_BOUND('',#1137,.F.);
#1137 = EDGE_LOOP('',(#1138,#1161,#1162,#1163));
#1138 = ORIENTED_EDGE('',*,*,#1139,.F.);
#1139 = EDGE_CURVE('',#1092,#1140,#1142,.T.);
#1140 = VERTEX_POINT('',#1141);
#1141 = CARTESIAN_POINT('',(23.49,11.5,235.5));
#1142 = SURFACE_CURVE('',#1143,(#1147,#1154),.PCURVE_S1.);
#1143 = LINE('',#1144,#1145);
#1144 = CARTESIAN_POINT('',(35.,11.5,235.5));
#1145 = VECTOR('',#1146,1.);
#1146 = DIRECTION('',(-1.,0.,0.));
#1147 = PCURVE('',#882,#1148);
#1148 = DEFINITIONAL_REPRESENTATION('',(#1149),#1153);
#1149 = LINE('',#1150,#1151);
#1150 = CARTESIAN_POINT('',(0.,3.));
#1151 = VECTOR('',#1152,1.);
#1152 = DIRECTION('',(1.,0.));
#1153 = ( GEOMETRIC_REPRESENTATION_CONTEXT(2) 
PARAMETRIC_REPRESENTATION_CONTEXT() REPRESENTATION_CONTEXT('2D SPACE',''
  ) );
#1154 = PCURVE('',#1035,#1155);
#1155 = DEFINITIONAL_REPRESENTATION('',(#1156),#1160);
#1156 = LINE('',#1157,#1158);
#1157 = CARTESIAN_POINT('',(0.,0.));
#1158 = VECTOR('',#1159,1.);
#1159 = DIRECTION('',(1.,0.));
#1160 = ( GEOMETRIC_REPRESENTATION_CONTEXT(2) 
PARAMETRIC_REPRESENTATION_CONTEXT() REPRESENTATION_CONTEXT('2D SPACE',''
  ) );
#1161 = ORIENTED_EDGE('',*,*,#1115,.T.);
#1162 = ORIENTED_EDGE('',*,*,#866,.T.);
#1163 = ORIENTED_EDGE('',*,*,#1164,.T.);
#1164 = EDGE_CURVE('',#834,#1140,#1165,.T.);
#1165 = SURFACE_CURVE('',#1166,(#1170,#1177),.PCURVE_S1.);
#1166 = LINE('',#1167,#1168);
#1167 = CARTESIAN_POINT('',(23.49,14.5,235.5));
#1168 = VECTOR('',#1169,1.);
#1169 = DIRECTION('',(0.,-1.,0.));
#1170 = PCURVE('',#882,#1171);
#1171 = DEFINITIONAL_REPRESENTATION('',(#1172),#1176);
#1172 = LINE('',#1173,#1174);
#1173 = CARTESIAN_POINT('',(11.51,0.));
#1174 = VECTOR('',#1175,1.);
#1175 = DIRECTION('',(0.,1.));
#1176 = ( GEOMETRIC_REPRESENTATION_CONTEXT(2) 
PARAMETRIC_REPRESENTATION_CONTEXT() REPRESENTATION_CONTEXT('2D SPACE',''
  ) );
#1177 = PCURVE('',#854,#1178);
#1178 = DEFINITIONAL_REPRESENTATION('',(#1179),#1183);
#1179 = LINE('',#1180,#1181);
#1180 = CARTESIAN_POINT('',(-0.,0.));
#1181 = VECTOR('',#1182,1.);
#1182 = DIRECTION('',(-0.,1.));
#1183 = ( GEOMETRIC_REPRESENTATION_CONTEXT(2) 
PARAMETRIC_REPRESENTATION_CONTEXT() REPRESENTATION_CONTEXT('2D SPACE',''
  ) );
#1184 = ADVANCED_FACE('',(#1185),#854,.T.);
#1185 = FACE_BOUND('',#1186,.F.);
#1186 = EDGE_LOOP('',(#1187,#1188,#1211,#1237));
#1187 = ORIENTED_EDGE('',*,*,#833,.T.);
#1188 = ORIENTED_EDGE('',*,*,#1189,.T.);
#1189 = EDGE_CURVE('',#806,#1190,#1192,.T.);
#1190 = VERTEX_POINT('',#1191);
#1191 = CARTESIAN_POINT('',(17.,11.5,241.99));
#1192 = SURFACE_CURVE('',#1193,(#1197,#1204),.PCURVE_S1.);
#1193 = LINE('',#1194,#1195);
#1194 = CARTESIAN_POINT('',(17.,14.5,241.99));
#1195 = VECTOR('',#1196,1.);
#1196 = DIRECTION('',(0.,-1.,0.));
#1197 = PCURVE('',#854,#1198);
#1198 = DEFINITIONAL_REPRESENTATION('',(#1199),#1203);
#1199 = LINE('',#1200,#1201);
#1200 = CARTESIAN_POINT('',(-1.570796326795,0.));
#1201 = VECTOR('',#1202,1.);
#1202 = DIRECTION('',(-0.,1.));
#1203 = ( GEOMETRIC_REPRESENTATION_CONTEXT(2) 
PARAMETRIC_REPRESENTATION_CONTEXT() REPRESENTATION_CONTEXT('2D SPACE',''
  ) );
#1204 = PCURVE('',#821,#1205);
#1205 = DEFINITIONAL_REPRESENTATION('',(#1206),#1210);
#1206 = LINE('',#1207,#1208);
#1207 = CARTESIAN_POINT('',(0.,6.49));
#1208 = VECTOR('',#1209,1.);
#1209 = DIRECTION('',(1.,0.));
#1210 = ( GEOMETRIC_REPRESENTATION_CONTEXT(2) 
PARAMETRIC_REPRESENTATION_CONTEXT() REPRESENTATION_CONTEXT('2D SPACE',''
  ) );
#1211 = ORIENTED_EDGE('',*,*,#1212,.F.);
#1212 = EDGE_CURVE('',#1140,#1190,#1213,.T.);
#1213 = SURFACE_CURVE('',#1214,(#1219,#1226),.PCURVE_S1.);
#1214 = CIRCLE('',#1215,6.49);
#1215 = AXIS2_PLACEMENT_3D('',#1216,#1217,#1218);
#1216 = CARTESIAN_POINT('',(23.49,11.5,241.99));
#1217 = DIRECTION('',(0.,1.,-0.));
#1218 = DIRECTION('',(-1.,0.,0.));
#1219 = PCURVE('',#854,#1220);
#1220 = DEFINITIONAL_REPRESENTATION('',(#1221),#1225);
#1221 = LINE('',#1222,#1223);
#1222 = CARTESIAN_POINT('',(4.712388980385,3.));
#1223 = VECTOR('',#1224,1.);
#1224 = DIRECTION('',(-1.,0.));
#1225 = ( GEOMETRIC_REPRESENTATION_CONTEXT(2) 
PARAMETRIC_REPRESENTATION_CONTEXT() REPRESENTATION_CONTEXT('2D SPACE',''
  ) );
#1226 = PCURVE('',#1035,#1227);
#1227 = DEFINITIONAL_REPRESENTATION('',(#1228),#1236);
#1228 = ( BOUNDED_CURVE() B_SPLINE_CURVE(2,(#1229,#1230,#1231,#1232,
#1233,#1234,#1235),.UNSPECIFIED.,.T.,.F.) B_SPLINE_CURVE_WITH_KNOTS((1,2
    ,2,2,2,1),(-2.094395102393,0.,2.094395102393,4.188790204786,
6.28318530718,8.377580409573),.UNSPECIFIED.) CURVE() 
GEOMETRIC_REPRESENTATION_ITEM() RATIONAL_B_SPLINE_CURVE((1.,0.5,1.,0.5,
1.,0.5,1.)) REPRESENTATION_ITEM('') );
#1229 = CARTESIAN_POINT('',(18.,-6.49));
#1230 = CARTESIAN_POINT('',(18.,-17.73100974112));
#1231 = CARTESIAN_POINT('',(8.265,-12.11050487056));
#1232 = CARTESIAN_POINT('',(-1.47,-6.49));
#1233 = CARTESIAN_POINT('',(8.265,-0.869495129439));
#1234 = CARTESIAN_POINT('',(18.,4.751009741122));
#1235 = CARTESIAN_POINT('',(18.,-6.49));
#1236 = ( GEOMETRIC_REPRESENTATION_CONTEXT(2) 
PARAMETRIC_REPRESENTATION_CONTEXT() REPRESENTATION_CONTEXT('2D SPACE',''
  ) );
#1237 = ORIENTED_EDGE('',*,*,#1164,.F.);
#1238 = ADVANCED_FACE('',(#1239),#821,.T.);
#1239 = FACE_BOUND('',#1240,.T.);
#1240 = EDGE_LOOP('',(#1241,#1242,#1243,#1266));
#1241 = ORIENTED_EDGE('',*,*,#805,.F.);
#1242 = ORIENTED_EDGE('',*,*,#1189,.T.);
#1243 = ORIENTED_EDGE('',*,*,#1244,.T.);
#1244 = EDGE_CURVE('',#1190,#1245,#1247,.T.);
#1245 = VERTEX_POINT('',#1246);
#1246 = CARTESIAN_POINT('',(17.,11.5,242.01));
#1247 = SURFACE_CURVE('',#1248,(#1252,#1259),.PCURVE_S1.);
#1248 = LINE('',#1249,#1250);
#1249 = CARTESIAN_POINT('',(17.,11.5,235.5));
#1250 = VECTOR('',#1251,1.);
#1251 = DIRECTION('',(0.,0.,1.));
#1252 = PCURVE('',#821,#1253);
#1253 = DEFINITIONAL_REPRESENTATION('',(#1254),#1258);
#1254 = LINE('',#1255,#1256);
#1255 = CARTESIAN_POINT('',(3.,0.));
#1256 = VECTOR('',#1257,1.);
#1257 = DIRECTION('',(0.,1.));
#1258 = ( GEOMETRIC_REPRESENTATION_CONTEXT(2) 
PARAMETRIC_REPRESENTATION_CONTEXT() REPRESENTATION_CONTEXT('2D SPACE',''
  ) );
#1259 = PCURVE('',#1035,#1260);
#1260 = DEFINITIONAL_REPRESENTATION('',(#1261),#1265);
#1261 = LINE('',#1262,#1263);
#1262 = CARTESIAN_POINT('',(18.,0.));
#1263 = VECTOR('',#1264,1.);
#1264 = DIRECTION('',(0.,-1.));
#1265 = ( GEOMETRIC_REPRESENTATION_CONTEXT(2) 
PARAMETRIC_REPRESENTATION_CONTEXT() REPRESENTATION_CONTEXT('2D SPACE',''
  ) );
#1266 = ORIENTED_EDGE('',*,*,#1267,.F.);
#1267 = EDGE_CURVE('',#777,#1245,#1268,.T.);
#1268 = SURFACE_CURVE('',#1269,(#1273,#1280),.PCURVE_S1.);
#1269 = LINE('',#1270,#1271);
#1270 = CARTESIAN_POINT('',(17.,14.5,242.01));
#1271 = VECTOR('',#1272,1.);
#1272 = DIRECTION('',(0.,-1.,0.));
#1273 = PCURVE('',#821,#1274);
#1274 = DEFINITIONAL_REPRESENTATION('',(#1275),#1279);
#1275 = LINE('',#1276,#1277);
#1276 = CARTESIAN_POINT('',(0.,6.51));
#1277 = VECTOR('',#1278,1.);
#1278 = DIRECTION('',(1.,0.));
#1279 = ( GEOMETRIC_REPRESENTATION_CONTEXT(2) 
PARAMETRIC_REPRESENTATION_CONTEXT() REPRESENTATION_CONTEXT('2D SPACE',''
  ) );
#1280 = PCURVE('',#793,#1281);
#1281 = DEFINITIONAL_REPRESENTATION('',(#1282),#1286);
#1282 = LINE('',#1283,#1284);
#1283 = CARTESIAN_POINT('',(1.570796326795,0.));
#1284 = VECTOR('',#1285,1.);
#1285 = DIRECTION('',(0.,1.));
#1286 = ( GEOMETRIC_REPRESENTATION_CONTEXT(2) 
PARAMETRIC_REPRESENTATION_CONTEXT() REPRESENTATION_CONTEXT('2D SPACE',''
  ) );
#1287 = ADVANCED_FACE('',(#1288),#793,.T.);
#1288 = FACE_BOUND('',#1289,.T.);
#1289 = EDGE_LOOP('',(#1290,#1291,#1292,#1316));
#1290 = ORIENTED_EDGE('',*,*,#776,.T.);
#1291 = ORIENTED_EDGE('',*,*,#1267,.T.);
#1292 = ORIENTED_EDGE('',*,*,#1293,.F.);
#1293 = EDGE_CURVE('',#1294,#1245,#1296,.T.);
#1294 = VERTEX_POINT('',#1295);
#1295 = CARTESIAN_POINT('',(23.49,11.5,248.5));
#1296 = SURFACE_CURVE('',#1297,(#1302,#1309),.PCURVE_S1.);
#1297 = CIRCLE('',#1298,6.49);
#1298 = AXIS2_PLACEMENT_3D('',#1299,#1300,#1301);
#1299 = CARTESIAN_POINT('',(23.49,11.5,242.01));
#1300 = DIRECTION('',(-0.,-1.,-0.));
#1301 = DIRECTION('',(-1.,0.,0.));
#1302 = PCURVE('',#793,#1303);
#1303 = DEFINITIONAL_REPRESENTATION('',(#1304),#1308);
#1304 = LINE('',#1305,#1306);
#1305 = CARTESIAN_POINT('',(-4.712388980385,3.));
#1306 = VECTOR('',#1307,1.);
#1307 = DIRECTION('',(1.,0.));
#1308 = ( GEOMETRIC_REPRESENTATION_CONTEXT(2) 
PARAMETRIC_REPRESENTATION_CONTEXT() REPRESENTATION_CONTEXT('2D SPACE',''
  ) );
#1309 = PCURVE('',#1035,#1310);
#1310 = DEFINITIONAL_REPRESENTATION('',(#1311),#1315);
#1311 = CIRCLE('',#1312,6.49);
#1312 = AXIS2_PLACEMENT_2D('',#1313,#1314);
#1313 = CARTESIAN_POINT('',(11.51,-6.51));
#1314 = DIRECTION('',(1.,0.));
#1315 = ( GEOMETRIC_REPRESENTATION_CONTEXT(2) 
PARAMETRIC_REPRESENTATION_CONTEXT() REPRESENTATION_CONTEXT('2D SPACE',''
  ) );
#1316 = ORIENTED_EDGE('',*,*,#1317,.F.);
#1317 = EDGE_CURVE('',#749,#1294,#1318,.T.);
#1318 = SURFACE_CURVE('',#1319,(#1323,#1330),.PCURVE_S1.);
#1319 = LINE('',#1320,#1321);
#1320 = CARTESIAN_POINT('',(23.49,14.5,248.5));
#1321 = VECTOR('',#1322,1.);
#1322 = DIRECTION('',(0.,-1.,0.));
#1323 = PCURVE('',#793,#1324);
#1324 = DEFINITIONAL_REPRESENTATION('',(#1325),#1329);
#1325 = LINE('',#1326,#1327);
#1326 = CARTESIAN_POINT('',(0.,0.));
#1327 = VECTOR('',#1328,1.);
#1328 = DIRECTION('',(0.,1.));
#1329 = ( GEOMETRIC_REPRESENTATION_CONTEXT(2) 
PARAMETRIC_REPRESENTATION_CONTEXT() REPRESENTATION_CONTEXT('2D SPACE',''
  ) );
#1330 = PCURVE('',#764,#1331);
#1331 = DEFINITIONAL_REPRESENTATION('',(#1332),#1336);
#1332 = LINE('',#1333,#1334);
#1333 = CARTESIAN_POINT('',(11.51,0.));
#1334 = VECTOR('',#1335,1.);
#1335 = DIRECTION('',(0.,1.));
#1336 = ( GEOMETRIC_REPRESENTATION_CONTEXT(2) 
PARAMETRIC_REPRESENTATION_CONTEXT() REPRESENTATION_CONTEXT('2D SPACE',''
  ) );
#1337 = ADVANCED_FACE('',(#1338),#764,.T.);
#1338 = FACE_BOUND('',#1339,.T.);
#1339 = EDGE_LOOP('',(#1340,#1363,#1382,#1383));
#1340 = ORIENTED_EDGE('',*,*,#1341,.F.);
#1341 = EDGE_CURVE('',#1342,#1294,#1344,.T.);
#1342 = VERTEX_POINT('',#1343);
#1343 = CARTESIAN_POINT('',(25.020204102887,11.5,248.5));
#1344 = SURFACE_CURVE('',#1345,(#1349,#1356),.PCURVE_S1.);
#1345 = LINE('',#1346,#1347);
#1346 = CARTESIAN_POINT('',(35.,11.5,248.5));
#1347 = VECTOR('',#1348,1.);
#1348 = DIRECTION('',(-1.,0.,0.));
#1349 = PCURVE('',#764,#1350);
#1350 = DEFINITIONAL_REPRESENTATION('',(#1351),#1355);
#1351 = LINE('',#1352,#1353);
#1352 = CARTESIAN_POINT('',(0.,3.));
#1353 = VECTOR('',#1354,1.);
#1354 = DIRECTION('',(1.,0.));
#1355 = ( GEOMETRIC_REPRESENTATION_CONTEXT(2) 
PARAMETRIC_REPRESENTATION_CONTEXT() REPRESENTATION_CONTEXT('2D SPACE',''
  ) );
#1356 = PCURVE('',#1035,#1357);
#1357 = DEFINITIONAL_REPRESENTATION('',(#1358),#1362);
#1358 = LINE('',#1359,#1360);
#1359 = CARTESIAN_POINT('',(0.,-13.));
#1360 = VECTOR('',#1361,1.);
#1361 = DIRECTION('',(1.,0.));
#1362 = ( GEOMETRIC_REPRESENTATION_CONTEXT(2) 
PARAMETRIC_REPRESENTATION_CONTEXT() REPRESENTATION_CONTEXT('2D SPACE',''
  ) );
#1363 = ORIENTED_EDGE('',*,*,#1364,.T.);
#1364 = EDGE_CURVE('',#1342,#720,#1365,.T.);
#1365 = SURFACE_CURVE('',#1366,(#1370,#1376),.PCURVE_S1.);
#1366 = LINE('',#1367,#1368);
#1367 = CARTESIAN_POINT('',(25.020204102887,14.5,248.5));
#1368 = VECTOR('',#1369,1.);
#1369 = DIRECTION('',(0.,1.,-0.));
#1370 = PCURVE('',#764,#1371);
#1371 = DEFINITIONAL_REPRESENTATION('',(#1372),#1375);
#1372 = B_SPLINE_CURVE_WITH_KNOTS('',1,(#1373,#1374),.UNSPECIFIED.,.F.,
  .F.,(2,2),(-3.3,6.E-07),.PIECEWISE_BEZIER_KNOTS.);
#1373 = CARTESIAN_POINT('',(9.979795897113,3.3));
#1374 = CARTESIAN_POINT('',(9.979795897113,-6.E-07));
#1375 = ( GEOMETRIC_REPRESENTATION_CONTEXT(2) 
PARAMETRIC_REPRESENTATION_CONTEXT() REPRESENTATION_CONTEXT('2D SPACE',''
  ) );
#1376 = PCURVE('',#736,#1377);
#1377 = DEFINITIONAL_REPRESENTATION('',(#1378),#1381);
#1378 = B_SPLINE_CURVE_WITH_KNOTS('',1,(#1379,#1380),.UNSPECIFIED.,.F.,
  .F.,(2,2),(-3.3,6.E-07),.PIECEWISE_BEZIER_KNOTS.);
#1379 = CARTESIAN_POINT('',(-1.098934489515,-3.3));
#1380 = CARTESIAN_POINT('',(-1.098934489515,6.E-07));
#1381 = ( GEOMETRIC_REPRESENTATION_CONTEXT(2) 
PARAMETRIC_REPRESENTATION_CONTEXT() REPRESENTATION_CONTEXT('2D SPACE',''
  ) );
#1382 = ORIENTED_EDGE('',*,*,#748,.T.);
#1383 = ORIENTED_EDGE('',*,*,#1317,.T.);
#1384 = ADVANCED_FACE('',(#1385),#736,.F.);
#1385 = FACE_BOUND('',#1386,.T.);
#1386 = EDGE_LOOP('',(#1387,#1388,#1389,#1417));
#1387 = ORIENTED_EDGE('',*,*,#719,.F.);
#1388 = ORIENTED_EDGE('',*,*,#1364,.F.);
#1389 = ORIENTED_EDGE('',*,*,#1390,.F.);
#1390 = EDGE_CURVE('',#1391,#1342,#1393,.T.);
#1391 = VERTEX_POINT('',#1392);
#1392 = CARTESIAN_POINT('',(26.979795897113,11.5,248.5));
#1393 = SURFACE_CURVE('',#1394,(#1399,#1406),.PCURVE_S1.);
#1394 = CIRCLE('',#1395,1.1);
#1395 = AXIS2_PLACEMENT_3D('',#1396,#1397,#1398);
#1396 = CARTESIAN_POINT('',(26.,11.5,248.));
#1397 = DIRECTION('',(0.,1.,0.));
#1398 = DIRECTION('',(0.,0.,1.));
#1399 = PCURVE('',#736,#1400);
#1400 = DEFINITIONAL_REPRESENTATION('',(#1401),#1405);
#1401 = LINE('',#1402,#1403);
#1402 = CARTESIAN_POINT('',(-6.28318530718,-3.));
#1403 = VECTOR('',#1404,1.);
#1404 = DIRECTION('',(1.,-0.));
#1405 = ( GEOMETRIC_REPRESENTATION_CONTEXT(2) 
PARAMETRIC_REPRESENTATION_CONTEXT() REPRESENTATION_CONTEXT('2D SPACE',''
  ) );
#1406 = PCURVE('',#1035,#1407);
#1407 = DEFINITIONAL_REPRESENTATION('',(#1408),#1416);
#1408 = ( BOUNDED_CURVE() B_SPLINE_CURVE(2,(#1409,#1410,#1411,#1412,
#1413,#1414,#1415),.UNSPECIFIED.,.T.,.F.) B_SPLINE_CURVE_WITH_KNOTS((1,2
    ,2,2,2,1),(-2.094395102393,0.,2.094395102393,4.188790204786,
6.28318530718,8.377580409573),.UNSPECIFIED.) CURVE() 
GEOMETRIC_REPRESENTATION_ITEM() RATIONAL_B_SPLINE_CURVE((1.,0.5,1.,0.5,
1.,0.5,1.)) REPRESENTATION_ITEM('') );
#1409 = CARTESIAN_POINT('',(9.,-13.6));
#1410 = CARTESIAN_POINT('',(7.094744111674,-13.6));
#1411 = CARTESIAN_POINT('',(8.047372055837,-11.95));
#1412 = CARTESIAN_POINT('',(9.,-10.3));
#1413 = CARTESIAN_POINT('',(9.952627944163,-11.95));
#1414 = CARTESIAN_POINT('',(10.905255888326,-13.6));
#1415 = CARTESIAN_POINT('',(9.,-13.6));
#1416 = ( GEOMETRIC_REPRESENTATION_CONTEXT(2) 
PARAMETRIC_REPRESENTATION_CONTEXT() REPRESENTATION_CONTEXT('2D SPACE',''
  ) );
#1417 = ORIENTED_EDGE('',*,*,#1418,.T.);
#1418 = EDGE_CURVE('',#1391,#692,#1419,.T.);
#1419 = SURFACE_CURVE('',#1420,(#1424,#1430),.PCURVE_S1.);
#1420 = LINE('',#1421,#1422);
#1421 = CARTESIAN_POINT('',(26.979795897113,14.5,248.5));
#1422 = VECTOR('',#1423,1.);
#1423 = DIRECTION('',(0.,1.,-0.));
#1424 = PCURVE('',#736,#1425);
#1425 = DEFINITIONAL_REPRESENTATION('',(#1426),#1429);
#1426 = B_SPLINE_CURVE_WITH_KNOTS('',1,(#1427,#1428),.UNSPECIFIED.,.F.,
  .F.,(2,2),(-3.3,6.E-07),.PIECEWISE_BEZIER_KNOTS.);
#1427 = CARTESIAN_POINT('',(-5.184250817664,-3.3));
#1428 = CARTESIAN_POINT('',(-5.184250817664,6.E-07));
#1429 = ( GEOMETRIC_REPRESENTATION_CONTEXT(2) 
PARAMETRIC_REPRESENTATION_CONTEXT() REPRESENTATION_CONTEXT('2D SPACE',''
  ) );
#1430 = PCURVE('',#707,#1431);
#1431 = DEFINITIONAL_REPRESENTATION('',(#1432),#1435);
#1432 = B_SPLINE_CURVE_WITH_KNOTS('',1,(#1433,#1434),.UNSPECIFIED.,.F.,
  .F.,(2,2),(-3.3,6.E-07),.PIECEWISE_BEZIER_KNOTS.);
#1433 = CARTESIAN_POINT('',(8.020204102887,3.3));
#1434 = CARTESIAN_POINT('',(8.020204102887,-6.E-07));
#1435 = ( GEOMETRIC_REPRESENTATION_CONTEXT(2) 
PARAMETRIC_REPRESENTATION_CONTEXT() REPRESENTATION_CONTEXT('2D SPACE',''
  ) );
#1436 = ADVANCED_FACE('',(#1437),#707,.T.);
#1437 = FACE_BOUND('',#1438,.T.);
#1438 = EDGE_LOOP('',(#1439,#1462,#1483,#1484));
#1439 = ORIENTED_EDGE('',*,*,#1440,.F.);
#1440 = EDGE_CURVE('',#1441,#1391,#1443,.T.);
#1441 = VERTEX_POINT('',#1442);
#1442 = CARTESIAN_POINT('',(28.51,11.5,248.5));
#1443 = SURFACE_CURVE('',#1444,(#1448,#1455),.PCURVE_S1.);
#1444 = LINE('',#1445,#1446);
#1445 = CARTESIAN_POINT('',(35.,11.5,248.5));
#1446 = VECTOR('',#1447,1.);
#1447 = DIRECTION('',(-1.,0.,0.));
#1448 = PCURVE('',#707,#1449);
#1449 = DEFINITIONAL_REPRESENTATION('',(#1450),#1454);
#1450 = LINE('',#1451,#1452);
#1451 = CARTESIAN_POINT('',(0.,3.));
#1452 = VECTOR('',#1453,1.);
#1453 = DIRECTION('',(1.,0.));
#1454 = ( GEOMETRIC_REPRESENTATION_CONTEXT(2) 
PARAMETRIC_REPRESENTATION_CONTEXT() REPRESENTATION_CONTEXT('2D SPACE',''
  ) );
#1455 = PCURVE('',#1035,#1456);
#1456 = DEFINITIONAL_REPRESENTATION('',(#1457),#1461);
#1457 = LINE('',#1458,#1459);
#1458 = CARTESIAN_POINT('',(0.,-13.));
#1459 = VECTOR('',#1460,1.);
#1460 = DIRECTION('',(1.,0.));
#1461 = ( GEOMETRIC_REPRESENTATION_CONTEXT(2) 
PARAMETRIC_REPRESENTATION_CONTEXT() REPRESENTATION_CONTEXT('2D SPACE',''
  ) );
#1462 = ORIENTED_EDGE('',*,*,#1463,.F.);
#1463 = EDGE_CURVE('',#659,#1441,#1464,.T.);
#1464 = SURFACE_CURVE('',#1465,(#1469,#1476),.PCURVE_S1.);
#1465 = LINE('',#1466,#1467);
#1466 = CARTESIAN_POINT('',(28.51,14.5,248.5));
#1467 = VECTOR('',#1468,1.);
#1468 = DIRECTION('',(0.,-1.,0.));
#1469 = PCURVE('',#707,#1470);
#1470 = DEFINITIONAL_REPRESENTATION('',(#1471),#1475);
#1471 = LINE('',#1472,#1473);
#1472 = CARTESIAN_POINT('',(6.49,0.));
#1473 = VECTOR('',#1474,1.);
#1474 = DIRECTION('',(0.,1.));
#1475 = ( GEOMETRIC_REPRESENTATION_CONTEXT(2) 
PARAMETRIC_REPRESENTATION_CONTEXT() REPRESENTATION_CONTEXT('2D SPACE',''
  ) );
#1476 = PCURVE('',#679,#1477);
#1477 = DEFINITIONAL_REPRESENTATION('',(#1478),#1482);
#1478 = LINE('',#1479,#1480);
#1479 = CARTESIAN_POINT('',(-0.,0.));
#1480 = VECTOR('',#1481,1.);
#1481 = DIRECTION('',(-0.,1.));
#1482 = ( GEOMETRIC_REPRESENTATION_CONTEXT(2) 
PARAMETRIC_REPRESENTATION_CONTEXT() REPRESENTATION_CONTEXT('2D SPACE',''
  ) );
#1483 = ORIENTED_EDGE('',*,*,#691,.T.);
#1484 = ORIENTED_EDGE('',*,*,#1418,.F.);
#1485 = ADVANCED_FACE('',(#1486),#679,.T.);
#1486 = FACE_BOUND('',#1487,.F.);
#1487 = EDGE_LOOP('',(#1488,#1489,#1512,#1538));
#1488 = ORIENTED_EDGE('',*,*,#658,.T.);
#1489 = ORIENTED_EDGE('',*,*,#1490,.T.);
#1490 = EDGE_CURVE('',#631,#1491,#1493,.T.);
#1491 = VERTEX_POINT('',#1492);
#1492 = CARTESIAN_POINT('',(35.,11.5,242.01));
#1493 = SURFACE_CURVE('',#1494,(#1498,#1505),.PCURVE_S1.);
#1494 = LINE('',#1495,#1496);
#1495 = CARTESIAN_POINT('',(35.,14.5,242.01));
#1496 = VECTOR('',#1497,1.);
#1497 = DIRECTION('',(0.,-1.,0.));
#1498 = PCURVE('',#679,#1499);
#1499 = DEFINITIONAL_REPRESENTATION('',(#1500),#1504);
#1500 = LINE('',#1501,#1502);
#1501 = CARTESIAN_POINT('',(-1.570796326795,0.));
#1502 = VECTOR('',#1503,1.);
#1503 = DIRECTION('',(-0.,1.));
#1504 = ( GEOMETRIC_REPRESENTATION_CONTEXT(2) 
PARAMETRIC_REPRESENTATION_CONTEXT() REPRESENTATION_CONTEXT('2D SPACE',''
  ) );
#1505 = PCURVE('',#646,#1506);
#1506 = DEFINITIONAL_REPRESENTATION('',(#1507),#1511);
#1507 = LINE('',#1508,#1509);
#1508 = CARTESIAN_POINT('',(0.,6.51));
#1509 = VECTOR('',#1510,1.);
#1510 = DIRECTION('',(1.,0.));
#1511 = ( GEOMETRIC_REPRESENTATION_CONTEXT(2) 
PARAMETRIC_REPRESENTATION_CONTEXT() REPRESENTATION_CONTEXT('2D SPACE',''
  ) );
#1512 = ORIENTED_EDGE('',*,*,#1513,.F.);
#1513 = EDGE_CURVE('',#1441,#1491,#1514,.T.);
#1514 = SURFACE_CURVE('',#1515,(#1520,#1527),.PCURVE_S1.);
#1515 = CIRCLE('',#1516,6.49);
#1516 = AXIS2_PLACEMENT_3D('',#1517,#1518,#1519);
#1517 = CARTESIAN_POINT('',(28.51,11.5,242.01));
#1518 = DIRECTION('',(0.,1.,-0.));
#1519 = DIRECTION('',(-1.,0.,0.));
#1520 = PCURVE('',#679,#1521);
#1521 = DEFINITIONAL_REPRESENTATION('',(#1522),#1526);
#1522 = LINE('',#1523,#1524);
#1523 = CARTESIAN_POINT('',(1.570796326795,3.));
#1524 = VECTOR('',#1525,1.);
#1525 = DIRECTION('',(-1.,0.));
#1526 = ( GEOMETRIC_REPRESENTATION_CONTEXT(2) 
PARAMETRIC_REPRESENTATION_CONTEXT() REPRESENTATION_CONTEXT('2D SPACE',''
  ) );
#1527 = PCURVE('',#1035,#1528);
#1528 = DEFINITIONAL_REPRESENTATION('',(#1529),#1537);
#1529 = ( BOUNDED_CURVE() B_SPLINE_CURVE(2,(#1530,#1531,#1532,#1533,
#1534,#1535,#1536),.UNSPECIFIED.,.T.,.F.) B_SPLINE_CURVE_WITH_KNOTS((1,2
    ,2,2,2,1),(-2.094395102393,0.,2.094395102393,4.188790204786,
6.28318530718,8.377580409573),.UNSPECIFIED.) CURVE() 
GEOMETRIC_REPRESENTATION_ITEM() RATIONAL_B_SPLINE_CURVE((1.,0.5,1.,0.5,
1.,0.5,1.)) REPRESENTATION_ITEM('') );
#1530 = CARTESIAN_POINT('',(12.98,-6.51));
#1531 = CARTESIAN_POINT('',(12.98,-17.75100974112));
#1532 = CARTESIAN_POINT('',(3.245,-12.13050487056));
#1533 = CARTESIAN_POINT('',(-6.49,-6.51));
#1534 = CARTESIAN_POINT('',(3.245,-0.889495129439));
#1535 = CARTESIAN_POINT('',(12.98,4.731009741122));
#1536 = CARTESIAN_POINT('',(12.98,-6.51));
#1537 = ( GEOMETRIC_REPRESENTATION_CONTEXT(2) 
PARAMETRIC_REPRESENTATION_CONTEXT() REPRESENTATION_CONTEXT('2D SPACE',''
  ) );
#1538 = ORIENTED_EDGE('',*,*,#1463,.F.);
#1539 = ADVANCED_FACE('',(#1540),#646,.F.);
#1540 = FACE_BOUND('',#1541,.F.);
#1541 = EDGE_LOOP('',(#1542,#1543,#1566,#1587));
#1542 = ORIENTED_EDGE('',*,*,#630,.F.);
#1543 = ORIENTED_EDGE('',*,*,#1544,.T.);
#1544 = EDGE_CURVE('',#602,#1545,#1547,.T.);
#1545 = VERTEX_POINT('',#1546);
#1546 = CARTESIAN_POINT('',(35.,11.5,241.99));
#1547 = SURFACE_CURVE('',#1548,(#1552,#1559),.PCURVE_S1.);
#1548 = LINE('',#1549,#1550);
#1549 = CARTESIAN_POINT('',(35.,14.5,241.99));
#1550 = VECTOR('',#1551,1.);
#1551 = DIRECTION('',(0.,-1.,0.));
#1552 = PCURVE('',#646,#1553);
#1553 = DEFINITIONAL_REPRESENTATION('',(#1554),#1558);
#1554 = LINE('',#1555,#1556);
#1555 = CARTESIAN_POINT('',(0.,6.49));
#1556 = VECTOR('',#1557,1.);
#1557 = DIRECTION('',(1.,0.));
#1558 = ( GEOMETRIC_REPRESENTATION_CONTEXT(2) 
PARAMETRIC_REPRESENTATION_CONTEXT() REPRESENTATION_CONTEXT('2D SPACE',''
  ) );
#1559 = PCURVE('',#618,#1560);
#1560 = DEFINITIONAL_REPRESENTATION('',(#1561),#1565);
#1561 = LINE('',#1562,#1563);
#1562 = CARTESIAN_POINT('',(1.570796326795,0.));
#1563 = VECTOR('',#1564,1.);
#1564 = DIRECTION('',(0.,1.));
#1565 = ( GEOMETRIC_REPRESENTATION_CONTEXT(2) 
PARAMETRIC_REPRESENTATION_CONTEXT() REPRESENTATION_CONTEXT('2D SPACE',''
  ) );
#1566 = ORIENTED_EDGE('',*,*,#1567,.T.);
#1567 = EDGE_CURVE('',#1545,#1491,#1568,.T.);
#1568 = SURFACE_CURVE('',#1569,(#1573,#1580),.PCURVE_S1.);
#1569 = LINE('',#1570,#1571);
#1570 = CARTESIAN_POINT('',(35.,11.5,235.5));
#1571 = VECTOR('',#1572,1.);
#1572 = DIRECTION('',(0.,0.,1.));
#1573 = PCURVE('',#646,#1574);
#1574 = DEFINITIONAL_REPRESENTATION('',(#1575),#1579);
#1575 = LINE('',#1576,#1577);
#1576 = CARTESIAN_POINT('',(3.,0.));
#1577 = VECTOR('',#1578,1.);
#1578 = DIRECTION('',(0.,1.));
#1579 = ( GEOMETRIC_REPRESENTATION_CONTEXT(2) 
PARAMETRIC_REPRESENTATION_CONTEXT() REPRESENTATION_CONTEXT('2D SPACE',''
  ) );
#1580 = PCURVE('',#1035,#1581);
#1581 = DEFINITIONAL_REPRESENTATION('',(#1582),#1586);
#1582 = LINE('',#1583,#1584);
#1583 = CARTESIAN_POINT('',(0.,0.));
#1584 = VECTOR('',#1585,1.);
#1585 = DIRECTION('',(0.,-1.));
#1586 = ( GEOMETRIC_REPRESENTATION_CONTEXT(2) 
PARAMETRIC_REPRESENTATION_CONTEXT() REPRESENTATION_CONTEXT('2D SPACE',''
  ) );
#1587 = ORIENTED_EDGE('',*,*,#1490,.F.);
#1588 = ADVANCED_FACE('',(#1589),#618,.T.);
#1589 = FACE_BOUND('',#1590,.T.);
#1590 = EDGE_LOOP('',(#1591,#1612,#1613,#1614));
#1591 = ORIENTED_EDGE('',*,*,#1592,.F.);
#1592 = EDGE_CURVE('',#574,#1593,#1595,.T.);
#1593 = VERTEX_POINT('',#1594);
#1594 = CARTESIAN_POINT('',(31.007999199359,11.5,236.));
#1595 = SURFACE_CURVE('',#1596,(#1600,#1606),.PCURVE_S1.);
#1596 = LINE('',#1597,#1598);
#1597 = CARTESIAN_POINT('',(31.007999199359,14.5,236.));
#1598 = VECTOR('',#1599,1.);
#1599 = DIRECTION('',(0.,-1.,0.));
#1600 = PCURVE('',#618,#1601);
#1601 = DEFINITIONAL_REPRESENTATION('',(#1602),#1605);
#1602 = B_SPLINE_CURVE_WITH_KNOTS('',1,(#1603,#1604),.UNSPECIFIED.,.F.,
  .F.,(2,2),(-5.999999999062E-07,3.0000006),.PIECEWISE_BEZIER_KNOTS.);
#1603 = CARTESIAN_POINT('',(0.395099172239,-5.999999999062E-07));
#1604 = CARTESIAN_POINT('',(0.395099172239,3.0000006));
#1605 = ( GEOMETRIC_REPRESENTATION_CONTEXT(2) 
PARAMETRIC_REPRESENTATION_CONTEXT() REPRESENTATION_CONTEXT('2D SPACE',''
  ) );
#1606 = PCURVE('',#589,#1607);
#1607 = DEFINITIONAL_REPRESENTATION('',(#1608),#1611);
#1608 = B_SPLINE_CURVE_WITH_KNOTS('',1,(#1609,#1610),.UNSPECIFIED.,.F.,
  .F.,(2,2),(-5.999999999062E-07,3.0000006),.PIECEWISE_BEZIER_KNOTS.);
#1609 = CARTESIAN_POINT('',(1.007999199359,3.0000006));
#1610 = CARTESIAN_POINT('',(1.007999199359,-5.999999999062E-07));
#1611 = ( GEOMETRIC_REPRESENTATION_CONTEXT(2) 
PARAMETRIC_REPRESENTATION_CONTEXT() REPRESENTATION_CONTEXT('2D SPACE',''
  ) );
#1612 = ORIENTED_EDGE('',*,*,#601,.T.);
#1613 = ORIENTED_EDGE('',*,*,#1544,.T.);
#1614 = ORIENTED_EDGE('',*,*,#1615,.F.);
#1615 = EDGE_CURVE('',#1593,#1545,#1616,.T.);
#1616 = SURFACE_CURVE('',#1617,(#1622,#1629),.PCURVE_S1.);
#1617 = CIRCLE('',#1618,6.49);
#1618 = AXIS2_PLACEMENT_3D('',#1619,#1620,#1621);
#1619 = CARTESIAN_POINT('',(28.51,11.5,241.99));
#1620 = DIRECTION('',(-0.,-1.,-0.));
#1621 = DIRECTION('',(-1.,0.,0.));
#1622 = PCURVE('',#618,#1623);
#1623 = DEFINITIONAL_REPRESENTATION('',(#1624),#1628);
#1624 = LINE('',#1625,#1626);
#1625 = CARTESIAN_POINT('',(-1.570796326795,3.));
#1626 = VECTOR('',#1627,1.);
#1627 = DIRECTION('',(1.,0.));
#1628 = ( GEOMETRIC_REPRESENTATION_CONTEXT(2) 
PARAMETRIC_REPRESENTATION_CONTEXT() REPRESENTATION_CONTEXT('2D SPACE',''
  ) );
#1629 = PCURVE('',#1035,#1630);
#1630 = DEFINITIONAL_REPRESENTATION('',(#1631),#1635);
#1631 = CIRCLE('',#1632,6.49);
#1632 = AXIS2_PLACEMENT_2D('',#1633,#1634);
#1633 = CARTESIAN_POINT('',(6.49,-6.49));
#1634 = DIRECTION('',(1.,0.));
#1635 = ( GEOMETRIC_REPRESENTATION_CONTEXT(2) 
PARAMETRIC_REPRESENTATION_CONTEXT() REPRESENTATION_CONTEXT('2D SPACE',''
  ) );
#1636 = ADVANCED_FACE('',(#1637),#73,.T.);
#1637 = FACE_BOUND('',#1638,.T.);
#1638 = EDGE_LOOP('',(#1639,#1640,#1641,#1662));
#1639 = ORIENTED_EDGE('',*,*,#1047,.F.);
#1640 = ORIENTED_EDGE('',*,*,#56,.T.);
#1641 = ORIENTED_EDGE('',*,*,#1642,.T.);
#1642 = EDGE_CURVE('',#57,#1643,#1645,.T.);
#1643 = VERTEX_POINT('',#1644);
#1644 = CARTESIAN_POINT('',(30.,11.5,235.67335532105));
#1645 = SURFACE_CURVE('',#1646,(#1650,#1656),.PCURVE_S1.);
#1646 = LINE('',#1647,#1648);
#1647 = CARTESIAN_POINT('',(30.,14.5,235.67335532105));
#1648 = VECTOR('',#1649,1.);
#1649 = DIRECTION('',(0.,-1.,0.));
#1650 = PCURVE('',#73,#1651);
#1651 = DEFINITIONAL_REPRESENTATION('',(#1652),#1655);
#1652 = B_SPLINE_CURVE_WITH_KNOTS('',1,(#1653,#1654),.UNSPECIFIED.,.F.,
  .F.,(2,2),(-5.999999999062E-07,3.0000006),.PIECEWISE_BEZIER_KNOTS.);
#1653 = CARTESIAN_POINT('',(0.231650219178,-5.999999999062E-07));
#1654 = CARTESIAN_POINT('',(0.231650219178,3.0000006));
#1655 = ( GEOMETRIC_REPRESENTATION_CONTEXT(2) 
PARAMETRIC_REPRESENTATION_CONTEXT() REPRESENTATION_CONTEXT('2D SPACE',''
  ) );
#1656 = PCURVE('',#101,#1657);
#1657 = DEFINITIONAL_REPRESENTATION('',(#1658),#1661);
#1658 = B_SPLINE_CURVE_WITH_KNOTS('',1,(#1659,#1660),.UNSPECIFIED.,.F.,
  .F.,(2,2),(-5.999999999062E-07,3.0000006),.PIECEWISE_BEZIER_KNOTS.);
#1659 = CARTESIAN_POINT('',(9.673355321058,-3.0000006));
#1660 = CARTESIAN_POINT('',(9.673355321058,5.999999999062E-07));
#1661 = ( GEOMETRIC_REPRESENTATION_CONTEXT(2) 
PARAMETRIC_REPRESENTATION_CONTEXT() REPRESENTATION_CONTEXT('2D SPACE',''
  ) );
#1662 = ORIENTED_EDGE('',*,*,#1663,.F.);
#1663 = EDGE_CURVE('',#1018,#1643,#1664,.T.);
#1664 = SURFACE_CURVE('',#1665,(#1670,#1677),.PCURVE_S1.);
#1665 = CIRCLE('',#1666,6.49);
#1666 = AXIS2_PLACEMENT_3D('',#1667,#1668,#1669);
#1667 = CARTESIAN_POINT('',(28.51,11.5,241.99));
#1668 = DIRECTION('',(-0.,-1.,-0.));
#1669 = DIRECTION('',(-1.,0.,0.));
#1670 = PCURVE('',#73,#1671);
#1671 = DEFINITIONAL_REPRESENTATION('',(#1672),#1676);
#1672 = LINE('',#1673,#1674);
#1673 = CARTESIAN_POINT('',(-1.570796326795,3.));
#1674 = VECTOR('',#1675,1.);
#1675 = DIRECTION('',(1.,0.));
#1676 = ( GEOMETRIC_REPRESENTATION_CONTEXT(2) 
PARAMETRIC_REPRESENTATION_CONTEXT() REPRESENTATION_CONTEXT('2D SPACE',''
  ) );
#1677 = PCURVE('',#1035,#1678);
#1678 = DEFINITIONAL_REPRESENTATION('',(#1679),#1683);
#1679 = CIRCLE('',#1680,6.49);
#1680 = AXIS2_PLACEMENT_2D('',#1681,#1682);
#1681 = CARTESIAN_POINT('',(6.49,-6.49));
#1682 = DIRECTION('',(1.,0.));
#1683 = ( GEOMETRIC_REPRESENTATION_CONTEXT(2) 
PARAMETRIC_REPRESENTATION_CONTEXT() REPRESENTATION_CONTEXT('2D SPACE',''
  ) );
#1684 = ADVANCED_FACE('',(#1685),#940,.F.);
#1685 = FACE_BOUND('',#1686,.T.);
#1686 = EDGE_LOOP('',(#1687,#1688,#1711,#1737));
#1687 = ORIENTED_EDGE('',*,*,#923,.F.);
#1688 = ORIENTED_EDGE('',*,*,#1689,.T.);
#1689 = EDGE_CURVE('',#924,#1690,#1692,.T.);
#1690 = VERTEX_POINT('',#1691);
#1691 = CARTESIAN_POINT('',(32.,11.5,243.1));
#1692 = SEAM_CURVE('',#1693,(#1697,#1704),.PCURVE_S1.);
#1693 = LINE('',#1694,#1695);
#1694 = CARTESIAN_POINT('',(32.,14.5,243.1));
#1695 = VECTOR('',#1696,1.);
#1696 = DIRECTION('',(0.,-1.,0.));
#1697 = PCURVE('',#940,#1698);
#1698 = DEFINITIONAL_REPRESENTATION('',(#1699),#1703);
#1699 = LINE('',#1700,#1701);
#1700 = CARTESIAN_POINT('',(-6.28318530718,0.));
#1701 = VECTOR('',#1702,1.);
#1702 = DIRECTION('',(-0.,-1.));
#1703 = ( GEOMETRIC_REPRESENTATION_CONTEXT(2) 
PARAMETRIC_REPRESENTATION_CONTEXT() REPRESENTATION_CONTEXT('2D SPACE',''
  ) );
#1704 = PCURVE('',#940,#1705);
#1705 = DEFINITIONAL_REPRESENTATION('',(#1706),#1710);
#1706 = LINE('',#1707,#1708);
#1707 = CARTESIAN_POINT('',(-0.,0.));
#1708 = VECTOR('',#1709,1.);
#1709 = DIRECTION('',(-0.,-1.));
#1710 = ( GEOMETRIC_REPRESENTATION_CONTEXT(2) 
PARAMETRIC_REPRESENTATION_CONTEXT() REPRESENTATION_CONTEXT('2D SPACE',''
  ) );
#1711 = ORIENTED_EDGE('',*,*,#1712,.F.);
#1712 = EDGE_CURVE('',#1690,#1690,#1713,.T.);
#1713 = SURFACE_CURVE('',#1714,(#1719,#1726),.PCURVE_S1.);
#1714 = CIRCLE('',#1715,1.1);
#1715 = AXIS2_PLACEMENT_3D('',#1716,#1717,#1718);
#1716 = CARTESIAN_POINT('',(32.,11.5,242.));
#1717 = DIRECTION('',(0.,1.,0.));
#1718 = DIRECTION('',(0.,0.,1.));
#1719 = PCURVE('',#940,#1720);
#1720 = DEFINITIONAL_REPRESENTATION('',(#1721),#1725);
#1721 = LINE('',#1722,#1723);
#1722 = CARTESIAN_POINT('',(-6.28318530718,-3.));
#1723 = VECTOR('',#1724,1.);
#1724 = DIRECTION('',(1.,-0.));
#1725 = ( GEOMETRIC_REPRESENTATION_CONTEXT(2) 
PARAMETRIC_REPRESENTATION_CONTEXT() REPRESENTATION_CONTEXT('2D SPACE',''
  ) );
#1726 = PCURVE('',#1035,#1727);
#1727 = DEFINITIONAL_REPRESENTATION('',(#1728),#1736);
#1728 = ( BOUNDED_CURVE() B_SPLINE_CURVE(2,(#1729,#1730,#1731,#1732,
#1733,#1734,#1735),.UNSPECIFIED.,.T.,.F.) B_SPLINE_CURVE_WITH_KNOTS((1,2
    ,2,2,2,1),(-2.094395102393,0.,2.094395102393,4.188790204786,
6.28318530718,8.377580409573),.UNSPECIFIED.) CURVE() 
GEOMETRIC_REPRESENTATION_ITEM() RATIONAL_B_SPLINE_CURVE((1.,0.5,1.,0.5,
1.,0.5,1.)) REPRESENTATION_ITEM('') );
#1729 = CARTESIAN_POINT('',(3.,-7.6));
#1730 = CARTESIAN_POINT('',(1.094744111674,-7.6));
#1731 = CARTESIAN_POINT('',(2.047372055837,-5.95));
#1732 = CARTESIAN_POINT('',(3.,-4.3));
#1733 = CARTESIAN_POINT('',(3.952627944163,-5.95));
#1734 = CARTESIAN_POINT('',(4.905255888326,-7.6));
#1735 = CARTESIAN_POINT('',(3.,-7.6));
#1736 = ( GEOMETRIC_REPRESENTATION_CONTEXT(2) 
PARAMETRIC_REPRESENTATION_CONTEXT() REPRESENTATION_CONTEXT('2D SPACE',''
  ) );
#1737 = ORIENTED_EDGE('',*,*,#1689,.F.);
#1738 = ADVANCED_FACE('',(#1739),#971,.F.);
#1739 = FACE_BOUND('',#1740,.T.);
#1740 = EDGE_LOOP('',(#1741,#1742,#1765,#1791));
#1741 = ORIENTED_EDGE('',*,*,#954,.F.);
#1742 = ORIENTED_EDGE('',*,*,#1743,.T.);
#1743 = EDGE_CURVE('',#955,#1744,#1746,.T.);
#1744 = VERTEX_POINT('',#1745);
#1745 = CARTESIAN_POINT('',(26.,11.5,243.6));
#1746 = SEAM_CURVE('',#1747,(#1751,#1758),.PCURVE_S1.);
#1747 = LINE('',#1748,#1749);
#1748 = CARTESIAN_POINT('',(26.,14.5,243.6));
#1749 = VECTOR('',#1750,1.);
#1750 = DIRECTION('',(0.,-1.,0.));
#1751 = PCURVE('',#971,#1752);
#1752 = DEFINITIONAL_REPRESENTATION('',(#1753),#1757);
#1753 = LINE('',#1754,#1755);
#1754 = CARTESIAN_POINT('',(-6.28318530718,0.));
#1755 = VECTOR('',#1756,1.);
#1756 = DIRECTION('',(-0.,-1.));
#1757 = ( GEOMETRIC_REPRESENTATION_CONTEXT(2) 
PARAMETRIC_REPRESENTATION_CONTEXT() REPRESENTATION_CONTEXT('2D SPACE',''
  ) );
#1758 = PCURVE('',#971,#1759);
#1759 = DEFINITIONAL_REPRESENTATION('',(#1760),#1764);
#1760 = LINE('',#1761,#1762);
#1761 = CARTESIAN_POINT('',(-0.,0.));
#1762 = VECTOR('',#1763,1.);
#1763 = DIRECTION('',(-0.,-1.));
#1764 = ( GEOMETRIC_REPRESENTATION_CONTEXT(2) 
PARAMETRIC_REPRESENTATION_CONTEXT() REPRESENTATION_CONTEXT('2D SPACE',''
  ) );
#1765 = ORIENTED_EDGE('',*,*,#1766,.F.);
#1766 = EDGE_CURVE('',#1744,#1744,#1767,.T.);
#1767 = SURFACE_CURVE('',#1768,(#1773,#1780),.PCURVE_S1.);
#1768 = CIRCLE('',#1769,1.6);
#1769 = AXIS2_PLACEMENT_3D('',#1770,#1771,#1772);
#1770 = CARTESIAN_POINT('',(26.,11.5,242.));
#1771 = DIRECTION('',(0.,1.,0.));
#1772 = DIRECTION('',(0.,0.,1.));
#1773 = PCURVE('',#971,#1774);
#1774 = DEFINITIONAL_REPRESENTATION('',(#1775),#1779);
#1775 = LINE('',#1776,#1777);
#1776 = CARTESIAN_POINT('',(-6.28318530718,-3.));
#1777 = VECTOR('',#1778,1.);
#1778 = DIRECTION('',(1.,-0.));
#1779 = ( GEOMETRIC_REPRESENTATION_CONTEXT(2) 
PARAMETRIC_REPRESENTATION_CONTEXT() REPRESENTATION_CONTEXT('2D SPACE',''
  ) );
#1780 = PCURVE('',#1035,#1781);
#1781 = DEFINITIONAL_REPRESENTATION('',(#1782),#1790);
#1782 = ( BOUNDED_CURVE() B_SPLINE_CURVE(2,(#1783,#1784,#1785,#1786,
#1787,#1788,#1789),.UNSPECIFIED.,.T.,.F.) B_SPLINE_CURVE_WITH_KNOTS((1,2
    ,2,2,2,1),(-2.094395102393,0.,2.094395102393,4.188790204786,
6.28318530718,8.377580409573),.UNSPECIFIED.) CURVE() 
GEOMETRIC_REPRESENTATION_ITEM() RATIONAL_B_SPLINE_CURVE((1.,0.5,1.,0.5,
1.,0.5,1.)) REPRESENTATION_ITEM('') );
#1783 = CARTESIAN_POINT('',(9.,-8.1));
#1784 = CARTESIAN_POINT('',(6.22871870789,-8.1));
#1785 = CARTESIAN_POINT('',(7.614359353945,-5.7));
#1786 = CARTESIAN_POINT('',(9.,-3.3));
#1787 = CARTESIAN_POINT('',(10.385640646055,-5.7));
#1788 = CARTESIAN_POINT('',(11.77128129211,-8.1));
#1789 = CARTESIAN_POINT('',(9.,-8.1));
#1790 = ( GEOMETRIC_REPRESENTATION_CONTEXT(2) 
PARAMETRIC_REPRESENTATION_CONTEXT() REPRESENTATION_CONTEXT('2D SPACE',''
  ) );
#1791 = ORIENTED_EDGE('',*,*,#1743,.F.);
#1792 = ADVANCED_FACE('',(#1793),#1002,.F.);
#1793 = FACE_BOUND('',#1794,.T.);
#1794 = EDGE_LOOP('',(#1795,#1796,#1819,#1845));
#1795 = ORIENTED_EDGE('',*,*,#985,.F.);
#1796 = ORIENTED_EDGE('',*,*,#1797,.T.);
#1797 = EDGE_CURVE('',#986,#1798,#1800,.T.);
#1798 = VERTEX_POINT('',#1799);
#1799 = CARTESIAN_POINT('',(20.,11.5,243.1));
#1800 = SEAM_CURVE('',#1801,(#1805,#1812),.PCURVE_S1.);
#1801 = LINE('',#1802,#1803);
#1802 = CARTESIAN_POINT('',(20.,14.5,243.1));
#1803 = VECTOR('',#1804,1.);
#1804 = DIRECTION('',(0.,-1.,0.));
#1805 = PCURVE('',#1002,#1806);
#1806 = DEFINITIONAL_REPRESENTATION('',(#1807),#1811);
#1807 = LINE('',#1808,#1809);
#1808 = CARTESIAN_POINT('',(-6.28318530718,0.));
#1809 = VECTOR('',#1810,1.);
#1810 = DIRECTION('',(-0.,-1.));
#1811 = ( GEOMETRIC_REPRESENTATION_CONTEXT(2) 
PARAMETRIC_REPRESENTATION_CONTEXT() REPRESENTATION_CONTEXT('2D SPACE',''
  ) );
#1812 = PCURVE('',#1002,#1813);
#1813 = DEFINITIONAL_REPRESENTATION('',(#1814),#1818);
#1814 = LINE('',#1815,#1816);
#1815 = CARTESIAN_POINT('',(-0.,0.));
#1816 = VECTOR('',#1817,1.);
#1817 = DIRECTION('',(-0.,-1.));
#1818 = ( GEOMETRIC_REPRESENTATION_CONTEXT(2) 
PARAMETRIC_REPRESENTATION_CONTEXT() REPRESENTATION_CONTEXT('2D SPACE',''
  ) );
#1819 = ORIENTED_EDGE('',*,*,#1820,.F.);
#1820 = EDGE_CURVE('',#1798,#1798,#1821,.T.);
#1821 = SURFACE_CURVE('',#1822,(#1827,#1834),.PCURVE_S1.);
#1822 = CIRCLE('',#1823,1.1);
#1823 = AXIS2_PLACEMENT_3D('',#1824,#1825,#1826);
#1824 = CARTESIAN_POINT('',(20.,11.5,242.));
#1825 = DIRECTION('',(0.,1.,0.));
#1826 = DIRECTION('',(0.,0.,1.));
#1827 = PCURVE('',#1002,#1828);
#1828 = DEFINITIONAL_REPRESENTATION('',(#1829),#1833);
#1829 = LINE('',#1830,#1831);
#1830 = CARTESIAN_POINT('',(-6.28318530718,-3.));
#1831 = VECTOR('',#1832,1.);
#1832 = DIRECTION('',(1.,-0.));
#1833 = ( GEOMETRIC_REPRESENTATION_CONTEXT(2) 
PARAMETRIC_REPRESENTATION_CONTEXT() REPRESENTATION_CONTEXT('2D SPACE',''
  ) );
#1834 = PCURVE('',#1035,#1835);
#1835 = DEFINITIONAL_REPRESENTATION('',(#1836),#1844);
#1836 = ( BOUNDED_CURVE() B_SPLINE_CURVE(2,(#1837,#1838,#1839,#1840,
#1841,#1842,#1843),.UNSPECIFIED.,.T.,.F.) B_SPLINE_CURVE_WITH_KNOTS((1,2
    ,2,2,2,1),(-2.094395102393,0.,2.094395102393,4.188790204786,
6.28318530718,8.377580409573),.UNSPECIFIED.) CURVE() 
GEOMETRIC_REPRESENTATION_ITEM() RATIONAL_B_SPLINE_CURVE((1.,0.5,1.,0.5,
1.,0.5,1.)) REPRESENTATION_ITEM('') );
#1837 = CARTESIAN_POINT('',(15.,-7.6));
#1838 = CARTESIAN_POINT('',(13.094744111674,-7.6));
#1839 = CARTESIAN_POINT('',(14.047372055837,-5.95));
#1840 = CARTESIAN_POINT('',(15.,-4.3));
#1841 = CARTESIAN_POINT('',(15.952627944163,-5.95));
#1842 = CARTESIAN_POINT('',(16.905255888326,-7.6));
#1843 = CARTESIAN_POINT('',(15.,-7.6));
#1844 = ( GEOMETRIC_REPRESENTATION_CONTEXT(2) 
PARAMETRIC_REPRESENTATION_CONTEXT() REPRESENTATION_CONTEXT('2D SPACE',''
  ) );
#1845 = ORIENTED_EDGE('',*,*,#1797,.F.);
#1846 = ADVANCED_FACE('',(#1847,#2280,#2283,#2286),#1035,.T.);
#1847 = FACE_BOUND('',#1848,.T.);
#1848 = EDGE_LOOP('',(#1849,#1850,#1851,#1874,#1897,#1992,#2014,#2202,
    #2225,#2248,#2269,#2270,#2271,#2272,#2273,#2274,#2275,#2276,#2277,
    #2278,#2279));
#1849 = ORIENTED_EDGE('',*,*,#1017,.F.);
#1850 = ORIENTED_EDGE('',*,*,#1663,.T.);
#1851 = ORIENTED_EDGE('',*,*,#1852,.F.);
#1852 = EDGE_CURVE('',#1853,#1643,#1855,.T.);
#1853 = VERTEX_POINT('',#1854);
#1854 = CARTESIAN_POINT('',(30.,11.5,226.));
#1855 = SURFACE_CURVE('',#1856,(#1860,#1867),.PCURVE_S1.);
#1856 = LINE('',#1857,#1858);
#1857 = CARTESIAN_POINT('',(30.,11.5,226.));
#1858 = VECTOR('',#1859,1.);
#1859 = DIRECTION('',(0.,0.,1.));
#1860 = PCURVE('',#1035,#1861);
#1861 = DEFINITIONAL_REPRESENTATION('',(#1862),#1866);
#1862 = LINE('',#1863,#1864);
#1863 = CARTESIAN_POINT('',(5.,9.5));
#1864 = VECTOR('',#1865,1.);
#1865 = DIRECTION('',(0.,-1.));
#1866 = ( GEOMETRIC_REPRESENTATION_CONTEXT(2) 
PARAMETRIC_REPRESENTATION_CONTEXT() REPRESENTATION_CONTEXT('2D SPACE',''
  ) );
#1867 = PCURVE('',#101,#1868);
#1868 = DEFINITIONAL_REPRESENTATION('',(#1869),#1873);
#1869 = LINE('',#1870,#1871);
#1870 = CARTESIAN_POINT('',(0.,0.));
#1871 = VECTOR('',#1872,1.);
#1872 = DIRECTION('',(1.,0.));
#1873 = ( GEOMETRIC_REPRESENTATION_CONTEXT(2) 
PARAMETRIC_REPRESENTATION_CONTEXT() REPRESENTATION_CONTEXT('2D SPACE',''
  ) );
#1874 = ORIENTED_EDGE('',*,*,#1875,.T.);
#1875 = EDGE_CURVE('',#1853,#1876,#1878,.T.);
#1876 = VERTEX_POINT('',#1877);
#1877 = CARTESIAN_POINT('',(43.901956761144,11.5,226.));
#1878 = SURFACE_CURVE('',#1879,(#1883,#1890),.PCURVE_S1.);
#1879 = LINE('',#1880,#1881);
#1880 = CARTESIAN_POINT('',(30.,11.5,226.));
#1881 = VECTOR('',#1882,1.);
#1882 = DIRECTION('',(1.,0.,0.));
#1883 = PCURVE('',#1035,#1884);
#1884 = DEFINITIONAL_REPRESENTATION('',(#1885),#1889);
#1885 = LINE('',#1886,#1887);
#1886 = CARTESIAN_POINT('',(5.,9.5));
#1887 = VECTOR('',#1888,1.);
#1888 = DIRECTION('',(-1.,0.));
#1889 = ( GEOMETRIC_REPRESENTATION_CONTEXT(2) 
PARAMETRIC_REPRESENTATION_CONTEXT() REPRESENTATION_CONTEXT('2D SPACE',''
  ) );
#1890 = PCURVE('',#129,#1891);
#1891 = DEFINITIONAL_REPRESENTATION('',(#1892),#1896);
#1892 = LINE('',#1893,#1894);
#1893 = CARTESIAN_POINT('',(0.,0.));
#1894 = VECTOR('',#1895,1.);
#1895 = DIRECTION('',(1.,0.));
#1896 = ( GEOMETRIC_REPRESENTATION_CONTEXT(2) 
PARAMETRIC_REPRESENTATION_CONTEXT() REPRESENTATION_CONTEXT('2D SPACE',''
  ) );
#1897 = ORIENTED_EDGE('',*,*,#1898,.F.);
#1898 = EDGE_CURVE('',#1899,#1876,#1901,.T.);
#1899 = VERTEX_POINT('',#1900);
#1900 = CARTESIAN_POINT('',(44.064172618838,11.5,231.2));
#1901 = SURFACE_CURVE('',#1902,(#1930,#1961),.PCURVE_S1.);
#1902 = B_SPLINE_CURVE_WITH_KNOTS('',6,(#1903,#1904,#1905,#1906,#1907,
    #1908,#1909,#1910,#1911,#1912,#1913,#1914,#1915,#1916,#1917,#1918,
    #1919,#1920,#1921,#1922,#1923,#1924,#1925,#1926,#1927,#1928,#1929),
  .UNSPECIFIED.,.F.,.F.,(7,5,5,5,5,7),(0.,0.221415941176,0.518392655591,
    0.529867221224,0.806399984044,1.),.UNSPECIFIED.);
#1903 = CARTESIAN_POINT('',(44.064210794925,11.5,231.20004511037));
#1904 = CARTESIAN_POINT('',(43.928027386931,11.5,231.03918165099));
#1905 = CARTESIAN_POINT('',(43.798374515846,11.5,230.87288203802));
#1906 = CARTESIAN_POINT('',(43.676080874538,11.5,230.70096325092));
#1907 = CARTESIAN_POINT('',(43.56217680295,11.5,230.52335921045));
#1908 = CARTESIAN_POINT('',(43.457852298398,11.5,230.34014923405));
#1909 = CARTESIAN_POINT('',(43.238906328347,11.5,229.89878858447));
#1910 = CARTESIAN_POINT('',(43.132810255609,11.5,229.6361794539));
#1911 = CARTESIAN_POINT('',(43.049326780998,11.5,229.36500687916));
#1912 = CARTESIAN_POINT('',(42.991524479761,11.5,229.08717560059));
#1913 = CARTESIAN_POINT('',(42.961639227285,11.5,228.80544496612));
#1914 = CARTESIAN_POINT('',(42.959602805368,11.5,228.51285158493));
#1915 = CARTESIAN_POINT('',(42.959568735399,11.5,228.50196686345));
#1916 = CARTESIAN_POINT('',(42.959576354132,11.5,228.49108206454));
#1917 = CARTESIAN_POINT('',(42.959625661722,11.5,228.48019726526));
#1918 = CARTESIAN_POINT('',(42.959716655877,11.5,228.46931261833));
#1919 = CARTESIAN_POINT('',(42.963046773709,11.5,228.19612158522));
#1920 = CARTESIAN_POINT('',(42.990453831505,11.5,227.93393094112));
#1921 = CARTESIAN_POINT('',(43.04201104922,11.5,227.67498741001));
#1922 = CARTESIAN_POINT('',(43.116006964425,11.5,227.42157008984));
#1923 = CARTESIAN_POINT('',(43.210035839172,11.5,227.175309744));
#1924 = CARTESIAN_POINT('',(43.399473795521,11.5,226.77066073315));
#1925 = CARTESIAN_POINT('',(43.486050852148,11.5,226.60798533324));
#1926 = CARTESIAN_POINT('',(43.5803651197,11.5,226.44952515809));
#1927 = CARTESIAN_POINT('',(43.681594003438,11.5,226.29538680752));
#1928 = CARTESIAN_POINT('',(43.788999012678,11.5,226.14557263982));
#1929 = CARTESIAN_POINT('',(43.901956761144,11.5,226.));
#1930 = PCURVE('',#1035,#1931);
#1931 = DEFINITIONAL_REPRESENTATION('',(#1932),#1960);
#1932 = B_SPLINE_CURVE_WITH_KNOTS('',6,(#1933,#1934,#1935,#1936,#1937,
    #1938,#1939,#1940,#1941,#1942,#1943,#1944,#1945,#1946,#1947,#1948,
    #1949,#1950,#1951,#1952,#1953,#1954,#1955,#1956,#1957,#1958,#1959),
  .UNSPECIFIED.,.F.,.F.,(7,5,5,5,5,7),(0.,0.221415941176,0.518392655591,
    0.529867221224,0.806399984044,1.),.UNSPECIFIED.);
#1933 = CARTESIAN_POINT('',(-9.064210794925,4.299954889625));
#1934 = CARTESIAN_POINT('',(-8.928027386931,4.460818349009));
#1935 = CARTESIAN_POINT('',(-8.798374515846,4.627117961974));
#1936 = CARTESIAN_POINT('',(-8.676080874538,4.799036749079));
#1937 = CARTESIAN_POINT('',(-8.56217680295,4.97664078955));
#1938 = CARTESIAN_POINT('',(-8.457852298398,5.159850765948));
#1939 = CARTESIAN_POINT('',(-8.238906328347,5.601211415522));
#1940 = CARTESIAN_POINT('',(-8.132810255609,5.863820546091));
#1941 = CARTESIAN_POINT('',(-8.049326780998,6.134993120833));
#1942 = CARTESIAN_POINT('',(-7.991524479761,6.412824399408));
#1943 = CARTESIAN_POINT('',(-7.961639227285,6.694555033875));
#1944 = CARTESIAN_POINT('',(-7.959602805368,6.987148415067));
#1945 = CARTESIAN_POINT('',(-7.959568735399,6.998033136548));
#1946 = CARTESIAN_POINT('',(-7.959576354132,7.008917935457));
#1947 = CARTESIAN_POINT('',(-7.959625661722,7.019802734731));
#1948 = CARTESIAN_POINT('',(-7.959716655877,7.030687381663));
#1949 = CARTESIAN_POINT('',(-7.963046773709,7.303878414778));
#1950 = CARTESIAN_POINT('',(-7.990453831505,7.566069058872));
#1951 = CARTESIAN_POINT('',(-8.04201104922,7.825012589981));
#1952 = CARTESIAN_POINT('',(-8.116006964425,8.078429910159));
#1953 = CARTESIAN_POINT('',(-8.210035839172,8.324690256));
#1954 = CARTESIAN_POINT('',(-8.399473795521,8.729339266847));
#1955 = CARTESIAN_POINT('',(-8.486050852148,8.892014666757));
#1956 = CARTESIAN_POINT('',(-8.5803651197,9.050474841908));
#1957 = CARTESIAN_POINT('',(-8.681594003438,9.204613192472));
#1958 = CARTESIAN_POINT('',(-8.788999012678,9.354427360171));
#1959 = CARTESIAN_POINT('',(-8.901956761144,9.5));
#1960 = ( GEOMETRIC_REPRESENTATION_CONTEXT(2) 
PARAMETRIC_REPRESENTATION_CONTEXT() REPRESENTATION_CONTEXT('2D SPACE',''
  ) );
#1961 = PCURVE('',#205,#1962);
#1962 = DEFINITIONAL_REPRESENTATION('',(#1963),#1991);
#1963 = B_SPLINE_CURVE_WITH_KNOTS('',6,(#1964,#1965,#1966,#1967,#1968,
    #1969,#1970,#1971,#1972,#1973,#1974,#1975,#1976,#1977,#1978,#1979,
    #1980,#1981,#1982,#1983,#1984,#1985,#1986,#1987,#1988,#1989,#1990),
  .UNSPECIFIED.,.F.,.F.,(7,5,5,5,5,7),(0.,0.221415941176,0.518392655591,
    0.529867221224,0.806399984044,1.),.UNSPECIFIED.);
#1964 = CARTESIAN_POINT('',(2.692634905535,0.339288321902));
#1965 = CARTESIAN_POINT('',(2.696028600469,0.319318733043));
#1966 = CARTESIAN_POINT('',(2.69920154095,0.298722003025));
#1967 = CARTESIAN_POINT('',(2.70214525476,0.277457322353));
#1968 = CARTESIAN_POINT('',(2.704846835011,0.255492749804));
#1969 = CARTESIAN_POINT('',(2.707290391346,0.232805859969));
#1970 = CARTESIAN_POINT('',(2.712366831682,0.177990421366));
#1971 = CARTESIAN_POINT('',(2.714782334591,0.145254585084));
#1972 = CARTESIAN_POINT('',(2.71665583164,0.111234597435));
#1973 = CARTESIAN_POINT('',(2.717942923848,7.604224407735E-02));
#1974 = CARTESIAN_POINT('',(2.718608215531,3.986930381887E-02));
#1975 = CARTESIAN_POINT('',(2.718653546545,1.679204207455E-03));
#1976 = CARTESIAN_POINT('',(2.718654304931,2.568417040295E-04));
#1977 = CARTESIAN_POINT('',(2.718654135338,-1.165578802931E-03));
#1978 = CARTESIAN_POINT('',(2.718653037765,-2.587096414708E-03));
#1979 = CARTESIAN_POINT('',(2.718651012236,-4.007400087692E-03));
#1980 = CARTESIAN_POINT('',(2.718576882121,-3.963452850725E-02));
#1981 = CARTESIAN_POINT('',(2.717966740036,-7.331214584758E-02));
#1982 = CARTESIAN_POINT('',(2.716818321946,-0.106155008625));
#1983 = CARTESIAN_POINT('',(2.715158673255,-0.137999290531));
#1984 = CARTESIAN_POINT('',(2.713022845298,-0.168745144838));
#1985 = CARTESIAN_POINT('',(2.708649635161,-0.219062279644));
#1986 = CARTESIAN_POINT('',(2.706633899768,-0.239229788815));
#1987 = CARTESIAN_POINT('',(2.704415138261,-0.25884115855));
#1988 = CARTESIAN_POINT('',(2.702004613748,-0.277906933208));
#1989 = CARTESIAN_POINT('',(2.699411939928,-0.296445312637));
#1990 = CARTESIAN_POINT('',(2.696644239715,-0.314481210248));
#1991 = ( GEOMETRIC_REPRESENTATION_CONTEXT(2) 
PARAMETRIC_REPRESENTATION_CONTEXT() REPRESENTATION_CONTEXT('2D SPACE',''
  ) );
#1992 = ORIENTED_EDGE('',*,*,#1993,.F.);
#1993 = EDGE_CURVE('',#1994,#1899,#1996,.T.);
#1994 = VERTEX_POINT('',#1995);
#1995 = CARTESIAN_POINT('',(48.584829587085,11.5,231.2));
#1996 = SURFACE_CURVE('',#1997,(#2001,#2008),.PCURVE_S1.);
#1997 = LINE('',#1998,#1999);
#1998 = CARTESIAN_POINT('',(-15.,11.5,231.2));
#1999 = VECTOR('',#2000,1.);
#2000 = DIRECTION('',(-1.,0.,0.));
#2001 = PCURVE('',#1035,#2002);
#2002 = DEFINITIONAL_REPRESENTATION('',(#2003),#2007);
#2003 = LINE('',#2004,#2005);
#2004 = CARTESIAN_POINT('',(50.,4.3));
#2005 = VECTOR('',#2006,1.);
#2006 = DIRECTION('',(1.,0.));
#2007 = ( GEOMETRIC_REPRESENTATION_CONTEXT(2) 
PARAMETRIC_REPRESENTATION_CONTEXT() REPRESENTATION_CONTEXT('2D SPACE',''
  ) );
#2008 = PCURVE('',#288,#2009);
#2009 = DEFINITIONAL_REPRESENTATION('',(#2010),#2013);
#2010 = B_SPLINE_CURVE_WITH_KNOTS('',1,(#2011,#2012),.UNSPECIFIED.,.F.,
  .F.,(2,2),(-67.,-56.98402847688),.PIECEWISE_BEZIER_KNOTS.);
#2011 = CARTESIAN_POINT('',(112.,71.5));
#2012 = CARTESIAN_POINT('',(101.98402847688,71.5));
#2013 = ( GEOMETRIC_REPRESENTATION_CONTEXT(2) 
PARAMETRIC_REPRESENTATION_CONTEXT() REPRESENTATION_CONTEXT('2D SPACE',''
  ) );
#2014 = ORIENTED_EDGE('',*,*,#2015,.T.);
#2015 = EDGE_CURVE('',#1994,#2016,#2018,.T.);
#2016 = VERTEX_POINT('',#2017);
#2017 = CARTESIAN_POINT('',(48.205618370744,11.5,226.));
#2018 = SURFACE_CURVE('',#2019,(#2078,#2140),.PCURVE_S1.);
#2019 = B_SPLINE_CURVE_WITH_KNOTS('',8,(#2020,#2021,#2022,#2023,#2024,
    #2025,#2026,#2027,#2028,#2029,#2030,#2031,#2032,#2033,#2034,#2035,
    #2036,#2037,#2038,#2039,#2040,#2041,#2042,#2043,#2044,#2045,#2046,
    #2047,#2048,#2049,#2050,#2051,#2052,#2053,#2054,#2055,#2056,#2057,
    #2058,#2059,#2060,#2061,#2062,#2063,#2064,#2065,#2066,#2067,#2068,
    #2069,#2070,#2071,#2072,#2073,#2074,#2075,#2076,#2077),
  .UNSPECIFIED.,.F.,.F.,(9,7,7,7,7,7,7,7,9),(0.,0.177958318162,
    0.32071222121,0.410862041942,0.526959364275,0.538487201612,
    0.63217438697,0.700423731829,1.),.UNSPECIFIED.);
#2020 = CARTESIAN_POINT('',(48.584879233657,11.5,231.20002480541));
#2021 = CARTESIAN_POINT('',(48.440497873148,11.5,231.12789590693));
#2022 = CARTESIAN_POINT('',(48.297460930324,11.5,231.05319361525));
#2023 = CARTESIAN_POINT('',(48.15589792998,11.5,230.97574280776));
#2024 = CARTESIAN_POINT('',(48.015989291672,11.5,230.89535186266));
#2025 = CARTESIAN_POINT('',(47.877966374858,11.5,230.81181225551));
#2026 = CARTESIAN_POINT('',(47.742116368207,11.5,230.72489085466));
#2027 = CARTESIAN_POINT('',(47.60879202307,11.5,230.63431491529));
#2028 = CARTESIAN_POINT('',(47.373849913383,11.5,230.46389187802));
#2029 = CARTESIAN_POINT('',(47.271215678756,11.5,230.38549436728));
#2030 = CARTESIAN_POINT('',(47.170723864095,11.5,230.3043725567));
#2031 = CARTESIAN_POINT('',(47.072653973254,11.5,230.22034219213));
#2032 = CARTESIAN_POINT('',(46.97736384358,11.5,230.13322020762));
#2033 = CARTESIAN_POINT('',(46.885292286448,11.5,230.04282209494));
#2034 = CARTESIAN_POINT('',(46.796965201859,11.5,229.9489558837));
#2035 = CARTESIAN_POINT('',(46.659983975182,11.5,229.78981373241));
#2036 = CARTESIAN_POINT('',(46.60871784771,11.5,229.72676400368));
#2037 = CARTESIAN_POINT('',(46.55936552415,11.5,229.66221574562));
#2038 = CARTESIAN_POINT('',(46.512113271175,11.5,229.59613436982));
#2039 = CARTESIAN_POINT('',(46.467172802584,11.5,229.52849993317));
#2040 = CARTESIAN_POINT('',(46.42477736744,11.5,229.45930969586));
#2041 = CARTESIAN_POINT('',(46.385176006396,11.5,229.38858180397));
#2042 = CARTESIAN_POINT('',(46.301555881079,11.5,229.22335107265));
#2043 = CARTESIAN_POINT('',(46.259515988988,11.5,229.1278047909));
#2044 = CARTESIAN_POINT('',(46.223115414908,11.5,229.02990475954));
#2045 = CARTESIAN_POINT('',(46.192953768636,11.5,228.92991392806));
#2046 = CARTESIAN_POINT('',(46.169581346969,11.5,228.82818400119));
#2047 = CARTESIAN_POINT('',(46.15344369942,11.5,228.72516815042));
#2048 = CARTESIAN_POINT('',(46.144810567465,11.5,228.62143712322));
#2049 = CARTESIAN_POINT('',(46.143577851305,11.5,228.50739808936));
#2050 = CARTESIAN_POINT('',(46.143540555944,11.5,228.49709716462));
#2051 = CARTESIAN_POINT('',(46.143577334169,11.5,228.48679610428));
#2052 = CARTESIAN_POINT('',(46.143688189949,11.5,228.47649517764));
#2053 = CARTESIAN_POINT('',(46.143873108283,11.5,228.46619479459));
#2054 = CARTESIAN_POINT('',(46.144132055197,11.5,228.45589550566));
#2055 = CARTESIAN_POINT('',(46.144464977746,11.5,228.44559800194));
#2056 = CARTESIAN_POINT('',(46.148178096985,11.5,228.35163616723));
#2057 = CARTESIAN_POINT('',(46.156366029236,11.5,228.26811682442));
#2058 = CARTESIAN_POINT('',(46.169396012101,11.5,228.18510104676));
#2059 = CARTESIAN_POINT('',(46.18712388763,11.5,228.10288855466));
#2060 = CARTESIAN_POINT('',(46.209329851641,11.5,228.02172900457));
#2061 = CARTESIAN_POINT('',(46.235743148209,11.5,227.94182728914));
#2062 = CARTESIAN_POINT('',(46.266062535553,11.5,227.86334796193));
#2063 = CARTESIAN_POINT('',(46.324675308929,11.5,227.73037733531));
#2064 = CARTESIAN_POINT('',(46.351289222196,11.5,227.67514613434));
#2065 = CARTESIAN_POINT('',(46.379699325734,11.5,227.62076133222));
#2066 = CARTESIAN_POINT('',(46.409791253164,11.5,227.56724755928));
#2067 = CARTESIAN_POINT('',(46.441453466838,11.5,227.51461912482));
#2068 = CARTESIAN_POINT('',(46.474579515526,11.5,227.46288121438));
#2069 = CARTESIAN_POINT('',(46.509070292107,11.5,227.41203108696));
#2070 = CARTESIAN_POINT('',(46.701828927227,11.5,227.14271108996));
#2071 = CARTESIAN_POINT('',(46.882734278462,11.5,226.94119603094));
#2072 = CARTESIAN_POINT('',(47.080699658456,11.5,226.75492125603));
#2073 = CARTESIAN_POINT('',(47.291125703761,11.5,226.58240403694));
#2074 = CARTESIAN_POINT('',(47.510477299973,11.5,226.42207167266));
#2075 = CARTESIAN_POINT('',(47.736567133075,11.5,226.27252931446));
#2076 = CARTESIAN_POINT('',(47.968266440199,11.5,226.13231630045));
#2077 = CARTESIAN_POINT('',(48.205618370744,11.5,226.));
#2078 = PCURVE('',#1035,#2079);
#2079 = DEFINITIONAL_REPRESENTATION('',(#2080),#2139);
#2080 = B_SPLINE_CURVE_WITH_KNOTS('',8,(#2081,#2082,#2083,#2084,#2085,
    #2086,#2087,#2088,#2089,#2090,#2091,#2092,#2093,#2094,#2095,#2096,
    #2097,#2098,#2099,#2100,#2101,#2102,#2103,#2104,#2105,#2106,#2107,
    #2108,#2109,#2110,#2111,#2112,#2113,#2114,#2115,#2116,#2117,#2118,
    #2119,#2120,#2121,#2122,#2123,#2124,#2125,#2126,#2127,#2128,#2129,
    #2130,#2131,#2132,#2133,#2134,#2135,#2136,#2137,#2138),
  .UNSPECIFIED.,.F.,.F.,(9,7,7,7,7,7,7,7,9),(0.,0.177958318162,
    0.32071222121,0.410862041942,0.526959364275,0.538487201612,
    0.63217438697,0.700423731829,1.),.UNSPECIFIED.);
#2081 = CARTESIAN_POINT('',(-13.58487923365,4.299975194583));
#2082 = CARTESIAN_POINT('',(-13.44049787314,4.372104093068));
#2083 = CARTESIAN_POINT('',(-13.29746093032,4.44680638475));
#2084 = CARTESIAN_POINT('',(-13.15589792998,4.524257192232));
#2085 = CARTESIAN_POINT('',(-13.01598929167,4.604648137339));
#2086 = CARTESIAN_POINT('',(-12.87796637485,4.688187744488));
#2087 = CARTESIAN_POINT('',(-12.7421163682,4.775109145334));
#2088 = CARTESIAN_POINT('',(-12.60879202307,4.865685084701));
#2089 = CARTESIAN_POINT('',(-12.37384991338,5.036108121979));
#2090 = CARTESIAN_POINT('',(-12.27121567875,5.114505632714));
#2091 = CARTESIAN_POINT('',(-12.17072386409,5.195627443297));
#2092 = CARTESIAN_POINT('',(-12.07265397325,5.279657807862));
#2093 = CARTESIAN_POINT('',(-11.97736384358,5.366779792373));
#2094 = CARTESIAN_POINT('',(-11.88529228644,5.45717790506));
#2095 = CARTESIAN_POINT('',(-11.79696520185,5.551044116291));
#2096 = CARTESIAN_POINT('',(-11.65998397518,5.710186267583));
#2097 = CARTESIAN_POINT('',(-11.60871784771,5.77323599632));
#2098 = CARTESIAN_POINT('',(-11.55936552415,5.837784254379));
#2099 = CARTESIAN_POINT('',(-11.51211327117,5.903865630176));
#2100 = CARTESIAN_POINT('',(-11.46717280258,5.971500066827));
#2101 = CARTESIAN_POINT('',(-11.42477736744,6.040690304138));
#2102 = CARTESIAN_POINT('',(-11.38517600639,6.111418196027));
#2103 = CARTESIAN_POINT('',(-11.30155588107,6.276648927343));
#2104 = CARTESIAN_POINT('',(-11.25951598898,6.372195209093));
#2105 = CARTESIAN_POINT('',(-11.2231154149,6.470095240454));
#2106 = CARTESIAN_POINT('',(-11.19295376863,6.570086071935));
#2107 = CARTESIAN_POINT('',(-11.16958134696,6.67181599881));
#2108 = CARTESIAN_POINT('',(-11.15344369942,6.774831849577));
#2109 = CARTESIAN_POINT('',(-11.14481056746,6.87856287678));
#2110 = CARTESIAN_POINT('',(-11.1435778513,6.992601910638));
#2111 = CARTESIAN_POINT('',(-11.14354055594,7.002902835374));
#2112 = CARTESIAN_POINT('',(-11.14357733416,7.013203895715));
#2113 = CARTESIAN_POINT('',(-11.14368818994,7.02350482236));
#2114 = CARTESIAN_POINT('',(-11.14387310828,7.033805205405));
#2115 = CARTESIAN_POINT('',(-11.14413205519,7.04410449434));
#2116 = CARTESIAN_POINT('',(-11.14446497774,7.054401998056));
#2117 = CARTESIAN_POINT('',(-11.14817809698,7.148363832764));
#2118 = CARTESIAN_POINT('',(-11.15636602923,7.231883175574));
#2119 = CARTESIAN_POINT('',(-11.1693960121,7.314898953232));
#2120 = CARTESIAN_POINT('',(-11.18712388763,7.397111445334));
#2121 = CARTESIAN_POINT('',(-11.20932985164,7.478270995429));
#2122 = CARTESIAN_POINT('',(-11.2357431482,7.558172710852));
#2123 = CARTESIAN_POINT('',(-11.26606253555,7.636652038061));
#2124 = CARTESIAN_POINT('',(-11.32467530892,7.769622664686));
#2125 = CARTESIAN_POINT('',(-11.35128922219,7.824853865653));
#2126 = CARTESIAN_POINT('',(-11.37969932573,7.879238667776));
#2127 = CARTESIAN_POINT('',(-11.40979125316,7.932752440718));
#2128 = CARTESIAN_POINT('',(-11.44145346683,7.985380875174));
#2129 = CARTESIAN_POINT('',(-11.47457951552,8.037118785616));
#2130 = CARTESIAN_POINT('',(-11.5090702921,8.087968913032));
#2131 = CARTESIAN_POINT('',(-11.70182892722,8.357288910037));
#2132 = CARTESIAN_POINT('',(-11.88273427846,8.558803969058));
#2133 = CARTESIAN_POINT('',(-12.08069965845,8.745078743962));
#2134 = CARTESIAN_POINT('',(-12.29112570376,8.917595963054));
#2135 = CARTESIAN_POINT('',(-12.51047729997,9.077928327339));
#2136 = CARTESIAN_POINT('',(-12.73656713307,9.227470685531));
#2137 = CARTESIAN_POINT('',(-12.96826644019,9.367683699545));
#2138 = CARTESIAN_POINT('',(-13.20561837074,9.5));
#2139 = ( GEOMETRIC_REPRESENTATION_CONTEXT(2) 
PARAMETRIC_REPRESENTATION_CONTEXT() REPRESENTATION_CONTEXT('2D SPACE',''
  ) );
#2140 = PCURVE('',#421,#2141);
#2141 = DEFINITIONAL_REPRESENTATION('',(#2142),#2201);
#2142 = B_SPLINE_CURVE_WITH_KNOTS('',8,(#2143,#2144,#2145,#2146,#2147,
    #2148,#2149,#2150,#2151,#2152,#2153,#2154,#2155,#2156,#2157,#2158,
    #2159,#2160,#2161,#2162,#2163,#2164,#2165,#2166,#2167,#2168,#2169,
    #2170,#2171,#2172,#2173,#2174,#2175,#2176,#2177,#2178,#2179,#2180,
    #2181,#2182,#2183,#2184,#2185,#2186,#2187,#2188,#2189,#2190,#2191,
    #2192,#2193,#2194,#2195,#2196,#2197,#2198,#2199,#2200),
  .UNSPECIFIED.,.F.,.F.,(9,7,7,7,7,7,7,7,9),(0.,0.177958318162,
    0.32071222121,0.410862041942,0.526959364275,0.538487201612,
    0.63217438697,0.700423731829,1.),.UNSPECIFIED.);
#2143 = CARTESIAN_POINT('',(2.569291017478,0.525673100099));
#2144 = CARTESIAN_POINT('',(2.57521882576,0.511134143009));
#2145 = CARTESIAN_POINT('',(2.580963804387,0.496183144147));
#2146 = CARTESIAN_POINT('',(2.586529116753,0.480786850695));
#2147 = CARTESIAN_POINT('',(2.591915903537,0.464908354263));
#2148 = CARTESIAN_POINT('',(2.597123574652,0.448506805618));
#2149 = CARTESIAN_POINT('',(2.602149896152,0.43153548881));
#2150 = CARTESIAN_POINT('',(2.606990872107,0.413938254688));
#2151 = CARTESIAN_POINT('',(2.615370178626,0.380969352348));
#2152 = CARTESIAN_POINT('',(2.618975390508,0.365851357076));
#2153 = CARTESIAN_POINT('',(2.622453816097,0.3502514228));
#2154 = CARTESIAN_POINT('',(2.625800643271,0.334129589826));
#2155 = CARTESIAN_POINT('',(2.629008809932,0.31744454716));
#2156 = CARTESIAN_POINT('',(2.632069119674,0.300152426351));
#2157 = CARTESIAN_POINT('',(2.634970151992,0.282204685964));
#2158 = CARTESIAN_POINT('',(2.639420596154,0.251761454215));
#2159 = CARTESIAN_POINT('',(2.641073707874,0.23969692247));
#2160 = CARTESIAN_POINT('',(2.64265373972,0.227338232486));
#2161 = CARTESIAN_POINT('',(2.644156331887,0.214673957202));
#2162 = CARTESIAN_POINT('',(2.645576424224,0.201694610962));
#2163 = CARTESIAN_POINT('',(2.64690837864,0.188393037555));
#2164 = CARTESIAN_POINT('',(2.6481461269,0.174765076812));
#2165 = CARTESIAN_POINT('',(2.650747881794,0.142839449376));
#2166 = CARTESIAN_POINT('',(2.65204664296,0.124315187081));
#2167 = CARTESIAN_POINT('',(2.653164204944,0.105254412031));
#2168 = CARTESIAN_POINT('',(2.654085596418,8.56869168838E-02));
#2169 = CARTESIAN_POINT('',(2.654797060882,6.56575293385E-02));
#2170 = CARTESIAN_POINT('',(2.655287359166,4.523016868695E-02));
#2171 = CARTESIAN_POINT('',(2.655549610627,2.449402736941E-02));
#2172 = CARTESIAN_POINT('',(2.655587055266,1.494420999978E-03));
#2173 = CARTESIAN_POINT('',(2.655588188089,-5.856906637663E-04));
#2174 = CARTESIAN_POINT('',(2.655587070941,-2.666015866679E-03));
#2175 = CARTESIAN_POINT('',(2.655583703708,-4.744810061993E-03));
#2176 = CARTESIAN_POINT('',(2.655578086745,-6.821025753224E-03));
#2177 = CARTESIAN_POINT('',(2.655570220876,-8.894312494166E-03));
#2178 = CARTESIAN_POINT('',(2.65556010739,-1.09650168889E-02));
#2179 = CARTESIAN_POINT('',(2.655447303167,-2.985037326839E-02));
#2180 = CARTESIAN_POINT('',(2.655198508181,-4.652123666193E-02));
#2181 = CARTESIAN_POINT('',(2.654802346784,-6.298624817604E-02));
#2182 = CARTESIAN_POINT('',(2.654262482115,-7.919838639285E-02));
#2183 = CARTESIAN_POINT('',(2.653584462354,-9.512144175636E-02));
#2184 = CARTESIAN_POINT('',(2.652775078992,-0.110727916024));
#2185 = CARTESIAN_POINT('',(2.651841877791,-0.125997512487));
#2186 = CARTESIAN_POINT('',(2.650028605412,-0.151784211364));
#2187 = CARTESIAN_POINT('',(2.649202732206,-0.162468387215));
#2188 = CARTESIAN_POINT('',(2.648318053374,-0.172965888762));
#2189 = CARTESIAN_POINT('',(2.647377393792,-0.183275770308));
#2190 = CARTESIAN_POINT('',(2.646383492695,-0.193398758542));
#2191 = CARTESIAN_POINT('',(2.645338943725,-0.203337014881));
#2192 = CARTESIAN_POINT('',(2.644246134981,-0.213093897815));
#2193 = CARTESIAN_POINT('',(2.638107856577,-0.264723783838));
#2194 = CARTESIAN_POINT('',(2.632240483379,-0.30318810167));
#2195 = CARTESIAN_POINT('',(2.625662814562,-0.338778799436));
#2196 = CARTESIAN_POINT('',(2.61846989034,-0.371872213502));
#2197 = CARTESIAN_POINT('',(2.610735412393,-0.402822255733));
#2198 = CARTESIAN_POINT('',(2.60249820406,-0.431915067204));
#2199 = CARTESIAN_POINT('',(2.593763606943,-0.459441951875));
#2200 = CARTESIAN_POINT('',(2.584485299787,-0.485687801706));
#2201 = ( GEOMETRIC_REPRESENTATION_CONTEXT(2) 
PARAMETRIC_REPRESENTATION_CONTEXT() REPRESENTATION_CONTEXT('2D SPACE',''
  ) );
#2202 = ORIENTED_EDGE('',*,*,#2203,.T.);
#2203 = EDGE_CURVE('',#2016,#2204,#2206,.T.);
#2204 = VERTEX_POINT('',#2205);
#2205 = CARTESIAN_POINT('',(52.,11.5,226.));
#2206 = SURFACE_CURVE('',#2207,(#2211,#2218),.PCURVE_S1.);
#2207 = LINE('',#2208,#2209);
#2208 = CARTESIAN_POINT('',(30.,11.5,226.));
#2209 = VECTOR('',#2210,1.);
#2210 = DIRECTION('',(1.,0.,0.));
#2211 = PCURVE('',#1035,#2212);
#2212 = DEFINITIONAL_REPRESENTATION('',(#2213),#2217);
#2213 = LINE('',#2214,#2215);
#2214 = CARTESIAN_POINT('',(5.,9.5));
#2215 = VECTOR('',#2216,1.);
#2216 = DIRECTION('',(-1.,0.));
#2217 = ( GEOMETRIC_REPRESENTATION_CONTEXT(2) 
PARAMETRIC_REPRESENTATION_CONTEXT() REPRESENTATION_CONTEXT('2D SPACE',''
  ) );
#2218 = PCURVE('',#533,#2219);
#2219 = DEFINITIONAL_REPRESENTATION('',(#2220),#2224);
#2220 = LINE('',#2221,#2222);
#2221 = CARTESIAN_POINT('',(0.,0.));
#2222 = VECTOR('',#2223,1.);
#2223 = DIRECTION('',(1.,0.));
#2224 = ( GEOMETRIC_REPRESENTATION_CONTEXT(2) 
PARAMETRIC_REPRESENTATION_CONTEXT() REPRESENTATION_CONTEXT('2D SPACE',''
  ) );
#2225 = ORIENTED_EDGE('',*,*,#2226,.T.);
#2226 = EDGE_CURVE('',#2204,#2227,#2229,.T.);
#2227 = VERTEX_POINT('',#2228);
#2228 = CARTESIAN_POINT('',(52.,11.5,236.));
#2229 = SURFACE_CURVE('',#2230,(#2234,#2241),.PCURVE_S1.);
#2230 = LINE('',#2231,#2232);
#2231 = CARTESIAN_POINT('',(52.,11.5,226.));
#2232 = VECTOR('',#2233,1.);
#2233 = DIRECTION('',(0.,0.,1.));
#2234 = PCURVE('',#1035,#2235);
#2235 = DEFINITIONAL_REPRESENTATION('',(#2236),#2240);
#2236 = LINE('',#2237,#2238);
#2237 = CARTESIAN_POINT('',(-17.,9.5));
#2238 = VECTOR('',#2239,1.);
#2239 = DIRECTION('',(0.,-1.));
#2240 = ( GEOMETRIC_REPRESENTATION_CONTEXT(2) 
PARAMETRIC_REPRESENTATION_CONTEXT() REPRESENTATION_CONTEXT('2D SPACE',''
  ) );
#2241 = PCURVE('',#561,#2242);
#2242 = DEFINITIONAL_REPRESENTATION('',(#2243),#2247);
#2243 = LINE('',#2244,#2245);
#2244 = CARTESIAN_POINT('',(0.,0.));
#2245 = VECTOR('',#2246,1.);
#2246 = DIRECTION('',(1.,0.));
#2247 = ( GEOMETRIC_REPRESENTATION_CONTEXT(2) 
PARAMETRIC_REPRESENTATION_CONTEXT() REPRESENTATION_CONTEXT('2D SPACE',''
  ) );
#2248 = ORIENTED_EDGE('',*,*,#2249,.F.);
#2249 = EDGE_CURVE('',#1593,#2227,#2250,.T.);
#2250 = SURFACE_CURVE('',#2251,(#2255,#2262),.PCURVE_S1.);
#2251 = LINE('',#2252,#2253);
#2252 = CARTESIAN_POINT('',(30.,11.5,236.));
#2253 = VECTOR('',#2254,1.);
#2254 = DIRECTION('',(1.,0.,0.));
#2255 = PCURVE('',#1035,#2256);
#2256 = DEFINITIONAL_REPRESENTATION('',(#2257),#2261);
#2257 = LINE('',#2258,#2259);
#2258 = CARTESIAN_POINT('',(5.,-0.5));
#2259 = VECTOR('',#2260,1.);
#2260 = DIRECTION('',(-1.,0.));
#2261 = ( GEOMETRIC_REPRESENTATION_CONTEXT(2) 
PARAMETRIC_REPRESENTATION_CONTEXT() REPRESENTATION_CONTEXT('2D SPACE',''
  ) );
#2262 = PCURVE('',#589,#2263);
#2263 = DEFINITIONAL_REPRESENTATION('',(#2264),#2268);
#2264 = LINE('',#2265,#2266);
#2265 = CARTESIAN_POINT('',(0.,0.));
#2266 = VECTOR('',#2267,1.);
#2267 = DIRECTION('',(1.,0.));
#2268 = ( GEOMETRIC_REPRESENTATION_CONTEXT(2) 
PARAMETRIC_REPRESENTATION_CONTEXT() REPRESENTATION_CONTEXT('2D SPACE',''
  ) );
#2269 = ORIENTED_EDGE('',*,*,#1615,.T.);
#2270 = ORIENTED_EDGE('',*,*,#1567,.T.);
#2271 = ORIENTED_EDGE('',*,*,#1513,.F.);
#2272 = ORIENTED_EDGE('',*,*,#1440,.T.);
#2273 = ORIENTED_EDGE('',*,*,#1390,.T.);
#2274 = ORIENTED_EDGE('',*,*,#1341,.T.);
#2275 = ORIENTED_EDGE('',*,*,#1293,.T.);
#2276 = ORIENTED_EDGE('',*,*,#1244,.F.);
#2277 = ORIENTED_EDGE('',*,*,#1212,.F.);
#2278 = ORIENTED_EDGE('',*,*,#1139,.F.);
#2279 = ORIENTED_EDGE('',*,*,#1091,.F.);
#2280 = FACE_BOUND('',#2281,.T.);
#2281 = EDGE_LOOP('',(#2282));
#2282 = ORIENTED_EDGE('',*,*,#1712,.T.);
#2283 = FACE_BOUND('',#2284,.T.);
#2284 = EDGE_LOOP('',(#2285));
#2285 = ORIENTED_EDGE('',*,*,#1766,.T.);
#2286 = FACE_BOUND('',#2287,.T.);
#2287 = EDGE_LOOP('',(#2288));
#2288 = ORIENTED_EDGE('',*,*,#1820,.T.);
#2289 = ADVANCED_FACE('',(#2290),#589,.T.);
#2290 = FACE_BOUND('',#2291,.T.);
#2291 = EDGE_LOOP('',(#2292,#2293,#2294,#2295));
#2292 = ORIENTED_EDGE('',*,*,#573,.F.);
#2293 = ORIENTED_EDGE('',*,*,#1592,.T.);
#2294 = ORIENTED_EDGE('',*,*,#2249,.T.);
#2295 = ORIENTED_EDGE('',*,*,#2296,.T.);
#2296 = EDGE_CURVE('',#2227,#546,#2297,.T.);
#2297 = SURFACE_CURVE('',#2298,(#2302,#2309),.PCURVE_S1.);
#2298 = LINE('',#2299,#2300);
#2299 = CARTESIAN_POINT('',(52.,11.5,236.));
#2300 = VECTOR('',#2301,1.);
#2301 = DIRECTION('',(0.,1.,0.));
#2302 = PCURVE('',#589,#2303);
#2303 = DEFINITIONAL_REPRESENTATION('',(#2304),#2308);
#2304 = LINE('',#2305,#2306);
#2305 = CARTESIAN_POINT('',(22.,0.));
#2306 = VECTOR('',#2307,1.);
#2307 = DIRECTION('',(0.,1.));
#2308 = ( GEOMETRIC_REPRESENTATION_CONTEXT(2) 
PARAMETRIC_REPRESENTATION_CONTEXT() REPRESENTATION_CONTEXT('2D SPACE',''
  ) );
#2309 = PCURVE('',#561,#2310);
#2310 = DEFINITIONAL_REPRESENTATION('',(#2311),#2315);
#2311 = LINE('',#2312,#2313);
#2312 = CARTESIAN_POINT('',(10.,0.));
#2313 = VECTOR('',#2314,1.);
#2314 = DIRECTION('',(0.,-1.));
#2315 = ( GEOMETRIC_REPRESENTATION_CONTEXT(2) 
PARAMETRIC_REPRESENTATION_CONTEXT() REPRESENTATION_CONTEXT('2D SPACE',''
  ) );
#2316 = ADVANCED_FACE('',(#2317),#101,.F.);
#2317 = FACE_BOUND('',#2318,.F.);
#2318 = EDGE_LOOP('',(#2319,#2320,#2341,#2342));
#2319 = ORIENTED_EDGE('',*,*,#1852,.F.);
#2320 = ORIENTED_EDGE('',*,*,#2321,.T.);
#2321 = EDGE_CURVE('',#1853,#86,#2322,.T.);
#2322 = SURFACE_CURVE('',#2323,(#2327,#2334),.PCURVE_S1.);
#2323 = LINE('',#2324,#2325);
#2324 = CARTESIAN_POINT('',(30.,11.5,226.));
#2325 = VECTOR('',#2326,1.);
#2326 = DIRECTION('',(0.,1.,0.));
#2327 = PCURVE('',#101,#2328);
#2328 = DEFINITIONAL_REPRESENTATION('',(#2329),#2333);
#2329 = LINE('',#2330,#2331);
#2330 = CARTESIAN_POINT('',(0.,0.));
#2331 = VECTOR('',#2332,1.);
#2332 = DIRECTION('',(0.,-1.));
#2333 = ( GEOMETRIC_REPRESENTATION_CONTEXT(2) 
PARAMETRIC_REPRESENTATION_CONTEXT() REPRESENTATION_CONTEXT('2D SPACE',''
  ) );
#2334 = PCURVE('',#129,#2335);
#2335 = DEFINITIONAL_REPRESENTATION('',(#2336),#2340);
#2336 = LINE('',#2337,#2338);
#2337 = CARTESIAN_POINT('',(0.,0.));
#2338 = VECTOR('',#2339,1.);
#2339 = DIRECTION('',(0.,1.));
#2340 = ( GEOMETRIC_REPRESENTATION_CONTEXT(2) 
PARAMETRIC_REPRESENTATION_CONTEXT() REPRESENTATION_CONTEXT('2D SPACE',''
  ) );
#2341 = ORIENTED_EDGE('',*,*,#85,.T.);
#2342 = ORIENTED_EDGE('',*,*,#1642,.T.);
#2343 = ADVANCED_FACE('',(#2344),#561,.T.);
#2344 = FACE_BOUND('',#2345,.T.);
#2345 = EDGE_LOOP('',(#2346,#2347,#2368,#2369));
#2346 = ORIENTED_EDGE('',*,*,#2226,.F.);
#2347 = ORIENTED_EDGE('',*,*,#2348,.T.);
#2348 = EDGE_CURVE('',#2204,#518,#2349,.T.);
#2349 = SURFACE_CURVE('',#2350,(#2354,#2361),.PCURVE_S1.);
#2350 = LINE('',#2351,#2352);
#2351 = CARTESIAN_POINT('',(52.,11.5,226.));
#2352 = VECTOR('',#2353,1.);
#2353 = DIRECTION('',(0.,1.,0.));
#2354 = PCURVE('',#561,#2355);
#2355 = DEFINITIONAL_REPRESENTATION('',(#2356),#2360);
#2356 = LINE('',#2357,#2358);
#2357 = CARTESIAN_POINT('',(0.,0.));
#2358 = VECTOR('',#2359,1.);
#2359 = DIRECTION('',(0.,-1.));
#2360 = ( GEOMETRIC_REPRESENTATION_CONTEXT(2) 
PARAMETRIC_REPRESENTATION_CONTEXT() REPRESENTATION_CONTEXT('2D SPACE',''
  ) );
#2361 = PCURVE('',#533,#2362);
#2362 = DEFINITIONAL_REPRESENTATION('',(#2363),#2367);
#2363 = LINE('',#2364,#2365);
#2364 = CARTESIAN_POINT('',(22.,0.));
#2365 = VECTOR('',#2366,1.);
#2366 = DIRECTION('',(0.,1.));
#2367 = ( GEOMETRIC_REPRESENTATION_CONTEXT(2) 
PARAMETRIC_REPRESENTATION_CONTEXT() REPRESENTATION_CONTEXT('2D SPACE',''
  ) );
#2368 = ORIENTED_EDGE('',*,*,#545,.T.);
#2369 = ORIENTED_EDGE('',*,*,#2296,.F.);
#2370 = ADVANCED_FACE('',(#2371),#129,.F.);
#2371 = FACE_BOUND('',#2372,.F.);
#2372 = EDGE_LOOP('',(#2373,#2374,#2375,#2376));
#2373 = ORIENTED_EDGE('',*,*,#113,.F.);
#2374 = ORIENTED_EDGE('',*,*,#2321,.F.);
#2375 = ORIENTED_EDGE('',*,*,#1875,.T.);
#2376 = ORIENTED_EDGE('',*,*,#2377,.T.);
#2377 = EDGE_CURVE('',#1876,#114,#2378,.T.);
#2378 = SURFACE_CURVE('',#2379,(#2385,#2394),.PCURVE_S1.);
#2379 = B_SPLINE_CURVE_WITH_KNOTS('',4,(#2380,#2381,#2382,#2383,#2384),
  .UNSPECIFIED.,.F.,.F.,(5,5),(0.,1.),.PIECEWISE_BEZIER_KNOTS.);
#2380 = CARTESIAN_POINT('',(43.901956761144,11.5,226.));
#2381 = CARTESIAN_POINT('',(44.195309108856,12.268960995714,226.));
#2382 = CARTESIAN_POINT('',(44.517701215645,13.026804816919,226.));
#2383 = CARTESIAN_POINT('',(44.869803456334,13.771415811715,226.));
#2384 = CARTESIAN_POINT('',(45.252351035971,14.5,226.));
#2385 = PCURVE('',#129,#2386);
#2386 = DEFINITIONAL_REPRESENTATION('',(#2387),#2393);
#2387 = B_SPLINE_CURVE_WITH_KNOTS('',4,(#2388,#2389,#2390,#2391,#2392),
  .UNSPECIFIED.,.F.,.F.,(5,5),(0.,1.),.PIECEWISE_BEZIER_KNOTS.);
#2388 = CARTESIAN_POINT('',(13.901956761144,0.));
#2389 = CARTESIAN_POINT('',(14.195309108856,0.768960995714));
#2390 = CARTESIAN_POINT('',(14.517701215645,1.526804816919));
#2391 = CARTESIAN_POINT('',(14.869803456334,2.271415811715));
#2392 = CARTESIAN_POINT('',(15.252351035971,3.));
#2393 = ( GEOMETRIC_REPRESENTATION_CONTEXT(2) 
PARAMETRIC_REPRESENTATION_CONTEXT() REPRESENTATION_CONTEXT('2D SPACE',''
  ) );
#2394 = PCURVE('',#205,#2395);
#2395 = DEFINITIONAL_REPRESENTATION('',(#2396),#2402);
#2396 = B_SPLINE_CURVE_WITH_KNOTS('',4,(#2397,#2398,#2399,#2400,#2401),
  .UNSPECIFIED.,.F.,.F.,(5,5),(0.,1.),.PIECEWISE_BEZIER_KNOTS.);
#2397 = CARTESIAN_POINT('',(2.696644239715,-0.314481210248));
#2398 = CARTESIAN_POINT('',(2.663082096402,-0.314481210248));
#2399 = CARTESIAN_POINT('',(2.628806088415,-0.314481210248));
#2400 = CARTESIAN_POINT('',(2.593684547209,-0.314481210248));
#2401 = CARTESIAN_POINT('',(2.55754844438,-0.314481210248));
#2402 = ( GEOMETRIC_REPRESENTATION_CONTEXT(2) 
PARAMETRIC_REPRESENTATION_CONTEXT() REPRESENTATION_CONTEXT('2D SPACE',''
  ) );
#2403 = ADVANCED_FACE('',(#2404),#205,.T.);
#2404 = FACE_BOUND('',#2405,.T.);
#2405 = EDGE_LOOP('',(#2406,#2437,#2905,#2906,#2907,#2908,#3376));
#2406 = ORIENTED_EDGE('',*,*,#2407,.T.);
#2407 = EDGE_CURVE('',#2408,#2410,#2412,.T.);
#2408 = VERTEX_POINT('',#2409);
#2409 = CARTESIAN_POINT('',(60.,-3.899375434921E-31,220.));
#2410 = VERTEX_POINT('',#2411);
#2411 = CARTESIAN_POINT('',(78.015971384122,-6.038349935963E-15,231.2));
#2412 = SEAM_CURVE('',#2413,(#2419,#2428),.PCURVE_S1.);
#2413 = ( BOUNDED_CURVE() B_SPLINE_CURVE(2,(#2414,#2415,#2416,#2417,
#2418),.UNSPECIFIED.,.F.,.F.) B_SPLINE_CURVE_WITH_KNOTS((3,2,3),(
    4.712388980385,6.28318530718,7.853981633974),
.PIECEWISE_BEZIER_KNOTS.) CURVE() GEOMETRIC_REPRESENTATION_ITEM() 
RATIONAL_B_SPLINE_CURVE((1.,0.707106781187,1.,0.707106781187,1.)) 
REPRESENTATION_ITEM('') );
#2414 = CARTESIAN_POINT('',(60.,1.169812630476E-30,220.));
#2415 = CARTESIAN_POINT('',(79.,-6.368163355566E-15,220.));
#2416 = CARTESIAN_POINT('',(79.,-6.368163355566E-15,228.5));
#2417 = CARTESIAN_POINT('',(79.,-6.368163355566E-15,237.));
#2418 = CARTESIAN_POINT('',(60.,-1.94968771746E-30,237.));
#2419 = PCURVE('',#205,#2420);
#2420 = DEFINITIONAL_REPRESENTATION('',(#2421),#2427);
#2421 = B_SPLINE_CURVE_WITH_KNOTS('',2,(#2422,#2423,#2424,#2425,#2426),
  .UNSPECIFIED.,.F.,.F.,(3,2,3),(4.712388980385,6.28318530718,
    7.853981633974),.PIECEWISE_BEZIER_KNOTS.);
#2422 = CARTESIAN_POINT('',(6.28318530718,-1.570796326795));
#2423 = CARTESIAN_POINT('',(6.28318530718,-0.785398163397));
#2424 = CARTESIAN_POINT('',(6.28318530718,-2.720481184601E-16));
#2425 = CARTESIAN_POINT('',(6.28318530718,0.785398163397));
#2426 = CARTESIAN_POINT('',(6.28318530718,1.570796326795));
#2427 = ( GEOMETRIC_REPRESENTATION_CONTEXT(2) 
PARAMETRIC_REPRESENTATION_CONTEXT() REPRESENTATION_CONTEXT('2D SPACE',''
  ) );
#2428 = PCURVE('',#205,#2429);
#2429 = DEFINITIONAL_REPRESENTATION('',(#2430),#2436);
#2430 = B_SPLINE_CURVE_WITH_KNOTS('',2,(#2431,#2432,#2433,#2434,#2435),
  .UNSPECIFIED.,.F.,.F.,(3,2,3),(4.712388980385,6.28318530718,
    7.853981633974),.PIECEWISE_BEZIER_KNOTS.);
#2431 = CARTESIAN_POINT('',(0.,-1.570796326795));
#2432 = CARTESIAN_POINT('',(0.,-0.785398163397));
#2433 = CARTESIAN_POINT('',(0.,-2.720481184601E-16));
#2434 = CARTESIAN_POINT('',(0.,0.785398163397));
#2435 = CARTESIAN_POINT('',(0.,1.570796326795));
#2436 = ( GEOMETRIC_REPRESENTATION_CONTEXT(2) 
PARAMETRIC_REPRESENTATION_CONTEXT() REPRESENTATION_CONTEXT('2D SPACE',''
  ) );
#2437 = ORIENTED_EDGE('',*,*,#2438,.T.);
#2438 = EDGE_CURVE('',#2410,#1899,#2439,.T.);
#2439 = SURFACE_CURVE('',#2440,(#2593,#2749),.PCURVE_S1.);
#2440 = B_SPLINE_CURVE_WITH_KNOTS('',6,(#2441,#2442,#2443,#2444,#2445,
    #2446,#2447,#2448,#2449,#2450,#2451,#2452,#2453,#2454,#2455,#2456,
    #2457,#2458,#2459,#2460,#2461,#2462,#2463,#2464,#2465,#2466,#2467,
    #2468,#2469,#2470,#2471,#2472,#2473,#2474,#2475,#2476,#2477,#2478,
    #2479,#2480,#2481,#2482,#2483,#2484,#2485,#2486,#2487,#2488,#2489,
    #2490,#2491,#2492,#2493,#2494,#2495,#2496,#2497,#2498,#2499,#2500,
    #2501,#2502,#2503,#2504,#2505,#2506,#2507,#2508,#2509,#2510,#2511,
    #2512,#2513,#2514,#2515,#2516,#2517,#2518,#2519,#2520,#2521,#2522,
    #2523,#2524,#2525,#2526,#2527,#2528,#2529,#2530,#2531,#2532,#2533,
    #2534,#2535,#2536,#2537,#2538,#2539,#2540,#2541,#2542,#2543,#2544,
    #2545,#2546,#2547,#2548,#2549,#2550,#2551,#2552,#2553,#2554,#2555,
    #2556,#2557,#2558,#2559,#2560,#2561,#2562,#2563,#2564,#2565,#2566,
    #2567,#2568,#2569,#2570,#2571,#2572,#2573,#2574,#2575,#2576,#2577,
    #2578,#2579,#2580,#2581,#2582,#2583,#2584,#2585,#2586,#2587,#2588,
    #2589,#2590,#2591,#2592),.UNSPECIFIED.,.T.,.F.,(7,5,5,5,5,5,5,5,5,5,
    5,5,5,5,5,5,5,5,5,5,5,5,5,5,5,5,5,5,5,5,7),(0.,6.035052141429E-02,
    0.126630887862,0.169375275723,0.202237527788,0.219691916074,
    0.254352916893,0.278427823032,0.306471955443,0.322432143385,
    0.330289713286,0.338938499916,0.37906967408,0.41064322413,
    0.435046870613,0.499465114094,0.563883357576,0.588287004059,
    0.619860554109,0.659991728272,0.667854261571,0.673358034882,
    0.692524030753,0.709763172703,0.744812655682,0.779587400873,
    0.797099067899,0.830069161518,0.872953820387,0.938345891373,1.),
  .UNSPECIFIED.);
#2441 = CARTESIAN_POINT('',(78.015971384122,0.,231.2));
#2442 = CARTESIAN_POINT('',(78.01597143855,-1.333006590687,231.2));
#2443 = CARTESIAN_POINT('',(77.952766544175,-2.666025405521,231.2));
#2444 = CARTESIAN_POINT('',(77.826355932602,-3.995512948988,231.2));
#2445 = CARTESIAN_POINT('',(77.636191775013,-5.317576459459,231.2));
#2446 = CARTESIAN_POINT('',(77.381393301318,-6.627993631544,231.2));
#2447 = CARTESIAN_POINT('',(76.708003125266,-9.343514603765,231.2));
#2448 = CARTESIAN_POINT('',(76.275893955824,-10.74478561794,231.2));
#2449 = CARTESIAN_POINT('',(75.762169354753,-12.12031658858,231.2));
#2450 = CARTESIAN_POINT('',(75.164186014155,-13.4621880735,231.2));
#2451 = CARTESIAN_POINT('',(74.479334155497,-14.76051165895,231.2));
#2452 = CARTESIAN_POINT('',(73.204687889497,-16.8045302308,231.2));
#2453 = CARTESIAN_POINT('',(72.667632637509,-17.58252622945,231.2));
#2454 = CARTESIAN_POINT('',(72.092479267608,-18.33384204314,231.2));
#2455 = CARTESIAN_POINT('',(71.478661971772,-19.05431499875,231.2));
#2456 = CARTESIAN_POINT('',(70.826000896995,-19.73905207855,231.2));
#2457 = CARTESIAN_POINT('',(69.603525031224,-20.87730586131,231.2));
#2458 = CARTESIAN_POINT('',(69.049494611708,-21.34763106719,231.2));
#2459 = CARTESIAN_POINT('',(68.472992732437,-21.79102560611,231.2));
#2460 = CARTESIAN_POINT('',(67.874578475686,-22.20465638482,231.2));
#2461 = CARTESIAN_POINT('',(67.255249499203,-22.58549956773,231.2));
#2462 = CARTESIAN_POINT('',(66.277404660759,-23.11385964906,231.2));
#2463 = CARTESIAN_POINT('',(65.93275347072,-23.28705195432,231.2));
#2464 = CARTESIAN_POINT('',(65.582902017595,-23.44970527075,231.2));
#2465 = CARTESIAN_POINT('',(65.22814236982,-23.60137667911,231.2));
#2466 = CARTESIAN_POINT('',(64.868819437216,-23.74164212424,231.2));
#2467 = CARTESIAN_POINT('',(63.783532366468,-24.1252229309,231.2));
#2468 = CARTESIAN_POINT('',(63.045188329549,-24.33386361379,231.2));
#2469 = CARTESIAN_POINT('',(62.293698118603,-24.49285136323,231.2));
#2470 = CARTESIAN_POINT('',(61.532953836576,-24.5998071598,231.2));
#2471 = CARTESIAN_POINT('',(60.767372763014,-24.65331978809,231.2));
#2472 = CARTESIAN_POINT('',(59.470338926229,-24.65351420598,231.2));
#2473 = CARTESIAN_POINT('',(58.938688490731,-24.62783177191,231.2));
#2474 = CARTESIAN_POINT('',(58.408642669024,-24.57638729728,231.2));
#2475 = CARTESIAN_POINT('',(57.881724591227,-24.49949460606,231.2));
#2476 = CARTESIAN_POINT('',(57.359363170293,-24.39774063489,231.2));
#2477 = CARTESIAN_POINT('',(56.241282017427,-24.1254095777,231.2));
#2478 = CARTESIAN_POINT('',(55.647607337779,-23.94623808006,231.2));
#2479 = CARTESIAN_POINT('',(55.063968604663,-23.73571370802,231.2));
#2480 = CARTESIAN_POINT('',(54.492042572299,-23.49548817311,231.2));
#2481 = CARTESIAN_POINT('',(53.933163928213,-23.22737930934,231.2));
#2482 = CARTESIAN_POINT('',(53.078317162716,-22.76588046876,231.2));
#2483 = CARTESIAN_POINT('',(52.772823313587,-22.59007074439,231.2));
#2484 = CARTESIAN_POINT('',(52.472070197213,-22.40617749338,231.2));
#2485 = CARTESIAN_POINT('',(52.176208563668,-22.21454550476,231.2));
#2486 = CARTESIAN_POINT('',(51.885358721833,-22.015515612,231.2));
#2487 = CARTESIAN_POINT('',(51.458778845505,-21.70783861937,231.2));
#2488 = CARTESIAN_POINT('',(51.318845801691,-21.60429853308,231.2));
#2489 = CARTESIAN_POINT('',(51.181056373285,-21.49970103692,231.2));
#2490 = CARTESIAN_POINT('',(51.045475817206,-21.39425410737,231.2));
#2491 = CARTESIAN_POINT('',(50.911065014621,-21.28725167999,231.2));
#2492 = CARTESIAN_POINT('',(50.627233678228,-21.0557451117,231.2));
#2493 = CARTESIAN_POINT('',(50.478678590465,-20.93140075054,231.2));
#2494 = CARTESIAN_POINT('',(50.330221461345,-20.80388251786,231.2));
#2495 = CARTESIAN_POINT('',(50.181914532301,-20.67315525261,231.2));
#2496 = CARTESIAN_POINT('',(50.03381215985,-20.53918590975,231.2));
#2497 = CARTESIAN_POINT('',(49.199972360848,-19.76512579194,231.2));
#2498 = CARTESIAN_POINT('',(48.551671153879,-19.08761713051,231.2));
#2499 = CARTESIAN_POINT('',(47.941482178691,-18.37477217425,231.2));
#2500 = CARTESIAN_POINT('',(47.369264808285,-17.63137698326,231.2));
#2501 = CARTESIAN_POINT('',(46.834491912155,-16.86151289957,231.2));
#2502 = CARTESIAN_POINT('',(45.944555122533,-15.44444678772,231.2));
#2503 = CARTESIAN_POINT('',(45.575444180377,-14.80615375156,231.2));
#2504 = CARTESIAN_POINT('',(45.228744813462,-14.15516710101,231.2));
#2505 = CARTESIAN_POINT('',(44.904105179342,-13.49293912521,231.2));
#2506 = CARTESIAN_POINT('',(44.601170735796,-12.82074495078,231.2));
#2507 = CARTESIAN_POINT('',(44.101955232485,-11.6132713442,231.2));
#2508 = CARTESIAN_POINT('',(43.897081145183,-11.08157488788,231.2));
#2509 = CARTESIAN_POINT('',(43.704812153749,-10.54510271623,231.2));
#2510 = CARTESIAN_POINT('',(43.525002061134,-10.00432923097,231.2));
#2511 = CARTESIAN_POINT('',(43.357516117205,-9.459690082825,231.2));
#2512 = CARTESIAN_POINT('',(42.792326510396,-7.464746418967,231.2));
#2513 = CARTESIAN_POINT('',(42.467501472733,-5.993973268917,231.2));
#2514 = CARTESIAN_POINT('',(42.225340714028,-4.506193832101,231.2));
#2515 = CARTESIAN_POINT('',(42.064480677009,-3.007636569821,231.2));
#2516 = CARTESIAN_POINT('',(41.984028476883,-1.503920635403,231.2));
#2517 = CARTESIAN_POINT('',(41.984028476882,1.503920635397,231.2));
#2518 = CARTESIAN_POINT('',(42.064480677009,3.007636569808,231.2));
#2519 = CARTESIAN_POINT('',(42.225340714028,4.506193832101,231.2));
#2520 = CARTESIAN_POINT('',(42.467501472731,5.993973268906,231.2));
#2521 = CARTESIAN_POINT('',(42.792326510394,7.464746418962,231.2));
#2522 = CARTESIAN_POINT('',(43.357516117203,9.459690082819,231.2));
#2523 = CARTESIAN_POINT('',(43.525002061132,10.004329230971,231.2));
#2524 = CARTESIAN_POINT('',(43.704812153747,10.545102716223,231.2));
#2525 = CARTESIAN_POINT('',(43.897081145181,11.08157488788,231.2));
#2526 = CARTESIAN_POINT('',(44.101955232483,11.613271344199,231.2));
#2527 = CARTESIAN_POINT('',(44.601170735793,12.820744950783,231.2));
#2528 = CARTESIAN_POINT('',(44.90410517934,13.492939125205,231.2));
#2529 = CARTESIAN_POINT('',(45.228744813459,14.155167101012,231.2));
#2530 = CARTESIAN_POINT('',(45.575444180374,14.806153751558,231.2));
#2531 = CARTESIAN_POINT('',(45.94455512253,15.444446787716,231.2));
#2532 = CARTESIAN_POINT('',(46.834491912151,16.861512899569,231.2));
#2533 = CARTESIAN_POINT('',(47.369264808282,17.63137698326,231.2));
#2534 = CARTESIAN_POINT('',(47.941482178688,18.374772174253,231.2));
#2535 = CARTESIAN_POINT('',(48.551671153876,19.08761713051,231.2));
#2536 = CARTESIAN_POINT('',(49.199972360845,19.765125791945,231.2));
#2537 = CARTESIAN_POINT('',(50.020372038277,20.526709325336,231.2));
#2538 = CARTESIAN_POINT('',(50.154988985101,20.648770144642,231.2));
#2539 = CARTESIAN_POINT('',(50.289779230383,20.76814923039,231.2));
#2540 = CARTESIAN_POINT('',(50.424701791407,20.884871258516,231.2));
#2541 = CARTESIAN_POINT('',(50.559717128413,20.998962368646,231.2));
#2542 = CARTESIAN_POINT('',(50.789464425758,21.188596678062,231.2));
#2543 = CARTESIAN_POINT('',(50.88387737272,21.26522380422,231.2));
#2544 = CARTESIAN_POINT('',(50.978249499094,21.340555614483,231.2));
#2545 = CARTESIAN_POINT('',(51.072910979205,21.414870031711,231.2));
#2546 = CARTESIAN_POINT('',(51.168298648083,21.488498829712,231.2));
#2547 = CARTESIAN_POINT('',(51.600915019884,21.816689812386,231.2));
#2548 = CARTESIAN_POINT('',(51.944286229254,22.061797051272,231.2));
#2549 = CARTESIAN_POINT('',(52.294934511762,22.296593177743,231.2));
#2550 = CARTESIAN_POINT('',(52.652673628804,22.520496837269,231.2));
#2551 = CARTESIAN_POINT('',(53.017256686898,22.732916292247,231.2));
#2552 = CARTESIAN_POINT('',(53.722167000958,23.113470244311,231.2));
#2553 = CARTESIAN_POINT('',(54.061248550491,23.283910339194,231.2));
#2554 = CARTESIAN_POINT('',(54.405378096177,23.444156694872,231.2));
#2555 = CARTESIAN_POINT('',(54.754278558594,23.593786046248,231.2));
#2556 = CARTESIAN_POINT('',(55.10762325732,23.732392482717,231.2));
#2557 = CARTESIAN_POINT('',(56.191686416803,24.118230654281,231.2));
#2558 = CARTESIAN_POINT('',(56.935273666031,24.32979385934,231.2));
#2559 = CARTESIAN_POINT('',(57.692345412127,24.491011411755,231.2));
#2560 = CARTESIAN_POINT('',(58.45893439304,24.59942057021,231.2));
#2561 = CARTESIAN_POINT('',(59.230524796189,24.653550031162,231.2));
#2562 = CARTESIAN_POINT('',(60.767372763009,24.653319788097,231.2));
#2563 = CARTESIAN_POINT('',(61.532953836575,24.599807159802,231.2));
#2564 = CARTESIAN_POINT('',(62.293698118596,24.492851363233,231.2));
#2565 = CARTESIAN_POINT('',(63.045188329548,24.333863613801,231.2));
#2566 = CARTESIAN_POINT('',(63.783532366463,24.125222930902,231.2));
#2567 = CARTESIAN_POINT('',(64.868819437213,23.741642124244,231.2));
#2568 = CARTESIAN_POINT('',(65.228142369816,23.601376679112,231.2));
#2569 = CARTESIAN_POINT('',(65.582902017591,23.449705270759,231.2));
#2570 = CARTESIAN_POINT('',(65.932753470717,23.287051954322,231.2));
#2571 = CARTESIAN_POINT('',(66.277404660756,23.113859649067,231.2));
#2572 = CARTESIAN_POINT('',(67.255249499201,22.585499567734,231.2));
#2573 = CARTESIAN_POINT('',(67.874578475679,22.204656384837,231.2));
#2574 = CARTESIAN_POINT('',(68.472992732438,21.79102560611,231.2));
#2575 = CARTESIAN_POINT('',(69.049494611702,21.347631067208,231.2));
#2576 = CARTESIAN_POINT('',(69.603525031222,20.877305861311,231.2));
#2577 = CARTESIAN_POINT('',(70.826000896994,19.739052078553,231.2));
#2578 = CARTESIAN_POINT('',(71.478661971768,19.054314998763,231.2));
#2579 = CARTESIAN_POINT('',(72.092479267606,18.333842043145,231.2));
#2580 = CARTESIAN_POINT('',(72.667632637508,17.58252622946,231.2));
#2581 = CARTESIAN_POINT('',(73.204687889493,16.804530230811,231.2));
#2582 = CARTESIAN_POINT('',(74.466448096879,14.78117581119,231.2));
#2583 = CARTESIAN_POINT('',(75.141393120774,13.505337853226,231.2));
#2584 = CARTESIAN_POINT('',(75.732276006677,12.187198076758,231.2));
#2585 = CARTESIAN_POINT('',(76.241589783596,10.836202501891,231.2));
#2586 = CARTESIAN_POINT('',(76.671856212374,9.459934754587,231.2));
#2587 = CARTESIAN_POINT('',(77.357916553524,6.747583922925,231.2));
#2588 = CARTESIAN_POINT('',(77.622176837637,5.414112754742,231.2));
#2589 = CARTESIAN_POINT('',(77.819369451587,4.068325785527,231.2));
#2590 = CARTESIAN_POINT('',(77.950437296422,2.714698680951,231.2));
#2591 = CARTESIAN_POINT('',(78.015971446946,1.357346300237,231.2));
#2592 = CARTESIAN_POINT('',(78.015971384122,7.105427357601E-15,231.2));
#2593 = PCURVE('',#205,#2594);
#2594 = DEFINITIONAL_REPRESENTATION('',(#2595),#2748);
#2595 = B_SPLINE_CURVE_WITH_KNOTS('',6,(#2596,#2597,#2598,#2599,#2600,
    #2601,#2602,#2603,#2604,#2605,#2606,#2607,#2608,#2609,#2610,#2611,
    #2612,#2613,#2614,#2615,#2616,#2617,#2618,#2619,#2620,#2621,#2622,
    #2623,#2624,#2625,#2626,#2627,#2628,#2629,#2630,#2631,#2632,#2633,
    #2634,#2635,#2636,#2637,#2638,#2639,#2640,#2641,#2642,#2643,#2644,
    #2645,#2646,#2647,#2648,#2649,#2650,#2651,#2652,#2653,#2654,#2655,
    #2656,#2657,#2658,#2659,#2660,#2661,#2662,#2663,#2664,#2665,#2666,
    #2667,#2668,#2669,#2670,#2671,#2672,#2673,#2674,#2675,#2676,#2677,
    #2678,#2679,#2680,#2681,#2682,#2683,#2684,#2685,#2686,#2687,#2688,
    #2689,#2690,#2691,#2692,#2693,#2694,#2695,#2696,#2697,#2698,#2699,
    #2700,#2701,#2702,#2703,#2704,#2705,#2706,#2707,#2708,#2709,#2710,
    #2711,#2712,#2713,#2714,#2715,#2716,#2717,#2718,#2719,#2720,#2721,
    #2722,#2723,#2724,#2725,#2726,#2727,#2728,#2729,#2730,#2731,#2732,
    #2733,#2734,#2735,#2736,#2737,#2738,#2739,#2740,#2741,#2742,#2743,
    #2744,#2745,#2746,#2747),.UNSPECIFIED.,.F.,.F.,(7,5,5,5,5,5,5,5,5,5,
    5,5,5,5,5,5,5,5,5,5,5,5,5,5,5,5,5,5,5,5,7),(0.,6.035052141429E-02,
    0.126630887862,0.169375275723,0.202237527788,0.219691916074,
    0.254352916893,0.278427823032,0.306471955443,0.322432143385,
    0.330289713286,0.338938499916,0.37906967408,0.41064322413,
    0.435046870613,0.499465114094,0.563883357576,0.588287004059,
    0.619860554109,0.659991728272,0.667854261571,0.673358034882,
    0.692524030753,0.709763172703,0.744812655682,0.779587400873,
    0.797099067899,0.830069161518,0.872953820387,0.938345891373,1.),
  .UNSPECIFIED.);
#2596 = CARTESIAN_POINT('',(6.28318530718,0.339282721902));
#2597 = CARTESIAN_POINT('',(6.217804142772,0.339282721902));
#2598 = CARTESIAN_POINT('',(6.154871383057,0.339282721902));
#2599 = CARTESIAN_POINT('',(6.093873823206,0.339282721902));
#2600 = CARTESIAN_POINT('',(6.034418188981,0.339282721902));
#2601 = CARTESIAN_POINT('',(5.976158371153,0.339282721902));
#2602 = CARTESIAN_POINT('',(5.855723026139,0.339282721902));
#2603 = CARTESIAN_POINT('',(5.793746004858,0.339282721902));
#2604 = CARTESIAN_POINT('',(5.732369650811,0.339282721902));
#2605 = CARTESIAN_POINT('',(5.671217389955,0.339282721902));
#2606 = CARTESIAN_POINT('',(5.609924303312,0.339282721902));
#2607 = CARTESIAN_POINT('',(5.508151414099,0.339282721902));
#2608 = CARTESIAN_POINT('',(5.468020398774,0.339282721902));
#2609 = CARTESIAN_POINT('',(5.427545347472,0.339282721902));
#2610 = CARTESIAN_POINT('',(5.38662172351,0.339282721902));
#2611 = CARTESIAN_POINT('',(5.345146237621,0.339282721902));
#2612 = CARTESIAN_POINT('',(5.270612467654,0.339282721902));
#2613 = CARTESIAN_POINT('',(5.237828354779,0.339282721902));
#2614 = CARTESIAN_POINT('',(5.204608146389,0.339282721902));
#2615 = CARTESIAN_POINT('',(5.170910624563,0.339282721902));
#2616 = CARTESIAN_POINT('',(5.136698887941,0.339282721902));
#2617 = CARTESIAN_POINT('',(5.083488142063,0.339282721902));
#2618 = CARTESIAN_POINT('',(5.064877386299,0.339282721902));
#2619 = CARTESIAN_POINT('',(5.046110528673,0.339282721902));
#2620 = CARTESIAN_POINT('',(5.027184587141,0.339282721902));
#2621 = CARTESIAN_POINT('',(5.00809762985,0.339282721902));
#2622 = CARTESIAN_POINT('',(4.950625386216,0.339282721902));
#2623 = CARTESIAN_POINT('',(4.911757441138,0.339282721902));
#2624 = CARTESIAN_POINT('',(4.87225354515,0.339282721902));
#2625 = CARTESIAN_POINT('',(4.832122631666,0.339282721902));
#2626 = CARTESIAN_POINT('',(4.791382387054,0.339282721902));
#2627 = CARTESIAN_POINT('',(4.721405819688,0.339282721902));
#2628 = CARTESIAN_POINT('',(4.692450661863,0.339282721902));
#2629 = CARTESIAN_POINT('',(4.66323777285,0.339282721902));
#2630 = CARTESIAN_POINT('',(4.633778184275,0.339282721902));
#2631 = CARTESIAN_POINT('',(4.604081552133,0.339282721902));
#2632 = CARTESIAN_POINT('',(4.539302912415,0.339282721902));
#2633 = CARTESIAN_POINT('',(4.504136801165,0.339282721902));
#2634 = CARTESIAN_POINT('',(4.468676460724,0.339282721902));
#2635 = CARTESIAN_POINT('',(4.432925391673,0.339282721902));
#2636 = CARTESIAN_POINT('',(4.396880146299,0.339282721902));
#2637 = CARTESIAN_POINT('',(4.339843725399,0.339282721902));
#2638 = CARTESIAN_POINT('',(4.319057948858,0.339282721902));
#2639 = CARTESIAN_POINT('',(4.298171014032,0.339282721902));
#2640 = CARTESIAN_POINT('',(4.277179739248,0.339282721902));
#2641 = CARTESIAN_POINT('',(4.256080031463,0.339282721902));
#2642 = CARTESIAN_POINT('',(4.224423180013,0.339282721902));
#2643 = CARTESIAN_POINT('',(4.213861222393,0.339282721902));
#2644 = CARTESIAN_POINT('',(4.203498501562,0.339282721902));
#2645 = CARTESIAN_POINT('',(4.192972758498,0.339282721902));
#2646 = CARTESIAN_POINT('',(4.182500408807,0.339282721902));
#2647 = CARTESIAN_POINT('',(4.160515870909,0.339282721902));
#2648 = CARTESIAN_POINT('',(4.14899669784,0.339282721902));
#2649 = CARTESIAN_POINT('',(4.137477524774,0.339282721902));
#2650 = CARTESIAN_POINT('',(4.125958351714,0.339282721902));
#2651 = CARTESIAN_POINT('',(4.114439178656,0.339282721902));
#2652 = CARTESIAN_POINT('',(4.049469971457,0.339282721902));
#2653 = CARTESIAN_POINT('',(3.998518909643,0.339282721902));
#2654 = CARTESIAN_POINT('',(3.949737776006,0.339282721902));
#2655 = CARTESIAN_POINT('',(3.902857147225,0.339282721902));
#2656 = CARTESIAN_POINT('',(3.857646498535,0.339282721902));
#2657 = CARTESIAN_POINT('',(3.779470415018,0.339282721902));
#2658 = CARTESIAN_POINT('',(3.745952914261,0.339282721902));
#2659 = CARTESIAN_POINT('',(3.713240402714,0.339282721902));
#2660 = CARTESIAN_POINT('',(3.681246679675,0.339282721902));
#2661 = CARTESIAN_POINT('',(3.64989526384,0.339282721902));
#2662 = CARTESIAN_POINT('',(3.595324029336,0.339282721902));
#2663 = CARTESIAN_POINT('',(3.571874655455,0.339282721902));
#2664 = CARTESIAN_POINT('',(3.548734692238,0.339282721902));
#2665 = CARTESIAN_POINT('',(3.525874391574,0.339282721902));
#2666 = CARTESIAN_POINT('',(3.503266180295,0.339282721902));
#2667 = CARTESIAN_POINT('',(3.421804218515,0.339282721902));
#2668 = CARTESIAN_POINT('',(3.364310720385,0.339282721902));
#2669 = CARTESIAN_POINT('',(3.307912415126,0.339282721902));
#2670 = CARTESIAN_POINT('',(3.252231622963,0.339282721902));
#2671 = CARTESIAN_POINT('',(3.196915734418,0.339282721902));
#2672 = CARTESIAN_POINT('',(3.086269572762,0.339282721902));
#2673 = CARTESIAN_POINT('',(3.030953684216,0.339282721902));
#2674 = CARTESIAN_POINT('',(2.975272892054,0.339282721902));
#2675 = CARTESIAN_POINT('',(2.918874586794,0.339282721902));
#2676 = CARTESIAN_POINT('',(2.861381088665,0.339282721902));
#2677 = CARTESIAN_POINT('',(2.779919126885,0.339282721902));
#2678 = CARTESIAN_POINT('',(2.757310915606,0.339282721902));
#2679 = CARTESIAN_POINT('',(2.734450614941,0.339282721902));
#2680 = CARTESIAN_POINT('',(2.711310651725,0.339282721902));
#2681 = CARTESIAN_POINT('',(2.687861277844,0.339282721902));
#2682 = CARTESIAN_POINT('',(2.63329004334,0.339282721902));
#2683 = CARTESIAN_POINT('',(2.601938627505,0.339282721902));
#2684 = CARTESIAN_POINT('',(2.569944904466,0.339282721902));
#2685 = CARTESIAN_POINT('',(2.537232392919,0.339282721902));
#2686 = CARTESIAN_POINT('',(2.503714892161,0.339282721902));
#2687 = CARTESIAN_POINT('',(2.425538808645,0.339282721902));
#2688 = CARTESIAN_POINT('',(2.380328159954,0.339282721902));
#2689 = CARTESIAN_POINT('',(2.333447531174,0.339282721902));
#2690 = CARTESIAN_POINT('',(2.284666397537,0.339282721902));
#2691 = CARTESIAN_POINT('',(2.233715335723,0.339282721902));
#2692 = CARTESIAN_POINT('',(2.169793326077,0.339282721902));
#2693 = CARTESIAN_POINT('',(2.159321350568,0.339282721902));
#2694 = CARTESIAN_POINT('',(2.148849375058,0.339282721902));
#2695 = CARTESIAN_POINT('',(2.138377399544,0.339282721902));
#2696 = CARTESIAN_POINT('',(2.127905424029,0.339282721902));
#2697 = CARTESIAN_POINT('',(2.110103065661,0.339282721902));
#2698 = CARTESIAN_POINT('',(2.102772682803,0.339282721902));
#2699 = CARTESIAN_POINT('',(2.095442299945,0.339282721902));
#2700 = CARTESIAN_POINT('',(2.088111917086,0.339282721902));
#2701 = CARTESIAN_POINT('',(2.080781534228,0.339282721902));
#2702 = CARTESIAN_POINT('',(2.047924284679,0.339282721902));
#2703 = CARTESIAN_POINT('',(2.022565836744,0.339282721902));
#2704 = CARTESIAN_POINT('',(1.997366343223,0.339282721902));
#2705 = CARTESIAN_POINT('',(1.972318189218,0.339282721902));
#2706 = CARTESIAN_POINT('',(1.947415612044,0.339282721902));
#2707 = CARTESIAN_POINT('',(1.900383134521,0.339282721902));
#2708 = CARTESIAN_POINT('',(1.878226136265,0.339282721902));
#2709 = CARTESIAN_POINT('',(1.856181056879,0.339282721902));
#2710 = CARTESIAN_POINT('',(1.834246302865,0.339282721902));
#2711 = CARTESIAN_POINT('',(1.812421526463,0.339282721902));
#2712 = CARTESIAN_POINT('',(1.746560925853,0.339282721902));
#2713 = CARTESIAN_POINT('',(1.702864724417,0.339282721902));
#2714 = CARTESIAN_POINT('',(1.65964375231,0.339282721902));
#2715 = CARTESIAN_POINT('',(1.616918660191,0.339282721902));
#2716 = CARTESIAN_POINT('',(1.574717755252,0.339282721902));
#2717 = CARTESIAN_POINT('',(1.491802920126,0.339282721902));
#2718 = CARTESIAN_POINT('',(1.451062675514,0.339282721902));
#2719 = CARTESIAN_POINT('',(1.41093176203,0.339282721902));
#2720 = CARTESIAN_POINT('',(1.371427866042,0.339282721902));
#2721 = CARTESIAN_POINT('',(1.332559920964,0.339282721902));
#2722 = CARTESIAN_POINT('',(1.27508767733,0.339282721902));
#2723 = CARTESIAN_POINT('',(1.256000720038,0.339282721902));
#2724 = CARTESIAN_POINT('',(1.237074778507,0.339282721902));
#2725 = CARTESIAN_POINT('',(1.21830792088,0.339282721902));
#2726 = CARTESIAN_POINT('',(1.199697165116,0.339282721902));
#2727 = CARTESIAN_POINT('',(1.146486419239,0.339282721902));
#2728 = CARTESIAN_POINT('',(1.112274682617,0.339282721902));
#2729 = CARTESIAN_POINT('',(1.07857716079,0.339282721902));
#2730 = CARTESIAN_POINT('',(1.045356952401,0.339282721902));
#2731 = CARTESIAN_POINT('',(1.012572839526,0.339282721902));
#2732 = CARTESIAN_POINT('',(0.938039069558,0.339282721902));
#2733 = CARTESIAN_POINT('',(0.896563583669,0.339282721902));
#2734 = CARTESIAN_POINT('',(0.855639959708,0.339282721902));
#2735 = CARTESIAN_POINT('',(0.815164908406,0.339282721902));
#2736 = CARTESIAN_POINT('',(0.775033893081,0.339282721902));
#2737 = CARTESIAN_POINT('',(0.674289876882,0.339282721902));
#2738 = CARTESIAN_POINT('',(0.614005868603,0.339282721902));
#2739 = CARTESIAN_POINT('',(0.553865361383,0.339282721902));
#2740 = CARTESIAN_POINT('',(0.493520504371,0.339282721902));
#2741 = CARTESIAN_POINT('',(0.432612944636,0.339282721902));
#2742 = CARTESIAN_POINT('',(0.312341555568,0.339282721902));
#2743 = CARTESIAN_POINT('',(0.253106155421,0.339282721902));
#2744 = CARTESIAN_POINT('',(0.1926503925,0.339282721902));
#2745 = CARTESIAN_POINT('',(0.130611009025,0.339282721902));
#2746 = CARTESIAN_POINT('',(6.657497244956E-02,0.339282721902));
#2747 = CARTESIAN_POINT('',(0.,0.339282721902));
#2748 = ( GEOMETRIC_REPRESENTATION_CONTEXT(2) 
PARAMETRIC_REPRESENTATION_CONTEXT() REPRESENTATION_CONTEXT('2D SPACE',''
  ) );
#2749 = PCURVE('',#288,#2750);
#2750 = DEFINITIONAL_REPRESENTATION('',(#2751),#2904);
#2751 = B_SPLINE_CURVE_WITH_KNOTS('',6,(#2752,#2753,#2754,#2755,#2756,
    #2757,#2758,#2759,#2760,#2761,#2762,#2763,#2764,#2765,#2766,#2767,
    #2768,#2769,#2770,#2771,#2772,#2773,#2774,#2775,#2776,#2777,#2778,
    #2779,#2780,#2781,#2782,#2783,#2784,#2785,#2786,#2787,#2788,#2789,
    #2790,#2791,#2792,#2793,#2794,#2795,#2796,#2797,#2798,#2799,#2800,
    #2801,#2802,#2803,#2804,#2805,#2806,#2807,#2808,#2809,#2810,#2811,
    #2812,#2813,#2814,#2815,#2816,#2817,#2818,#2819,#2820,#2821,#2822,
    #2823,#2824,#2825,#2826,#2827,#2828,#2829,#2830,#2831,#2832,#2833,
    #2834,#2835,#2836,#2837,#2838,#2839,#2840,#2841,#2842,#2843,#2844,
    #2845,#2846,#2847,#2848,#2849,#2850,#2851,#2852,#2853,#2854,#2855,
    #2856,#2857,#2858,#2859,#2860,#2861,#2862,#2863,#2864,#2865,#2866,
    #2867,#2868,#2869,#2870,#2871,#2872,#2873,#2874,#2875,#2876,#2877,
    #2878,#2879,#2880,#2881,#2882,#2883,#2884,#2885,#2886,#2887,#2888,
    #2889,#2890,#2891,#2892,#2893,#2894,#2895,#2896,#2897,#2898,#2899,
    #2900,#2901,#2902,#2903),.UNSPECIFIED.,.F.,.F.,(7,5,5,5,5,5,5,5,5,5,
    5,5,5,5,5,5,5,5,5,5,5,5,5,5,5,5,5,5,5,5,7),(0.,6.035052141429E-02,
    0.126630887862,0.169375275723,0.202237527788,0.219691916074,
    0.254352916893,0.278427823032,0.306471955443,0.322432143385,
    0.330289713286,0.338938499916,0.37906967408,0.41064322413,
    0.435046870613,0.499465114094,0.563883357576,0.588287004059,
    0.619860554109,0.659991728272,0.667854261571,0.673358034882,
    0.692524030753,0.709763172703,0.744812655682,0.779587400873,
    0.797099067899,0.830069161518,0.872953820387,0.938345891373,1.),
  .UNSPECIFIED.);
#2752 = CARTESIAN_POINT('',(138.01597138412,60.));
#2753 = CARTESIAN_POINT('',(138.01597143855,58.666993409313));
#2754 = CARTESIAN_POINT('',(137.95276654417,57.333974594479));
#2755 = CARTESIAN_POINT('',(137.8263559326,56.004487051012));
#2756 = CARTESIAN_POINT('',(137.63619177501,54.682423540541));
#2757 = CARTESIAN_POINT('',(137.38139330131,53.372006368456));
#2758 = CARTESIAN_POINT('',(136.70800312526,50.656485396235));
#2759 = CARTESIAN_POINT('',(136.27589395582,49.255214382052));
#2760 = CARTESIAN_POINT('',(135.76216935475,47.879683411417));
#2761 = CARTESIAN_POINT('',(135.16418601415,46.537811926494));
#2762 = CARTESIAN_POINT('',(134.47933415549,45.239488341047));
#2763 = CARTESIAN_POINT('',(133.20468788949,43.195469769193));
#2764 = CARTESIAN_POINT('',(132.6676326375,42.417473770542));
#2765 = CARTESIAN_POINT('',(132.0924792676,41.666157956858));
#2766 = CARTESIAN_POINT('',(131.47866197177,40.945685001241));
#2767 = CARTESIAN_POINT('',(130.82600089699,40.260947921449));
#2768 = CARTESIAN_POINT('',(129.60352503122,39.122694138689));
#2769 = CARTESIAN_POINT('',(129.0494946117,38.652368932801));
#2770 = CARTESIAN_POINT('',(128.47299273243,38.208974393885));
#2771 = CARTESIAN_POINT('',(127.87457847568,37.795343615171));
#2772 = CARTESIAN_POINT('',(127.2552494992,37.414500432267));
#2773 = CARTESIAN_POINT('',(126.27740466075,36.886140350935));
#2774 = CARTESIAN_POINT('',(125.93275347072,36.71294804568));
#2775 = CARTESIAN_POINT('',(125.58290201759,36.550294729242));
#2776 = CARTESIAN_POINT('',(125.22814236982,36.398623320889));
#2777 = CARTESIAN_POINT('',(124.86881943721,36.258357875757));
#2778 = CARTESIAN_POINT('',(123.78353236646,35.874777069098));
#2779 = CARTESIAN_POINT('',(123.04518832954,35.666136386201));
#2780 = CARTESIAN_POINT('',(122.2936981186,35.507148636765));
#2781 = CARTESIAN_POINT('',(121.53295383657,35.4001928402));
#2782 = CARTESIAN_POINT('',(120.76737276301,35.346680211903));
#2783 = CARTESIAN_POINT('',(119.47033892622,35.346485794018));
#2784 = CARTESIAN_POINT('',(118.93868849073,35.372168228083));
#2785 = CARTESIAN_POINT('',(118.40864266902,35.423612702718));
#2786 = CARTESIAN_POINT('',(117.88172459122,35.500505393939));
#2787 = CARTESIAN_POINT('',(117.35936317029,35.602259365101));
#2788 = CARTESIAN_POINT('',(116.24128201742,35.874590422298));
#2789 = CARTESIAN_POINT('',(115.64760733777,36.053761919938));
#2790 = CARTESIAN_POINT('',(115.06396860466,36.264286291976));
#2791 = CARTESIAN_POINT('',(114.49204257229,36.504511826888));
#2792 = CARTESIAN_POINT('',(113.93316392821,36.772620690655));
#2793 = CARTESIAN_POINT('',(113.07831716271,37.234119531233));
#2794 = CARTESIAN_POINT('',(112.77282331358,37.409929255602));
#2795 = CARTESIAN_POINT('',(112.47207019721,37.593822506617));
#2796 = CARTESIAN_POINT('',(112.17620856366,37.785454495239));
#2797 = CARTESIAN_POINT('',(111.88535872183,37.984484387996));
#2798 = CARTESIAN_POINT('',(111.4587788455,38.292161380621));
#2799 = CARTESIAN_POINT('',(111.31884580169,38.395701466915));
#2800 = CARTESIAN_POINT('',(111.18105637328,38.500298963072));
#2801 = CARTESIAN_POINT('',(111.0454758172,38.605745892627));
#2802 = CARTESIAN_POINT('',(110.91106501462,38.712748320005));
#2803 = CARTESIAN_POINT('',(110.62723367822,38.944254888294));
#2804 = CARTESIAN_POINT('',(110.47867859046,39.068599249453));
#2805 = CARTESIAN_POINT('',(110.33022146134,39.19611748214));
#2806 = CARTESIAN_POINT('',(110.1819145323,39.326844747387));
#2807 = CARTESIAN_POINT('',(110.03381215985,39.460814090242));
#2808 = CARTESIAN_POINT('',(109.19997236084,40.234874208052));
#2809 = CARTESIAN_POINT('',(108.55167115387,40.912382869486));
#2810 = CARTESIAN_POINT('',(107.94148217869,41.625227825743));
#2811 = CARTESIAN_POINT('',(107.36926480828,42.368623016737));
#2812 = CARTESIAN_POINT('',(106.83449191215,43.138487100425));
#2813 = CARTESIAN_POINT('',(105.94455512253,44.55555321228));
#2814 = CARTESIAN_POINT('',(105.57544418037,45.193846248436));
#2815 = CARTESIAN_POINT('',(105.22874481346,45.844832898983));
#2816 = CARTESIAN_POINT('',(104.90410517934,46.50706087479));
#2817 = CARTESIAN_POINT('',(104.60117073579,47.179255049211));
#2818 = CARTESIAN_POINT('',(104.10195523248,48.386728655795));
#2819 = CARTESIAN_POINT('',(103.89708114518,48.918425112114));
#2820 = CARTESIAN_POINT('',(103.70481215374,49.45489728377));
#2821 = CARTESIAN_POINT('',(103.52500206113,49.995670769023));
#2822 = CARTESIAN_POINT('',(103.3575161172,50.540309917175));
#2823 = CARTESIAN_POINT('',(102.79232651039,52.535253581033));
#2824 = CARTESIAN_POINT('',(102.46750147273,54.006026731083));
#2825 = CARTESIAN_POINT('',(102.22534071402,55.493806167899));
#2826 = CARTESIAN_POINT('',(102.064480677,56.992363430179));
#2827 = CARTESIAN_POINT('',(101.98402847688,58.496079364597));
#2828 = CARTESIAN_POINT('',(101.98402847688,61.503920635397));
#2829 = CARTESIAN_POINT('',(102.064480677,63.007636569808));
#2830 = CARTESIAN_POINT('',(102.22534071402,64.506193832101));
#2831 = CARTESIAN_POINT('',(102.46750147273,65.993973268906));
#2832 = CARTESIAN_POINT('',(102.79232651039,67.464746418962));
#2833 = CARTESIAN_POINT('',(103.3575161172,69.459690082819));
#2834 = CARTESIAN_POINT('',(103.52500206113,70.004329230971));
#2835 = CARTESIAN_POINT('',(103.70481215374,70.545102716223));
#2836 = CARTESIAN_POINT('',(103.89708114518,71.08157488788));
#2837 = CARTESIAN_POINT('',(104.10195523248,71.613271344199));
#2838 = CARTESIAN_POINT('',(104.60117073579,72.820744950783));
#2839 = CARTESIAN_POINT('',(104.90410517934,73.492939125205));
#2840 = CARTESIAN_POINT('',(105.22874481345,74.155167101012));
#2841 = CARTESIAN_POINT('',(105.57544418037,74.806153751558));
#2842 = CARTESIAN_POINT('',(105.94455512253,75.444446787716));
#2843 = CARTESIAN_POINT('',(106.83449191215,76.861512899569));
#2844 = CARTESIAN_POINT('',(107.36926480828,77.63137698326));
#2845 = CARTESIAN_POINT('',(107.94148217868,78.374772174253));
#2846 = CARTESIAN_POINT('',(108.55167115387,79.08761713051));
#2847 = CARTESIAN_POINT('',(109.19997236084,79.765125791945));
#2848 = CARTESIAN_POINT('',(110.02037203827,80.526709325336));
#2849 = CARTESIAN_POINT('',(110.1549889851,80.648770144642));
#2850 = CARTESIAN_POINT('',(110.28977923038,80.76814923039));
#2851 = CARTESIAN_POINT('',(110.4247017914,80.884871258516));
#2852 = CARTESIAN_POINT('',(110.55971712841,80.998962368646));
#2853 = CARTESIAN_POINT('',(110.78946442575,81.188596678062));
#2854 = CARTESIAN_POINT('',(110.88387737272,81.26522380422));
#2855 = CARTESIAN_POINT('',(110.97824949909,81.340555614483));
#2856 = CARTESIAN_POINT('',(111.0729109792,81.414870031711));
#2857 = CARTESIAN_POINT('',(111.16829864808,81.488498829712));
#2858 = CARTESIAN_POINT('',(111.60091501988,81.816689812386));
#2859 = CARTESIAN_POINT('',(111.94428622925,82.061797051272));
#2860 = CARTESIAN_POINT('',(112.29493451176,82.296593177743));
#2861 = CARTESIAN_POINT('',(112.6526736288,82.520496837269));
#2862 = CARTESIAN_POINT('',(113.01725668689,82.732916292247));
#2863 = CARTESIAN_POINT('',(113.72216700095,83.113470244311));
#2864 = CARTESIAN_POINT('',(114.06124855049,83.283910339194));
#2865 = CARTESIAN_POINT('',(114.40537809617,83.444156694872));
#2866 = CARTESIAN_POINT('',(114.75427855859,83.593786046248));
#2867 = CARTESIAN_POINT('',(115.10762325732,83.732392482717));
#2868 = CARTESIAN_POINT('',(116.1916864168,84.118230654281));
#2869 = CARTESIAN_POINT('',(116.93527366603,84.32979385934));
#2870 = CARTESIAN_POINT('',(117.69234541212,84.491011411755));
#2871 = CARTESIAN_POINT('',(118.45893439304,84.59942057021));
#2872 = CARTESIAN_POINT('',(119.23052479618,84.653550031162));
#2873 = CARTESIAN_POINT('',(120.767372763,84.653319788097));
#2874 = CARTESIAN_POINT('',(121.53295383657,84.599807159802));
#2875 = CARTESIAN_POINT('',(122.29369811859,84.492851363233));
#2876 = CARTESIAN_POINT('',(123.04518832954,84.333863613801));
#2877 = CARTESIAN_POINT('',(123.78353236646,84.125222930902));
#2878 = CARTESIAN_POINT('',(124.86881943721,83.741642124244));
#2879 = CARTESIAN_POINT('',(125.22814236981,83.601376679112));
#2880 = CARTESIAN_POINT('',(125.58290201759,83.449705270759));
#2881 = CARTESIAN_POINT('',(125.93275347071,83.287051954322));
#2882 = CARTESIAN_POINT('',(126.27740466075,83.113859649067));
#2883 = CARTESIAN_POINT('',(127.2552494992,82.585499567734));
#2884 = CARTESIAN_POINT('',(127.87457847567,82.204656384837));
#2885 = CARTESIAN_POINT('',(128.47299273243,81.79102560611));
#2886 = CARTESIAN_POINT('',(129.0494946117,81.347631067208));
#2887 = CARTESIAN_POINT('',(129.60352503122,80.877305861311));
#2888 = CARTESIAN_POINT('',(130.82600089699,79.739052078553));
#2889 = CARTESIAN_POINT('',(131.47866197176,79.054314998763));
#2890 = CARTESIAN_POINT('',(132.0924792676,78.333842043145));
#2891 = CARTESIAN_POINT('',(132.6676326375,77.58252622946));
#2892 = CARTESIAN_POINT('',(133.20468788949,76.804530230811));
#2893 = CARTESIAN_POINT('',(134.46644809687,74.78117581119));
#2894 = CARTESIAN_POINT('',(135.14139312077,73.505337853226));
#2895 = CARTESIAN_POINT('',(135.73227600667,72.187198076758));
#2896 = CARTESIAN_POINT('',(136.24158978359,70.836202501891));
#2897 = CARTESIAN_POINT('',(136.67185621237,69.459934754587));
#2898 = CARTESIAN_POINT('',(137.35791655352,66.747583922925));
#2899 = CARTESIAN_POINT('',(137.62217683763,65.414112754742));
#2900 = CARTESIAN_POINT('',(137.81936945158,64.068325785527));
#2901 = CARTESIAN_POINT('',(137.95043729642,62.714698680951));
#2902 = CARTESIAN_POINT('',(138.01597144694,61.357346300237));
#2903 = CARTESIAN_POINT('',(138.01597138412,60.));
#2904 = ( GEOMETRIC_REPRESENTATION_CONTEXT(2) 
PARAMETRIC_REPRESENTATION_CONTEXT() REPRESENTATION_CONTEXT('2D SPACE',''
  ) );
#2905 = ORIENTED_EDGE('',*,*,#1898,.T.);
#2906 = ORIENTED_EDGE('',*,*,#2377,.T.);
#2907 = ORIENTED_EDGE('',*,*,#141,.F.);
#2908 = ORIENTED_EDGE('',*,*,#2909,.T.);
#2909 = EDGE_CURVE('',#142,#2410,#2910,.T.);
#2910 = SURFACE_CURVE('',#2911,(#3064,#3220),.PCURVE_S1.);
#2911 = B_SPLINE_CURVE_WITH_KNOTS('',6,(#2912,#2913,#2914,#2915,#2916,
    #2917,#2918,#2919,#2920,#2921,#2922,#2923,#2924,#2925,#2926,#2927,
    #2928,#2929,#2930,#2931,#2932,#2933,#2934,#2935,#2936,#2937,#2938,
    #2939,#2940,#2941,#2942,#2943,#2944,#2945,#2946,#2947,#2948,#2949,
    #2950,#2951,#2952,#2953,#2954,#2955,#2956,#2957,#2958,#2959,#2960,
    #2961,#2962,#2963,#2964,#2965,#2966,#2967,#2968,#2969,#2970,#2971,
    #2972,#2973,#2974,#2975,#2976,#2977,#2978,#2979,#2980,#2981,#2982,
    #2983,#2984,#2985,#2986,#2987,#2988,#2989,#2990,#2991,#2992,#2993,
    #2994,#2995,#2996,#2997,#2998,#2999,#3000,#3001,#3002,#3003,#3004,
    #3005,#3006,#3007,#3008,#3009,#3010,#3011,#3012,#3013,#3014,#3015,
    #3016,#3017,#3018,#3019,#3020,#3021,#3022,#3023,#3024,#3025,#3026,
    #3027,#3028,#3029,#3030,#3031,#3032,#3033,#3034,#3035,#3036,#3037,
    #3038,#3039,#3040,#3041,#3042,#3043,#3044,#3045,#3046,#3047,#3048,
    #3049,#3050,#3051,#3052,#3053,#3054,#3055,#3056,#3057,#3058,#3059,
    #3060,#3061,#3062,#3063),.UNSPECIFIED.,.T.,.F.,(7,5,5,5,5,5,5,5,5,5,
    5,5,5,5,5,5,5,5,5,5,5,5,5,5,5,5,5,5,5,5,7),(0.,6.035052141429E-02,
    0.126630887862,0.169375275723,0.202237527788,0.219691916074,
    0.254352916893,0.278427823032,0.306471955443,0.322432143385,
    0.330289713286,0.338938499916,0.37906967408,0.41064322413,
    0.435046870613,0.499465114094,0.563883357576,0.588287004059,
    0.619860554109,0.659991728272,0.667854261571,0.673358034882,
    0.692524030753,0.709763172703,0.744812655682,0.779587400873,
    0.797099067899,0.830069161518,0.872953820387,0.938345891373,1.),
  .UNSPECIFIED.);
#2912 = CARTESIAN_POINT('',(78.015971384122,0.,231.2));
#2913 = CARTESIAN_POINT('',(78.01597143855,-1.333006590687,231.2));
#2914 = CARTESIAN_POINT('',(77.952766544175,-2.666025405521,231.2));
#2915 = CARTESIAN_POINT('',(77.826355932602,-3.995512948988,231.2));
#2916 = CARTESIAN_POINT('',(77.636191775013,-5.317576459459,231.2));
#2917 = CARTESIAN_POINT('',(77.381393301318,-6.627993631544,231.2));
#2918 = CARTESIAN_POINT('',(76.708003125266,-9.343514603765,231.2));
#2919 = CARTESIAN_POINT('',(76.275893955824,-10.74478561794,231.2));
#2920 = CARTESIAN_POINT('',(75.762169354753,-12.12031658858,231.2));
#2921 = CARTESIAN_POINT('',(75.164186014155,-13.4621880735,231.2));
#2922 = CARTESIAN_POINT('',(74.479334155497,-14.76051165895,231.2));
#2923 = CARTESIAN_POINT('',(73.204687889497,-16.8045302308,231.2));
#2924 = CARTESIAN_POINT('',(72.667632637509,-17.58252622945,231.2));
#2925 = CARTESIAN_POINT('',(72.092479267608,-18.33384204314,231.2));
#2926 = CARTESIAN_POINT('',(71.478661971772,-19.05431499875,231.2));
#2927 = CARTESIAN_POINT('',(70.826000896995,-19.73905207855,231.2));
#2928 = CARTESIAN_POINT('',(69.603525031224,-20.87730586131,231.2));
#2929 = CARTESIAN_POINT('',(69.049494611708,-21.34763106719,231.2));
#2930 = CARTESIAN_POINT('',(68.472992732437,-21.79102560611,231.2));
#2931 = CARTESIAN_POINT('',(67.874578475686,-22.20465638482,231.2));
#2932 = CARTESIAN_POINT('',(67.255249499203,-22.58549956773,231.2));
#2933 = CARTESIAN_POINT('',(66.277404660759,-23.11385964906,231.2));
#2934 = CARTESIAN_POINT('',(65.93275347072,-23.28705195432,231.2));
#2935 = CARTESIAN_POINT('',(65.582902017595,-23.44970527075,231.2));
#2936 = CARTESIAN_POINT('',(65.22814236982,-23.60137667911,231.2));
#2937 = CARTESIAN_POINT('',(64.868819437216,-23.74164212424,231.2));
#2938 = CARTESIAN_POINT('',(63.783532366468,-24.1252229309,231.2));
#2939 = CARTESIAN_POINT('',(63.045188329549,-24.33386361379,231.2));
#2940 = CARTESIAN_POINT('',(62.293698118603,-24.49285136323,231.2));
#2941 = CARTESIAN_POINT('',(61.532953836576,-24.5998071598,231.2));
#2942 = CARTESIAN_POINT('',(60.767372763014,-24.65331978809,231.2));
#2943 = CARTESIAN_POINT('',(59.470338926229,-24.65351420598,231.2));
#2944 = CARTESIAN_POINT('',(58.938688490731,-24.62783177191,231.2));
#2945 = CARTESIAN_POINT('',(58.408642669024,-24.57638729728,231.2));
#2946 = CARTESIAN_POINT('',(57.881724591227,-24.49949460606,231.2));
#2947 = CARTESIAN_POINT('',(57.359363170293,-24.39774063489,231.2));
#2948 = CARTESIAN_POINT('',(56.241282017427,-24.1254095777,231.2));
#2949 = CARTESIAN_POINT('',(55.647607337779,-23.94623808006,231.2));
#2950 = CARTESIAN_POINT('',(55.063968604663,-23.73571370802,231.2));
#2951 = CARTESIAN_POINT('',(54.492042572299,-23.49548817311,231.2));
#2952 = CARTESIAN_POINT('',(53.933163928213,-23.22737930934,231.2));
#2953 = CARTESIAN_POINT('',(53.078317162716,-22.76588046876,231.2));
#2954 = CARTESIAN_POINT('',(52.772823313587,-22.59007074439,231.2));
#2955 = CARTESIAN_POINT('',(52.472070197213,-22.40617749338,231.2));
#2956 = CARTESIAN_POINT('',(52.176208563668,-22.21454550476,231.2));
#2957 = CARTESIAN_POINT('',(51.885358721833,-22.015515612,231.2));
#2958 = CARTESIAN_POINT('',(51.458778845505,-21.70783861937,231.2));
#2959 = CARTESIAN_POINT('',(51.318845801691,-21.60429853308,231.2));
#2960 = CARTESIAN_POINT('',(51.181056373285,-21.49970103692,231.2));
#2961 = CARTESIAN_POINT('',(51.045475817206,-21.39425410737,231.2));
#2962 = CARTESIAN_POINT('',(50.911065014621,-21.28725167999,231.2));
#2963 = CARTESIAN_POINT('',(50.627233678228,-21.0557451117,231.2));
#2964 = CARTESIAN_POINT('',(50.478678590465,-20.93140075054,231.2));
#2965 = CARTESIAN_POINT('',(50.330221461345,-20.80388251786,231.2));
#2966 = CARTESIAN_POINT('',(50.181914532301,-20.67315525261,231.2));
#2967 = CARTESIAN_POINT('',(50.03381215985,-20.53918590975,231.2));
#2968 = CARTESIAN_POINT('',(49.199972360848,-19.76512579194,231.2));
#2969 = CARTESIAN_POINT('',(48.551671153879,-19.08761713051,231.2));
#2970 = CARTESIAN_POINT('',(47.941482178691,-18.37477217425,231.2));
#2971 = CARTESIAN_POINT('',(47.369264808285,-17.63137698326,231.2));
#2972 = CARTESIAN_POINT('',(46.834491912155,-16.86151289957,231.2));
#2973 = CARTESIAN_POINT('',(45.944555122533,-15.44444678772,231.2));
#2974 = CARTESIAN_POINT('',(45.575444180377,-14.80615375156,231.2));
#2975 = CARTESIAN_POINT('',(45.228744813462,-14.15516710101,231.2));
#2976 = CARTESIAN_POINT('',(44.904105179342,-13.49293912521,231.2));
#2977 = CARTESIAN_POINT('',(44.601170735796,-12.82074495078,231.2));
#2978 = CARTESIAN_POINT('',(44.101955232485,-11.6132713442,231.2));
#2979 = CARTESIAN_POINT('',(43.897081145183,-11.08157488788,231.2));
#2980 = CARTESIAN_POINT('',(43.704812153749,-10.54510271623,231.2));
#2981 = CARTESIAN_POINT('',(43.525002061134,-10.00432923097,231.2));
#2982 = CARTESIAN_POINT('',(43.357516117205,-9.459690082825,231.2));
#2983 = CARTESIAN_POINT('',(42.792326510396,-7.464746418967,231.2));
#2984 = CARTESIAN_POINT('',(42.467501472733,-5.993973268917,231.2));
#2985 = CARTESIAN_POINT('',(42.225340714028,-4.506193832101,231.2));
#2986 = CARTESIAN_POINT('',(42.064480677009,-3.007636569821,231.2));
#2987 = CARTESIAN_POINT('',(41.984028476883,-1.503920635403,231.2));
#2988 = CARTESIAN_POINT('',(41.984028476882,1.503920635397,231.2));
#2989 = CARTESIAN_POINT('',(42.064480677009,3.007636569808,231.2));
#2990 = CARTESIAN_POINT('',(42.225340714028,4.506193832101,231.2));
#2991 = CARTESIAN_POINT('',(42.467501472731,5.993973268906,231.2));
#2992 = CARTESIAN_POINT('',(42.792326510394,7.464746418962,231.2));
#2993 = CARTESIAN_POINT('',(43.357516117203,9.459690082819,231.2));
#2994 = CARTESIAN_POINT('',(43.525002061132,10.004329230971,231.2));
#2995 = CARTESIAN_POINT('',(43.704812153747,10.545102716223,231.2));
#2996 = CARTESIAN_POINT('',(43.897081145181,11.08157488788,231.2));
#2997 = CARTESIAN_POINT('',(44.101955232483,11.613271344199,231.2));
#2998 = CARTESIAN_POINT('',(44.601170735793,12.820744950783,231.2));
#2999 = CARTESIAN_POINT('',(44.90410517934,13.492939125205,231.2));
#3000 = CARTESIAN_POINT('',(45.228744813459,14.155167101012,231.2));
#3001 = CARTESIAN_POINT('',(45.575444180374,14.806153751558,231.2));
#3002 = CARTESIAN_POINT('',(45.94455512253,15.444446787716,231.2));
#3003 = CARTESIAN_POINT('',(46.834491912151,16.861512899569,231.2));
#3004 = CARTESIAN_POINT('',(47.369264808282,17.63137698326,231.2));
#3005 = CARTESIAN_POINT('',(47.941482178688,18.374772174253,231.2));
#3006 = CARTESIAN_POINT('',(48.551671153876,19.08761713051,231.2));
#3007 = CARTESIAN_POINT('',(49.199972360845,19.765125791945,231.2));
#3008 = CARTESIAN_POINT('',(50.020372038277,20.526709325336,231.2));
#3009 = CARTESIAN_POINT('',(50.154988985101,20.648770144642,231.2));
#3010 = CARTESIAN_POINT('',(50.289779230383,20.76814923039,231.2));
#3011 = CARTESIAN_POINT('',(50.424701791407,20.884871258516,231.2));
#3012 = CARTESIAN_POINT('',(50.559717128413,20.998962368646,231.2));
#3013 = CARTESIAN_POINT('',(50.789464425758,21.188596678062,231.2));
#3014 = CARTESIAN_POINT('',(50.88387737272,21.26522380422,231.2));
#3015 = CARTESIAN_POINT('',(50.978249499094,21.340555614483,231.2));
#3016 = CARTESIAN_POINT('',(51.072910979205,21.414870031711,231.2));
#3017 = CARTESIAN_POINT('',(51.168298648083,21.488498829712,231.2));
#3018 = CARTESIAN_POINT('',(51.600915019884,21.816689812386,231.2));
#3019 = CARTESIAN_POINT('',(51.944286229254,22.061797051272,231.2));
#3020 = CARTESIAN_POINT('',(52.294934511762,22.296593177743,231.2));
#3021 = CARTESIAN_POINT('',(52.652673628804,22.520496837269,231.2));
#3022 = CARTESIAN_POINT('',(53.017256686898,22.732916292247,231.2));
#3023 = CARTESIAN_POINT('',(53.722167000958,23.113470244311,231.2));
#3024 = CARTESIAN_POINT('',(54.061248550491,23.283910339194,231.2));
#3025 = CARTESIAN_POINT('',(54.405378096177,23.444156694872,231.2));
#3026 = CARTESIAN_POINT('',(54.754278558594,23.593786046248,231.2));
#3027 = CARTESIAN_POINT('',(55.10762325732,23.732392482717,231.2));
#3028 = CARTESIAN_POINT('',(56.191686416803,24.118230654281,231.2));
#3029 = CARTESIAN_POINT('',(56.935273666031,24.32979385934,231.2));
#3030 = CARTESIAN_POINT('',(57.692345412127,24.491011411755,231.2));
#3031 = CARTESIAN_POINT('',(58.45893439304,24.59942057021,231.2));
#3032 = CARTESIAN_POINT('',(59.230524796189,24.653550031162,231.2));
#3033 = CARTESIAN_POINT('',(60.767372763009,24.653319788097,231.2));
#3034 = CARTESIAN_POINT('',(61.532953836575,24.599807159802,231.2));
#3035 = CARTESIAN_POINT('',(62.293698118596,24.492851363233,231.2));
#3036 = CARTESIAN_POINT('',(63.045188329548,24.333863613801,231.2));
#3037 = CARTESIAN_POINT('',(63.783532366463,24.125222930902,231.2));
#3038 = CARTESIAN_POINT('',(64.868819437213,23.741642124244,231.2));
#3039 = CARTESIAN_POINT('',(65.228142369816,23.601376679112,231.2));
#3040 = CARTESIAN_POINT('',(65.582902017591,23.449705270759,231.2));
#3041 = CARTESIAN_POINT('',(65.932753470717,23.287051954322,231.2));
#3042 = CARTESIAN_POINT('',(66.277404660756,23.113859649067,231.2));
#3043 = CARTESIAN_POINT('',(67.255249499201,22.585499567734,231.2));
#3044 = CARTESIAN_POINT('',(67.874578475679,22.204656384837,231.2));
#3045 = CARTESIAN_POINT('',(68.472992732438,21.79102560611,231.2));
#3046 = CARTESIAN_POINT('',(69.049494611702,21.347631067208,231.2));
#3047 = CARTESIAN_POINT('',(69.603525031222,20.877305861311,231.2));
#3048 = CARTESIAN_POINT('',(70.826000896994,19.739052078553,231.2));
#3049 = CARTESIAN_POINT('',(71.478661971768,19.054314998763,231.2));
#3050 = CARTESIAN_POINT('',(72.092479267606,18.333842043145,231.2));
#3051 = CARTESIAN_POINT('',(72.667632637508,17.58252622946,231.2));
#3052 = CARTESIAN_POINT('',(73.204687889493,16.804530230811,231.2));
#3053 = CARTESIAN_POINT('',(74.466448096879,14.78117581119,231.2));
#3054 = CARTESIAN_POINT('',(75.141393120774,13.505337853226,231.2));
#3055 = CARTESIAN_POINT('',(75.732276006677,12.187198076758,231.2));
#3056 = CARTESIAN_POINT('',(76.241589783596,10.836202501891,231.2));
#3057 = CARTESIAN_POINT('',(76.671856212374,9.459934754587,231.2));
#3058 = CARTESIAN_POINT('',(77.357916553524,6.747583922925,231.2));
#3059 = CARTESIAN_POINT('',(77.622176837637,5.414112754742,231.2));
#3060 = CARTESIAN_POINT('',(77.819369451587,4.068325785527,231.2));
#3061 = CARTESIAN_POINT('',(77.950437296422,2.714698680951,231.2));
#3062 = CARTESIAN_POINT('',(78.015971446946,1.357346300237,231.2));
#3063 = CARTESIAN_POINT('',(78.015971384122,7.105427357601E-15,231.2));
#3064 = PCURVE('',#205,#3065);
#3065 = DEFINITIONAL_REPRESENTATION('',(#3066),#3219);
#3066 = B_SPLINE_CURVE_WITH_KNOTS('',6,(#3067,#3068,#3069,#3070,#3071,
    #3072,#3073,#3074,#3075,#3076,#3077,#3078,#3079,#3080,#3081,#3082,
    #3083,#3084,#3085,#3086,#3087,#3088,#3089,#3090,#3091,#3092,#3093,
    #3094,#3095,#3096,#3097,#3098,#3099,#3100,#3101,#3102,#3103,#3104,
    #3105,#3106,#3107,#3108,#3109,#3110,#3111,#3112,#3113,#3114,#3115,
    #3116,#3117,#3118,#3119,#3120,#3121,#3122,#3123,#3124,#3125,#3126,
    #3127,#3128,#3129,#3130,#3131,#3132,#3133,#3134,#3135,#3136,#3137,
    #3138,#3139,#3140,#3141,#3142,#3143,#3144,#3145,#3146,#3147,#3148,
    #3149,#3150,#3151,#3152,#3153,#3154,#3155,#3156,#3157,#3158,#3159,
    #3160,#3161,#3162,#3163,#3164,#3165,#3166,#3167,#3168,#3169,#3170,
    #3171,#3172,#3173,#3174,#3175,#3176,#3177,#3178,#3179,#3180,#3181,
    #3182,#3183,#3184,#3185,#3186,#3187,#3188,#3189,#3190,#3191,#3192,
    #3193,#3194,#3195,#3196,#3197,#3198,#3199,#3200,#3201,#3202,#3203,
    #3204,#3205,#3206,#3207,#3208,#3209,#3210,#3211,#3212,#3213,#3214,
    #3215,#3216,#3217,#3218),.UNSPECIFIED.,.F.,.F.,(7,5,5,5,5,5,5,5,5,5,
    5,5,5,5,5,5,5,5,5,5,5,5,5,5,5,5,5,5,5,5,7),(0.,6.035052141429E-02,
    0.126630887862,0.169375275723,0.202237527788,0.219691916074,
    0.254352916893,0.278427823032,0.306471955443,0.322432143385,
    0.330289713286,0.338938499916,0.37906967408,0.41064322413,
    0.435046870613,0.499465114094,0.563883357576,0.588287004059,
    0.619860554109,0.659991728272,0.667854261571,0.673358034882,
    0.692524030753,0.709763172703,0.744812655682,0.779587400873,
    0.797099067899,0.830069161518,0.872953820387,0.938345891373,1.),
  .UNSPECIFIED.);
#3067 = CARTESIAN_POINT('',(6.28318530718,0.339282721902));
#3068 = CARTESIAN_POINT('',(6.217804142772,0.339282721902));
#3069 = CARTESIAN_POINT('',(6.154871383057,0.339282721902));
#3070 = CARTESIAN_POINT('',(6.093873823206,0.339282721902));
#3071 = CARTESIAN_POINT('',(6.034418188981,0.339282721902));
#3072 = CARTESIAN_POINT('',(5.976158371153,0.339282721902));
#3073 = CARTESIAN_POINT('',(5.855723026139,0.339282721902));
#3074 = CARTESIAN_POINT('',(5.793746004858,0.339282721902));
#3075 = CARTESIAN_POINT('',(5.732369650811,0.339282721902));
#3076 = CARTESIAN_POINT('',(5.671217389955,0.339282721902));
#3077 = CARTESIAN_POINT('',(5.609924303312,0.339282721902));
#3078 = CARTESIAN_POINT('',(5.508151414099,0.339282721902));
#3079 = CARTESIAN_POINT('',(5.468020398774,0.339282721902));
#3080 = CARTESIAN_POINT('',(5.427545347472,0.339282721902));
#3081 = CARTESIAN_POINT('',(5.38662172351,0.339282721902));
#3082 = CARTESIAN_POINT('',(5.345146237621,0.339282721902));
#3083 = CARTESIAN_POINT('',(5.270612467654,0.339282721902));
#3084 = CARTESIAN_POINT('',(5.237828354779,0.339282721902));
#3085 = CARTESIAN_POINT('',(5.204608146389,0.339282721902));
#3086 = CARTESIAN_POINT('',(5.170910624563,0.339282721902));
#3087 = CARTESIAN_POINT('',(5.136698887941,0.339282721902));
#3088 = CARTESIAN_POINT('',(5.083488142063,0.339282721902));
#3089 = CARTESIAN_POINT('',(5.064877386299,0.339282721902));
#3090 = CARTESIAN_POINT('',(5.046110528673,0.339282721902));
#3091 = CARTESIAN_POINT('',(5.027184587141,0.339282721902));
#3092 = CARTESIAN_POINT('',(5.00809762985,0.339282721902));
#3093 = CARTESIAN_POINT('',(4.950625386216,0.339282721902));
#3094 = CARTESIAN_POINT('',(4.911757441138,0.339282721902));
#3095 = CARTESIAN_POINT('',(4.87225354515,0.339282721902));
#3096 = CARTESIAN_POINT('',(4.832122631666,0.339282721902));
#3097 = CARTESIAN_POINT('',(4.791382387054,0.339282721902));
#3098 = CARTESIAN_POINT('',(4.721405819688,0.339282721902));
#3099 = CARTESIAN_POINT('',(4.692450661863,0.339282721902));
#3100 = CARTESIAN_POINT('',(4.66323777285,0.339282721902));
#3101 = CARTESIAN_POINT('',(4.633778184275,0.339282721902));
#3102 = CARTESIAN_POINT('',(4.604081552133,0.339282721902));
#3103 = CARTESIAN_POINT('',(4.539302912415,0.339282721902));
#3104 = CARTESIAN_POINT('',(4.504136801165,0.339282721902));
#3105 = CARTESIAN_POINT('',(4.468676460724,0.339282721902));
#3106 = CARTESIAN_POINT('',(4.432925391673,0.339282721902));
#3107 = CARTESIAN_POINT('',(4.396880146299,0.339282721902));
#3108 = CARTESIAN_POINT('',(4.339843725399,0.339282721902));
#3109 = CARTESIAN_POINT('',(4.319057948858,0.339282721902));
#3110 = CARTESIAN_POINT('',(4.298171014032,0.339282721902));
#3111 = CARTESIAN_POINT('',(4.277179739248,0.339282721902));
#3112 = CARTESIAN_POINT('',(4.256080031463,0.339282721902));
#3113 = CARTESIAN_POINT('',(4.224423180013,0.339282721902));
#3114 = CARTESIAN_POINT('',(4.213861222393,0.339282721902));
#3115 = CARTESIAN_POINT('',(4.203498501562,0.339282721902));
#3116 = CARTESIAN_POINT('',(4.192972758498,0.339282721902));
#3117 = CARTESIAN_POINT('',(4.182500408807,0.339282721902));
#3118 = CARTESIAN_POINT('',(4.160515870909,0.339282721902));
#3119 = CARTESIAN_POINT('',(4.14899669784,0.339282721902));
#3120 = CARTESIAN_POINT('',(4.137477524774,0.339282721902));
#3121 = CARTESIAN_POINT('',(4.125958351714,0.339282721902));
#3122 = CARTESIAN_POINT('',(4.114439178656,0.339282721902));
#3123 = CARTESIAN_POINT('',(4.049469971457,0.339282721902));
#3124 = CARTESIAN_POINT('',(3.998518909643,0.339282721902));
#3125 = CARTESIAN_POINT('',(3.949737776006,0.339282721902));
#3126 = CARTESIAN_POINT('',(3.902857147225,0.339282721902));
#3127 = CARTESIAN_POINT('',(3.857646498535,0.339282721902));
#3128 = CARTESIAN_POINT('',(3.779470415018,0.339282721902));
#3129 = CARTESIAN_POINT('',(3.745952914261,0.339282721902));
#3130 = CARTESIAN_POINT('',(3.713240402714,0.339282721902));
#3131 = CARTESIAN_POINT('',(3.681246679675,0.339282721902));
#3132 = CARTESIAN_POINT('',(3.64989526384,0.339282721902));
#3133 = CARTESIAN_POINT('',(3.595324029336,0.339282721902));
#3134 = CARTESIAN_POINT('',(3.571874655455,0.339282721902));
#3135 = CARTESIAN_POINT('',(3.548734692238,0.339282721902));
#3136 = CARTESIAN_POINT('',(3.525874391574,0.339282721902));
#3137 = CARTESIAN_POINT('',(3.503266180295,0.339282721902));
#3138 = CARTESIAN_POINT('',(3.421804218515,0.339282721902));
#3139 = CARTESIAN_POINT('',(3.364310720385,0.339282721902));
#3140 = CARTESIAN_POINT('',(3.307912415126,0.339282721902));
#3141 = CARTESIAN_POINT('',(3.252231622963,0.339282721902));
#3142 = CARTESIAN_POINT('',(3.196915734418,0.339282721902));
#3143 = CARTESIAN_POINT('',(3.086269572762,0.339282721902));
#3144 = CARTESIAN_POINT('',(3.030953684216,0.339282721902));
#3145 = CARTESIAN_POINT('',(2.975272892054,0.339282721902));
#3146 = CARTESIAN_POINT('',(2.918874586794,0.339282721902));
#3147 = CARTESIAN_POINT('',(2.861381088665,0.339282721902));
#3148 = CARTESIAN_POINT('',(2.779919126885,0.339282721902));
#3149 = CARTESIAN_POINT('',(2.757310915606,0.339282721902));
#3150 = CARTESIAN_POINT('',(2.734450614941,0.339282721902));
#3151 = CARTESIAN_POINT('',(2.711310651725,0.339282721902));
#3152 = CARTESIAN_POINT('',(2.687861277844,0.339282721902));
#3153 = CARTESIAN_POINT('',(2.63329004334,0.339282721902));
#3154 = CARTESIAN_POINT('',(2.601938627505,0.339282721902));
#3155 = CARTESIAN_POINT('',(2.569944904466,0.339282721902));
#3156 = CARTESIAN_POINT('',(2.537232392919,0.339282721902));
#3157 = CARTESIAN_POINT('',(2.503714892161,0.339282721902));
#3158 = CARTESIAN_POINT('',(2.425538808645,0.339282721902));
#3159 = CARTESIAN_POINT('',(2.380328159954,0.339282721902));
#3160 = CARTESIAN_POINT('',(2.333447531174,0.339282721902));
#3161 = CARTESIAN_POINT('',(2.284666397537,0.339282721902));
#3162 = CARTESIAN_POINT('',(2.233715335723,0.339282721902));
#3163 = CARTESIAN_POINT('',(2.169793326077,0.339282721902));
#3164 = CARTESIAN_POINT('',(2.159321350568,0.339282721902));
#3165 = CARTESIAN_POINT('',(2.148849375058,0.339282721902));
#3166 = CARTESIAN_POINT('',(2.138377399544,0.339282721902));
#3167 = CARTESIAN_POINT('',(2.127905424029,0.339282721902));
#3168 = CARTESIAN_POINT('',(2.110103065661,0.339282721902));
#3169 = CARTESIAN_POINT('',(2.102772682803,0.339282721902));
#3170 = CARTESIAN_POINT('',(2.095442299945,0.339282721902));
#3171 = CARTESIAN_POINT('',(2.088111917086,0.339282721902));
#3172 = CARTESIAN_POINT('',(2.080781534228,0.339282721902));
#3173 = CARTESIAN_POINT('',(2.047924284679,0.339282721902));
#3174 = CARTESIAN_POINT('',(2.022565836744,0.339282721902));
#3175 = CARTESIAN_POINT('',(1.997366343223,0.339282721902));
#3176 = CARTESIAN_POINT('',(1.972318189218,0.339282721902));
#3177 = CARTESIAN_POINT('',(1.947415612044,0.339282721902));
#3178 = CARTESIAN_POINT('',(1.900383134521,0.339282721902));
#3179 = CARTESIAN_POINT('',(1.878226136265,0.339282721902));
#3180 = CARTESIAN_POINT('',(1.856181056879,0.339282721902));
#3181 = CARTESIAN_POINT('',(1.834246302865,0.339282721902));
#3182 = CARTESIAN_POINT('',(1.812421526463,0.339282721902));
#3183 = CARTESIAN_POINT('',(1.746560925853,0.339282721902));
#3184 = CARTESIAN_POINT('',(1.702864724417,0.339282721902));
#3185 = CARTESIAN_POINT('',(1.65964375231,0.339282721902));
#3186 = CARTESIAN_POINT('',(1.616918660191,0.339282721902));
#3187 = CARTESIAN_POINT('',(1.574717755252,0.339282721902));
#3188 = CARTESIAN_POINT('',(1.491802920126,0.339282721902));
#3189 = CARTESIAN_POINT('',(1.451062675514,0.339282721902));
#3190 = CARTESIAN_POINT('',(1.41093176203,0.339282721902));
#3191 = CARTESIAN_POINT('',(1.371427866042,0.339282721902));
#3192 = CARTESIAN_POINT('',(1.332559920964,0.339282721902));
#3193 = CARTESIAN_POINT('',(1.27508767733,0.339282721902));
#3194 = CARTESIAN_POINT('',(1.256000720038,0.339282721902));
#3195 = CARTESIAN_POINT('',(1.237074778507,0.339282721902));
#3196 = CARTESIAN_POINT('',(1.21830792088,0.339282721902));
#3197 = CARTESIAN_POINT('',(1.199697165116,0.339282721902));
#3198 = CARTESIAN_POINT('',(1.146486419239,0.339282721902));
#3199 = CARTESIAN_POINT('',(1.112274682617,0.339282721902));
#3200 = CARTESIAN_POINT('',(1.07857716079,0.339282721902));
#3201 = CARTESIAN_POINT('',(1.045356952401,0.339282721902));
#3202 = CARTESIAN_POINT('',(1.012572839526,0.339282721902));
#3203 = CARTESIAN_POINT('',(0.938039069558,0.339282721902));
#3204 = CARTESIAN_POINT('',(0.896563583669,0.339282721902));
#3205 = CARTESIAN_POINT('',(0.855639959708,0.339282721902));
#3206 = CARTESIAN_POINT('',(0.815164908406,0.339282721902));
#3207 = CARTESIAN_POINT('',(0.775033893081,0.339282721902));
#3208 = CARTESIAN_POINT('',(0.674289876882,0.339282721902));
#3209 = CARTESIAN_POINT('',(0.614005868603,0.339282721902));
#3210 = CARTESIAN_POINT('',(0.553865361383,0.339282721902));
#3211 = CARTESIAN_POINT('',(0.493520504371,0.339282721902));
#3212 = CARTESIAN_POINT('',(0.432612944636,0.339282721902));
#3213 = CARTESIAN_POINT('',(0.312341555568,0.339282721902));
#3214 = CARTESIAN_POINT('',(0.253106155421,0.339282721902));
#3215 = CARTESIAN_POINT('',(0.1926503925,0.339282721902));
#3216 = CARTESIAN_POINT('',(0.130611009025,0.339282721902));
#3217 = CARTESIAN_POINT('',(6.657497244956E-02,0.339282721902));
#3218 = CARTESIAN_POINT('',(0.,0.339282721902));
#3219 = ( GEOMETRIC_REPRESENTATION_CONTEXT(2) 
PARAMETRIC_REPRESENTATION_CONTEXT() REPRESENTATION_CONTEXT('2D SPACE',''
  ) );
#3220 = PCURVE('',#288,#3221);
#3221 = DEFINITIONAL_REPRESENTATION('',(#3222),#3375);
#3222 = B_SPLINE_CURVE_WITH_KNOTS('',6,(#3223,#3224,#3225,#3226,#3227,
    #3228,#3229,#3230,#3231,#3232,#3233,#3234,#3235,#3236,#3237,#3238,
    #3239,#3240,#3241,#3242,#3243,#3244,#3245,#3246,#3247,#3248,#3249,
    #3250,#3251,#3252,#3253,#3254,#3255,#3256,#3257,#3258,#3259,#3260,
    #3261,#3262,#3263,#3264,#3265,#3266,#3267,#3268,#3269,#3270,#3271,
    #3272,#3273,#3274,#3275,#3276,#3277,#3278,#3279,#3280,#3281,#3282,
    #3283,#3284,#3285,#3286,#3287,#3288,#3289,#3290,#3291,#3292,#3293,
    #3294,#3295,#3296,#3297,#3298,#3299,#3300,#3301,#3302,#3303,#3304,
    #3305,#3306,#3307,#3308,#3309,#3310,#3311,#3312,#3313,#3314,#3315,
    #3316,#3317,#3318,#3319,#3320,#3321,#3322,#3323,#3324,#3325,#3326,
    #3327,#3328,#3329,#3330,#3331,#3332,#3333,#3334,#3335,#3336,#3337,
    #3338,#3339,#3340,#3341,#3342,#3343,#3344,#3345,#3346,#3347,#3348,
    #3349,#3350,#3351,#3352,#3353,#3354,#3355,#3356,#3357,#3358,#3359,
    #3360,#3361,#3362,#3363,#3364,#3365,#3366,#3367,#3368,#3369,#3370,
    #3371,#3372,#3373,#3374),.UNSPECIFIED.,.F.,.F.,(7,5,5,5,5,5,5,5,5,5,
    5,5,5,5,5,5,5,5,5,5,5,5,5,5,5,5,5,5,5,5,7),(0.,6.035052141429E-02,
    0.126630887862,0.169375275723,0.202237527788,0.219691916074,
    0.254352916893,0.278427823032,0.306471955443,0.322432143385,
    0.330289713286,0.338938499916,0.37906967408,0.41064322413,
    0.435046870613,0.499465114094,0.563883357576,0.588287004059,
    0.619860554109,0.659991728272,0.667854261571,0.673358034882,
    0.692524030753,0.709763172703,0.744812655682,0.779587400873,
    0.797099067899,0.830069161518,0.872953820387,0.938345891373,1.),
  .UNSPECIFIED.);
#3223 = CARTESIAN_POINT('',(138.01597138412,60.));
#3224 = CARTESIAN_POINT('',(138.01597143855,58.666993409313));
#3225 = CARTESIAN_POINT('',(137.95276654417,57.333974594479));
#3226 = CARTESIAN_POINT('',(137.8263559326,56.004487051012));
#3227 = CARTESIAN_POINT('',(137.63619177501,54.682423540541));
#3228 = CARTESIAN_POINT('',(137.38139330131,53.372006368456));
#3229 = CARTESIAN_POINT('',(136.70800312526,50.656485396235));
#3230 = CARTESIAN_POINT('',(136.27589395582,49.255214382052));
#3231 = CARTESIAN_POINT('',(135.76216935475,47.879683411417));
#3232 = CARTESIAN_POINT('',(135.16418601415,46.537811926494));
#3233 = CARTESIAN_POINT('',(134.47933415549,45.239488341047));
#3234 = CARTESIAN_POINT('',(133.20468788949,43.195469769193));
#3235 = CARTESIAN_POINT('',(132.6676326375,42.417473770542));
#3236 = CARTESIAN_POINT('',(132.0924792676,41.666157956858));
#3237 = CARTESIAN_POINT('',(131.47866197177,40.945685001241));
#3238 = CARTESIAN_POINT('',(130.82600089699,40.260947921449));
#3239 = CARTESIAN_POINT('',(129.60352503122,39.122694138689));
#3240 = CARTESIAN_POINT('',(129.0494946117,38.652368932801));
#3241 = CARTESIAN_POINT('',(128.47299273243,38.208974393885));
#3242 = CARTESIAN_POINT('',(127.87457847568,37.795343615171));
#3243 = CARTESIAN_POINT('',(127.2552494992,37.414500432267));
#3244 = CARTESIAN_POINT('',(126.27740466075,36.886140350935));
#3245 = CARTESIAN_POINT('',(125.93275347072,36.71294804568));
#3246 = CARTESIAN_POINT('',(125.58290201759,36.550294729242));
#3247 = CARTESIAN_POINT('',(125.22814236982,36.398623320889));
#3248 = CARTESIAN_POINT('',(124.86881943721,36.258357875757));
#3249 = CARTESIAN_POINT('',(123.78353236646,35.874777069098));
#3250 = CARTESIAN_POINT('',(123.04518832954,35.666136386201));
#3251 = CARTESIAN_POINT('',(122.2936981186,35.507148636765));
#3252 = CARTESIAN_POINT('',(121.53295383657,35.4001928402));
#3253 = CARTESIAN_POINT('',(120.76737276301,35.346680211903));
#3254 = CARTESIAN_POINT('',(119.47033892622,35.346485794018));
#3255 = CARTESIAN_POINT('',(118.93868849073,35.372168228083));
#3256 = CARTESIAN_POINT('',(118.40864266902,35.423612702718));
#3257 = CARTESIAN_POINT('',(117.88172459122,35.500505393939));
#3258 = CARTESIAN_POINT('',(117.35936317029,35.602259365101));
#3259 = CARTESIAN_POINT('',(116.24128201742,35.874590422298));
#3260 = CARTESIAN_POINT('',(115.64760733777,36.053761919938));
#3261 = CARTESIAN_POINT('',(115.06396860466,36.264286291976));
#3262 = CARTESIAN_POINT('',(114.49204257229,36.504511826888));
#3263 = CARTESIAN_POINT('',(113.93316392821,36.772620690655));
#3264 = CARTESIAN_POINT('',(113.07831716271,37.234119531233));
#3265 = CARTESIAN_POINT('',(112.77282331358,37.409929255602));
#3266 = CARTESIAN_POINT('',(112.47207019721,37.593822506617));
#3267 = CARTESIAN_POINT('',(112.17620856366,37.785454495239));
#3268 = CARTESIAN_POINT('',(111.88535872183,37.984484387996));
#3269 = CARTESIAN_POINT('',(111.4587788455,38.292161380621));
#3270 = CARTESIAN_POINT('',(111.31884580169,38.395701466915));
#3271 = CARTESIAN_POINT('',(111.18105637328,38.500298963072));
#3272 = CARTESIAN_POINT('',(111.0454758172,38.605745892627));
#3273 = CARTESIAN_POINT('',(110.91106501462,38.712748320005));
#3274 = CARTESIAN_POINT('',(110.62723367822,38.944254888294));
#3275 = CARTESIAN_POINT('',(110.47867859046,39.068599249453));
#3276 = CARTESIAN_POINT('',(110.33022146134,39.19611748214));
#3277 = CARTESIAN_POINT('',(110.1819145323,39.326844747387));
#3278 = CARTESIAN_POINT('',(110.03381215985,39.460814090242));
#3279 = CARTESIAN_POINT('',(109.19997236084,40.234874208052));
#3280 = CARTESIAN_POINT('',(108.55167115387,40.912382869486));
#3281 = CARTESIAN_POINT('',(107.94148217869,41.625227825743));
#3282 = CARTESIAN_POINT('',(107.36926480828,42.368623016737));
#3283 = CARTESIAN_POINT('',(106.83449191215,43.138487100425));
#3284 = CARTESIAN_POINT('',(105.94455512253,44.55555321228));
#3285 = CARTESIAN_POINT('',(105.57544418037,45.193846248436));
#3286 = CARTESIAN_POINT('',(105.22874481346,45.844832898983));
#3287 = CARTESIAN_POINT('',(104.90410517934,46.50706087479));
#3288 = CARTESIAN_POINT('',(104.60117073579,47.179255049211));
#3289 = CARTESIAN_POINT('',(104.10195523248,48.386728655795));
#3290 = CARTESIAN_POINT('',(103.89708114518,48.918425112114));
#3291 = CARTESIAN_POINT('',(103.70481215374,49.45489728377));
#3292 = CARTESIAN_POINT('',(103.52500206113,49.995670769023));
#3293 = CARTESIAN_POINT('',(103.3575161172,50.540309917175));
#3294 = CARTESIAN_POINT('',(102.79232651039,52.535253581033));
#3295 = CARTESIAN_POINT('',(102.46750147273,54.006026731083));
#3296 = CARTESIAN_POINT('',(102.22534071402,55.493806167899));
#3297 = CARTESIAN_POINT('',(102.064480677,56.992363430179));
#3298 = CARTESIAN_POINT('',(101.98402847688,58.496079364597));
#3299 = CARTESIAN_POINT('',(101.98402847688,61.503920635397));
#3300 = CARTESIAN_POINT('',(102.064480677,63.007636569808));
#3301 = CARTESIAN_POINT('',(102.22534071402,64.506193832101));
#3302 = CARTESIAN_POINT('',(102.46750147273,65.993973268906));
#3303 = CARTESIAN_POINT('',(102.79232651039,67.464746418962));
#3304 = CARTESIAN_POINT('',(103.3575161172,69.459690082819));
#3305 = CARTESIAN_POINT('',(103.52500206113,70.004329230971));
#3306 = CARTESIAN_POINT('',(103.70481215374,70.545102716223));
#3307 = CARTESIAN_POINT('',(103.89708114518,71.08157488788));
#3308 = CARTESIAN_POINT('',(104.10195523248,71.613271344199));
#3309 = CARTESIAN_POINT('',(104.60117073579,72.820744950783));
#3310 = CARTESIAN_POINT('',(104.90410517934,73.492939125205));
#3311 = CARTESIAN_POINT('',(105.22874481345,74.155167101012));
#3312 = CARTESIAN_POINT('',(105.57544418037,74.806153751558));
#3313 = CARTESIAN_POINT('',(105.94455512253,75.444446787716));
#3314 = CARTESIAN_POINT('',(106.83449191215,76.861512899569));
#3315 = CARTESIAN_POINT('',(107.36926480828,77.63137698326));
#3316 = CARTESIAN_POINT('',(107.94148217868,78.374772174253));
#3317 = CARTESIAN_POINT('',(108.55167115387,79.08761713051));
#3318 = CARTESIAN_POINT('',(109.19997236084,79.765125791945));
#3319 = CARTESIAN_POINT('',(110.02037203827,80.526709325336));
#3320 = CARTESIAN_POINT('',(110.1549889851,80.648770144642));
#3321 = CARTESIAN_POINT('',(110.28977923038,80.76814923039));
#3322 = CARTESIAN_POINT('',(110.4247017914,80.884871258516));
#3323 = CARTESIAN_POINT('',(110.55971712841,80.998962368646));
#3324 = CARTESIAN_POINT('',(110.78946442575,81.188596678062));
#3325 = CARTESIAN_POINT('',(110.88387737272,81.26522380422));
#3326 = CARTESIAN_POINT('',(110.97824949909,81.340555614483));
#3327 = CARTESIAN_POINT('',(111.0729109792,81.414870031711));
#3328 = CARTESIAN_POINT('',(111.16829864808,81.488498829712));
#3329 = CARTESIAN_POINT('',(111.60091501988,81.816689812386));
#3330 = CARTESIAN_POINT('',(111.94428622925,82.061797051272));
#3331 = CARTESIAN_POINT('',(112.29493451176,82.296593177743));
#3332 = CARTESIAN_POINT('',(112.6526736288,82.520496837269));
#3333 = CARTESIAN_POINT('',(113.01725668689,82.732916292247));
#3334 = CARTESIAN_POINT('',(113.72216700095,83.113470244311));
#3335 = CARTESIAN_POINT('',(114.06124855049,83.283910339194));
#3336 = CARTESIAN_POINT('',(114.40537809617,83.444156694872));
#3337 = CARTESIAN_POINT('',(114.75427855859,83.593786046248));
#3338 = CARTESIAN_POINT('',(115.10762325732,83.732392482717));
#3339 = CARTESIAN_POINT('',(116.1916864168,84.118230654281));
#3340 = CARTESIAN_POINT('',(116.93527366603,84.32979385934));
#3341 = CARTESIAN_POINT('',(117.69234541212,84.491011411755));
#3342 = CARTESIAN_POINT('',(118.45893439304,84.59942057021));
#3343 = CARTESIAN_POINT('',(119.23052479618,84.653550031162));
#3344 = CARTESIAN_POINT('',(120.767372763,84.653319788097));
#3345 = CARTESIAN_POINT('',(121.53295383657,84.599807159802));
#3346 = CARTESIAN_POINT('',(122.29369811859,84.492851363233));
#3347 = CARTESIAN_POINT('',(123.04518832954,84.333863613801));
#3348 = CARTESIAN_POINT('',(123.78353236646,84.125222930902));
#3349 = CARTESIAN_POINT('',(124.86881943721,83.741642124244));
#3350 = CARTESIAN_POINT('',(125.22814236981,83.601376679112));
#3351 = CARTESIAN_POINT('',(125.58290201759,83.449705270759));
#3352 = CARTESIAN_POINT('',(125.93275347071,83.287051954322));
#3353 = CARTESIAN_POINT('',(126.27740466075,83.113859649067));
#3354 = CARTESIAN_POINT('',(127.2552494992,82.585499567734));
#3355 = CARTESIAN_POINT('',(127.87457847567,82.204656384837));
#3356 = CARTESIAN_POINT('',(128.47299273243,81.79102560611));
#3357 = CARTESIAN_POINT('',(129.0494946117,81.347631067208));
#3358 = CARTESIAN_POINT('',(129.60352503122,80.877305861311));
#3359 = CARTESIAN_POINT('',(130.82600089699,79.739052078553));
#3360 = CARTESIAN_POINT('',(131.47866197176,79.054314998763));
#3361 = CARTESIAN_POINT('',(132.0924792676,78.333842043145));
#3362 = CARTESIAN_POINT('',(132.6676326375,77.58252622946));
#3363 = CARTESIAN_POINT('',(133.20468788949,76.804530230811));
#3364 = CARTESIAN_POINT('',(134.46644809687,74.78117581119));
#3365 = CARTESIAN_POINT('',(135.14139312077,73.505337853226));
#3366 = CARTESIAN_POINT('',(135.73227600667,72.187198076758));
#3367 = CARTESIAN_POINT('',(136.24158978359,70.836202501891));
#3368 = CARTESIAN_POINT('',(136.67185621237,69.459934754587));
#3369 = CARTESIAN_POINT('',(137.35791655352,66.747583922925));
#3370 = CARTESIAN_POINT('',(137.62217683763,65.414112754742));
#3371 = CARTESIAN_POINT('',(137.81936945158,64.068325785527));
#3372 = CARTESIAN_POINT('',(137.95043729642,62.714698680951));
#3373 = CARTESIAN_POINT('',(138.01597144694,61.357346300237));
#3374 = CARTESIAN_POINT('',(138.01597138412,60.));
#3375 = ( GEOMETRIC_REPRESENTATION_CONTEXT(2) 
PARAMETRIC_REPRESENTATION_CONTEXT() REPRESENTATION_CONTEXT('2D SPACE',''
  ) );
#3376 = ORIENTED_EDGE('',*,*,#2407,.F.);
#3377 = ADVANCED_FACE('',(#3378),#288,.T.);
#3378 = FACE_BOUND('',#3379,.T.);
#3379 = EDGE_LOOP('',(#3380,#3381,#3382,#3383,#3925,#4465));
#3380 = ORIENTED_EDGE('',*,*,#2438,.F.);
#3381 = ORIENTED_EDGE('',*,*,#2909,.F.);
#3382 = ORIENTED_EDGE('',*,*,#272,.F.);
#3383 = ORIENTED_EDGE('',*,*,#3384,.T.);
#3384 = EDGE_CURVE('',#273,#3385,#3387,.T.);
#3385 = VERTEX_POINT('',#3386);
#3386 = CARTESIAN_POINT('',(73.939372859009,-4.907857401748E-15,231.2));
#3387 = SURFACE_CURVE('',#3388,(#3565,#3745),.PCURVE_S1.);
#3388 = B_SPLINE_CURVE_WITH_KNOTS('',7,(#3389,#3390,#3391,#3392,#3393,
    #3394,#3395,#3396,#3397,#3398,#3399,#3400,#3401,#3402,#3403,#3404,
    #3405,#3406,#3407,#3408,#3409,#3410,#3411,#3412,#3413,#3414,#3415,
    #3416,#3417,#3418,#3419,#3420,#3421,#3422,#3423,#3424,#3425,#3426,
    #3427,#3428,#3429,#3430,#3431,#3432,#3433,#3434,#3435,#3436,#3437,
    #3438,#3439,#3440,#3441,#3442,#3443,#3444,#3445,#3446,#3447,#3448,
    #3449,#3450,#3451,#3452,#3453,#3454,#3455,#3456,#3457,#3458,#3459,
    #3460,#3461,#3462,#3463,#3464,#3465,#3466,#3467,#3468,#3469,#3470,
    #3471,#3472,#3473,#3474,#3475,#3476,#3477,#3478,#3479,#3480,#3481,
    #3482,#3483,#3484,#3485,#3486,#3487,#3488,#3489,#3490,#3491,#3492,
    #3493,#3494,#3495,#3496,#3497,#3498,#3499,#3500,#3501,#3502,#3503,
    #3504,#3505,#3506,#3507,#3508,#3509,#3510,#3511,#3512,#3513,#3514,
    #3515,#3516,#3517,#3518,#3519,#3520,#3521,#3522,#3523,#3524,#3525,
    #3526,#3527,#3528,#3529,#3530,#3531,#3532,#3533,#3534,#3535,#3536,
    #3537,#3538,#3539,#3540,#3541,#3542,#3543,#3544,#3545,#3546,#3547,
    #3548,#3549,#3550,#3551,#3552,#3553,#3554,#3555,#3556,#3557,#3558,
    #3559,#3560,#3561,#3562,#3563,#3564),.UNSPECIFIED.,.T.,.F.,(8,6,6,6,
    6,6,6,6,6,6,6,6,6,6,6,6,6,6,6,6,6,6,6,6,6,6,6,6,6,8),(0.,
    6.418616323544E-02,0.132837073027,0.173748757995,0.204601106798,
    0.230382004428,0.252022127367,0.283262673393,0.299181047168,
    0.314806321899,0.32254446598,0.330255681282,0.369919460757,
    0.402612257878,0.428505091207,0.498336224031,0.568167356854,
    0.594060190183,0.626752987304,0.666416766779,0.674127982081,
    0.697695484823,0.713780047371,0.745346746564,0.76721279368,
    0.793262845422,0.824437294589,0.865776099994,0.935143729386,1.),
  .UNSPECIFIED.);
#3389 = CARTESIAN_POINT('',(73.939372859009,0.,231.2));
#3390 = CARTESIAN_POINT('',(73.939372941855,-0.978544597321,231.2));
#3391 = CARTESIAN_POINT('',(73.900588882507,-1.957120768428,231.2));
#3392 = CARTESIAN_POINT('',(73.823017672826,-2.934005209979,231.2));
#3393 = CARTESIAN_POINT('',(73.706382761858,-3.907312053022,231.2));
#3394 = CARTESIAN_POINT('',(73.550203600574,-4.874998835824,231.2));
#3395 = CARTESIAN_POINT('',(73.353774695655,-5.834861524361,231.2));
#3396 = CARTESIAN_POINT('',(72.861797945468,-7.800232193831,231.2));
#3397 = CARTESIAN_POINT('',(72.560404230583,-8.80387801693,231.2));
#3398 = CARTESIAN_POINT('',(72.210588784955,-9.792826619644,231.2));
#3399 = CARTESIAN_POINT('',(71.810753282312,-10.76342569647,231.2));
#3400 = CARTESIAN_POINT('',(71.359097580584,-11.71103896611,231.2));
#3401 = CARTESIAN_POINT('',(70.853712578385,-12.63008206532,231.2));
#3402 = CARTESIAN_POINT('',(69.95751978932,-14.04049240392,231.2));
#3403 = CARTESIAN_POINT('',(69.603029900497,-14.55445785214,231.2));
#3404 = CARTESIAN_POINT('',(69.228225612222,-15.05428184885,231.2));
#3405 = CARTESIAN_POINT('',(68.832702625574,-15.53818745831,231.2));
#3406 = CARTESIAN_POINT('',(68.416159369309,-16.00409638492,231.2));
#3407 = CARTESIAN_POINT('',(67.978432726266,-16.44965792229,231.2));
#3408 = CARTESIAN_POINT('',(67.173468450287,-17.19098438326,231.2));
#3409 = CARTESIAN_POINT('',(66.815399713894,-17.49660996142,231.2));
#3410 = CARTESIAN_POINT('',(66.445352675323,-17.78803142223,231.2));
#3411 = CARTESIAN_POINT('',(66.063470890384,-18.06400046511,231.2));
#3412 = CARTESIAN_POINT('',(65.670037949382,-18.32317355056,231.2));
#3413 = CARTESIAN_POINT('',(65.265508867655,-18.56415601165,231.2));
#3414 = CARTESIAN_POINT('',(64.503803298967,-18.97057139896,231.2));
#3415 = CARTESIAN_POINT('',(64.149770674886,-19.14191173768,231.2));
#3416 = CARTESIAN_POINT('',(63.788864521409,-19.29876477504,231.2));
#3417 = CARTESIAN_POINT('',(63.421594091813,-19.4403202887,231.2));
#3418 = CARTESIAN_POINT('',(63.048580573593,-19.56581136552,231.2));
#3419 = CARTESIAN_POINT('',(62.670570899851,-19.6745512623,231.2));
#3420 = CARTESIAN_POINT('',(61.967705580217,-19.84270660412,231.2));
#3421 = CARTESIAN_POINT('',(61.644041506704,-19.90724531928,231.2));
#3422 = CARTESIAN_POINT('',(61.317990238739,-19.9592484005,231.2));
#3423 = CARTESIAN_POINT('',(60.990110562391,-19.99844987974,231.2));
#3424 = CARTESIAN_POINT('',(60.660990045524,-20.02466453185,231.2));
#3425 = CARTESIAN_POINT('',(60.331245932112,-20.03779657392,231.2));
#3426 = CARTESIAN_POINT('',(59.525529109289,-20.03792331621,231.2));
#3427 = CARTESIAN_POINT('',(59.0494685965,-20.0107384121,231.2));
#3428 = CARTESIAN_POINT('',(58.575369491094,-19.9562815777,231.2));
#3429 = CARTESIAN_POINT('',(58.105064849562,-19.87500027504,231.2));
#3430 = CARTESIAN_POINT('',(57.640211429553,-19.76769797758,231.2));
#3431 = CARTESIAN_POINT('',(57.182300808401,-19.63546130631,231.2));
#3432 = CARTESIAN_POINT('',(56.503558099184,-19.40020901066,231.2));
#3433 = CARTESIAN_POINT('',(56.276580620449,-19.31466459551,231.2));
#3434 = CARTESIAN_POINT('',(56.051897240198,-19.22315398156,231.2));
#3435 = CARTESIAN_POINT('',(55.829652389949,-19.12585687111,231.2));
#3436 = CARTESIAN_POINT('',(55.609972607902,-19.02296010987,231.2));
#3437 = CARTESIAN_POINT('',(55.392967907929,-18.91465452751,231.2));
#3438 = CARTESIAN_POINT('',(54.968443026458,-18.68969932271,231.2));
#3439 = CARTESIAN_POINT('',(54.760821444249,-18.57323990342,231.2));
#3440 = CARTESIAN_POINT('',(54.555957096783,-18.45193459362,231.2));
#3441 = CARTESIAN_POINT('',(54.35392417252,-18.32596491272,231.2));
#3442 = CARTESIAN_POINT('',(54.154783560233,-18.19551088157,231.2));
#3443 = CARTESIAN_POINT('',(53.958584055708,-18.06074907772,231.2));
#3444 = CARTESIAN_POINT('',(53.669674496902,-17.85306370827,231.2));
#3445 = CARTESIAN_POINT('',(53.574874979312,-17.78337644162,231.2));
#3446 = CARTESIAN_POINT('',(53.48096736381,-17.71281734215,231.2));
#3447 = CARTESIAN_POINT('',(53.387953468873,-17.64141450258,231.2));
#3448 = CARTESIAN_POINT('',(53.295834583311,-17.56919565694,231.2));
#3449 = CARTESIAN_POINT('',(53.204611466269,-17.49618818056,231.2));
#3450 = CARTESIAN_POINT('',(53.024178015828,-17.34883027487,231.2));
#3451 = CARTESIAN_POINT('',(52.934600689851,-17.27418755948,231.2));
#3452 = CARTESIAN_POINT('',(52.845149415993,-17.19816623305,231.2));
#3453 = CARTESIAN_POINT('',(52.75562889333,-17.120572864,231.2));
#3454 = CARTESIAN_POINT('',(52.666006054938,-17.04133536708,231.2));
#3455 = CARTESIAN_POINT('',(52.576392542652,-16.96051525824,231.2));
#3456 = CARTESIAN_POINT('',(52.027200109247,-16.45536488617,231.2));
#3457 = CARTESIAN_POINT('',(51.588498926671,-16.00927353025,231.2));
#3458 = CARTESIAN_POINT('',(51.170992529559,-15.54267560283,231.2));
#3459 = CARTESIAN_POINT('',(50.774538359771,-15.05793696582,231.2));
#3460 = CARTESIAN_POINT('',(50.398848411175,-14.55715122556,231.2));
#3461 = CARTESIAN_POINT('',(50.043527342153,-14.04210918869,231.2));
#3462 = CARTESIAN_POINT('',(49.431643312617,-13.07919516981,231.2));
#3463 = CARTESIAN_POINT('',(49.168727614902,-12.63547306326,231.2));
#3464 = CARTESIAN_POINT('',(48.919117888465,-12.18394891724,231.2));
#3465 = CARTESIAN_POINT('',(48.682573454526,-11.72539018384,231.2));
#3466 = CARTESIAN_POINT('',(48.458858951847,-11.26048483046,231.2));
#3467 = CARTESIAN_POINT('',(48.247744726546,-10.78984132205,231.2));
#3468 = CARTESIAN_POINT('',(47.891605679758,-9.937109124078,231.2));
#3469 = CARTESIAN_POINT('',(47.741971540785,-9.556971418092,231.2));
#3470 = CARTESIAN_POINT('',(47.599996952393,-9.173843447502,231.2));
#3471 = CARTESIAN_POINT('',(47.465580900797,-8.787975212954,231.2));
#3472 = CARTESIAN_POINT('',(47.338629211035,-8.399598753579,231.2));
#3473 = CARTESIAN_POINT('',(47.219054546972,-8.008928146987,231.2));
#3474 = CARTESIAN_POINT('',(46.803971264522,-6.556893762116,231.2));
#3475 = CARTESIAN_POINT('',(46.554286502028,-5.482557849576,231.2));
#3476 = CARTESIAN_POINT('',(46.356040031781,-4.396764573364,231.2));
#3477 = CARTESIAN_POINT('',(46.208129588267,-3.302787807057,231.2));
#3478 = CARTESIAN_POINT('',(46.109804283455,-2.203599803744,231.2));
#3479 = CARTESIAN_POINT('',(46.060626930616,-1.101880669115,231.2));
#3480 = CARTESIAN_POINT('',(46.060626930616,1.101880669108,231.2));
#3481 = CARTESIAN_POINT('',(46.109804283455,2.20359980374,231.2));
#3482 = CARTESIAN_POINT('',(46.208129588266,3.302787807051,231.2));
#3483 = CARTESIAN_POINT('',(46.35604003178,4.396764573357,231.2));
#3484 = CARTESIAN_POINT('',(46.554286502028,5.482557849571,231.2));
#3485 = CARTESIAN_POINT('',(46.80397126452,6.55689376211,231.2));
#3486 = CARTESIAN_POINT('',(47.21905454697,8.008928146982,231.2));
#3487 = CARTESIAN_POINT('',(47.338629211033,8.399598753574,231.2));
#3488 = CARTESIAN_POINT('',(47.465580900795,8.787975212949,231.2));
#3489 = CARTESIAN_POINT('',(47.599996952392,9.173843447497,231.2));
#3490 = CARTESIAN_POINT('',(47.741971540783,9.556971418087,231.2));
#3491 = CARTESIAN_POINT('',(47.891605679756,9.937109124073,231.2));
#3492 = CARTESIAN_POINT('',(48.247744726544,10.789841322052,231.2));
#3493 = CARTESIAN_POINT('',(48.458858951845,11.260484830462,231.2));
#3494 = CARTESIAN_POINT('',(48.682573454524,11.725390183836,231.2));
#3495 = CARTESIAN_POINT('',(48.919117888462,12.183948917236,231.2));
#3496 = CARTESIAN_POINT('',(49.1687276149,12.63547306326,231.2));
#3497 = CARTESIAN_POINT('',(49.431643312615,13.079195169812,231.2));
#3498 = CARTESIAN_POINT('',(50.043527342151,14.042109188686,231.2));
#3499 = CARTESIAN_POINT('',(50.398848411172,14.557151225558,231.2));
#3500 = CARTESIAN_POINT('',(50.774538359768,15.057936965817,231.2));
#3501 = CARTESIAN_POINT('',(51.170992529556,15.542675602834,231.2));
#3502 = CARTESIAN_POINT('',(51.588498926668,16.009273530247,231.2));
#3503 = CARTESIAN_POINT('',(52.027200109244,16.455364886171,231.2));
#3504 = CARTESIAN_POINT('',(52.57639254265,16.96051525824,231.2));
#3505 = CARTESIAN_POINT('',(52.666006054935,17.04133536708,231.2));
#3506 = CARTESIAN_POINT('',(52.755628893328,17.120572864003,231.2));
#3507 = CARTESIAN_POINT('',(52.845149415991,17.198166233056,231.2));
#3508 = CARTESIAN_POINT('',(52.934600689847,17.274187559488,231.2));
#3509 = CARTESIAN_POINT('',(53.024178015826,17.348830274872,231.2));
#3510 = CARTESIAN_POINT('',(53.38938710482,17.647092433361,231.2));
#3511 = CARTESIAN_POINT('',(53.671283594157,17.863461006687,231.2));
#3512 = CARTESIAN_POINT('',(53.959911249088,18.070994017426,231.2));
#3513 = CARTESIAN_POINT('',(54.255162558759,18.26912389223,231.2));
#3514 = CARTESIAN_POINT('',(54.556876687203,18.457258873303,231.2));
#3515 = CARTESIAN_POINT('',(54.864831092938,18.63479561464,231.2));
#3516 = CARTESIAN_POINT('',(55.392967907927,18.914654527514,231.2));
#3517 = CARTESIAN_POINT('',(55.609972607899,19.022960109874,231.2));
#3518 = CARTESIAN_POINT('',(55.829652389946,19.12585687111,231.2));
#3519 = CARTESIAN_POINT('',(56.051897240195,19.223153981558,231.2));
#3520 = CARTESIAN_POINT('',(56.276580620446,19.314664595517,231.2));
#3521 = CARTESIAN_POINT('',(56.503558099181,19.400209010661,231.2));
#3522 = CARTESIAN_POINT('',(57.182300808398,19.635461306311,231.2));
#3523 = CARTESIAN_POINT('',(57.64021142955,19.767697977583,231.2));
#3524 = CARTESIAN_POINT('',(58.105064849559,19.875000275047,231.2));
#3525 = CARTESIAN_POINT('',(58.575369491091,19.956281577705,231.2));
#3526 = CARTESIAN_POINT('',(59.049468596497,20.010738412108,231.2));
#3527 = CARTESIAN_POINT('',(59.525529109286,20.03792331621,231.2));
#3528 = CARTESIAN_POINT('',(60.331245932109,20.037796573924,231.2));
#3529 = CARTESIAN_POINT('',(60.66099004552,20.02466453185,231.2));
#3530 = CARTESIAN_POINT('',(60.990110562388,19.998449879748,231.2));
#3531 = CARTESIAN_POINT('',(61.317990238736,19.959248400507,231.2));
#3532 = CARTESIAN_POINT('',(61.644041506701,19.907245319287,231.2));
#3533 = CARTESIAN_POINT('',(61.967705580214,19.842706604128,231.2));
#3534 = CARTESIAN_POINT('',(62.670570899847,19.674551262311,231.2));
#3535 = CARTESIAN_POINT('',(63.04858057359,19.565811365521,231.2));
#3536 = CARTESIAN_POINT('',(63.42159409181,19.440320288705,231.2));
#3537 = CARTESIAN_POINT('',(63.788864521405,19.29876477505,231.2));
#3538 = CARTESIAN_POINT('',(64.149770674882,19.141911737684,231.2));
#3539 = CARTESIAN_POINT('',(64.503803298964,18.970571398963,231.2));
#3540 = CARTESIAN_POINT('',(65.265508867652,18.564156011651,231.2));
#3541 = CARTESIAN_POINT('',(65.670037949382,18.323173550572,231.2));
#3542 = CARTESIAN_POINT('',(66.063470890379,18.064000465114,231.2));
#3543 = CARTESIAN_POINT('',(66.445352675319,17.788031422236,231.2));
#3544 = CARTESIAN_POINT('',(66.815399713895,17.496609961427,231.2));
#3545 = CARTESIAN_POINT('',(67.173468450283,17.190984383266,231.2));
#3546 = CARTESIAN_POINT('',(67.978432726263,16.449657922295,231.2));
#3547 = CARTESIAN_POINT('',(68.416159369306,16.004096384921,231.2));
#3548 = CARTESIAN_POINT('',(68.832702625572,15.538187458315,231.2));
#3549 = CARTESIAN_POINT('',(69.22822561222,15.054281848855,231.2));
#3550 = CARTESIAN_POINT('',(69.603029900495,14.554457852147,231.2));
#3551 = CARTESIAN_POINT('',(69.957519789318,14.040492403925,231.2));
#3552 = CARTESIAN_POINT('',(70.853712578382,12.630082065323,231.2));
#3553 = CARTESIAN_POINT('',(71.359097580589,11.711038966126,231.2));
#3554 = CARTESIAN_POINT('',(71.810753282299,10.763425696452,231.2));
#3555 = CARTESIAN_POINT('',(72.210588784965,9.792826619678,231.2));
#3556 = CARTESIAN_POINT('',(72.560404230577,8.803878016911,231.2));
#3557 = CARTESIAN_POINT('',(72.861797945469,7.80023219384,231.2));
#3558 = CARTESIAN_POINT('',(73.353774695654,5.834861524363,231.2));
#3559 = CARTESIAN_POINT('',(73.550203600575,4.874998835827,231.2));
#3560 = CARTESIAN_POINT('',(73.706382761857,3.907312053022,231.2));
#3561 = CARTESIAN_POINT('',(73.823017672826,2.934005209979,231.2));
#3562 = CARTESIAN_POINT('',(73.900588882508,1.957120768429,231.2));
#3563 = CARTESIAN_POINT('',(73.939372941855,0.978544597321,231.2));
#3564 = CARTESIAN_POINT('',(73.939372859009,0.,231.2));
#3565 = PCURVE('',#288,#3566);
#3566 = DEFINITIONAL_REPRESENTATION('',(#3567),#3744);
#3567 = B_SPLINE_CURVE_WITH_KNOTS('',7,(#3568,#3569,#3570,#3571,#3572,
    #3573,#3574,#3575,#3576,#3577,#3578,#3579,#3580,#3581,#3582,#3583,
    #3584,#3585,#3586,#3587,#3588,#3589,#3590,#3591,#3592,#3593,#3594,
    #3595,#3596,#3597,#3598,#3599,#3600,#3601,#3602,#3603,#3604,#3605,
    #3606,#3607,#3608,#3609,#3610,#3611,#3612,#3613,#3614,#3615,#3616,
    #3617,#3618,#3619,#3620,#3621,#3622,#3623,#3624,#3625,#3626,#3627,
    #3628,#3629,#3630,#3631,#3632,#3633,#3634,#3635,#3636,#3637,#3638,
    #3639,#3640,#3641,#3642,#3643,#3644,#3645,#3646,#3647,#3648,#3649,
    #3650,#3651,#3652,#3653,#3654,#3655,#3656,#3657,#3658,#3659,#3660,
    #3661,#3662,#3663,#3664,#3665,#3666,#3667,#3668,#3669,#3670,#3671,
    #3672,#3673,#3674,#3675,#3676,#3677,#3678,#3679,#3680,#3681,#3682,
    #3683,#3684,#3685,#3686,#3687,#3688,#3689,#3690,#3691,#3692,#3693,
    #3694,#3695,#3696,#3697,#3698,#3699,#3700,#3701,#3702,#3703,#3704,
    #3705,#3706,#3707,#3708,#3709,#3710,#3711,#3712,#3713,#3714,#3715,
    #3716,#3717,#3718,#3719,#3720,#3721,#3722,#3723,#3724,#3725,#3726,
    #3727,#3728,#3729,#3730,#3731,#3732,#3733,#3734,#3735,#3736,#3737,
    #3738,#3739,#3740,#3741,#3742,#3743),.UNSPECIFIED.,.F.,.F.,(8,6,6,6,
    6,6,6,6,6,6,6,6,6,6,6,6,6,6,6,6,6,6,6,6,6,6,6,6,6,8),(0.,
    6.418616323544E-02,0.132837073027,0.173748757995,0.204601106798,
    0.230382004428,0.252022127367,0.283262673393,0.299181047168,
    0.314806321899,0.32254446598,0.330255681282,0.369919460757,
    0.402612257878,0.428505091207,0.498336224031,0.568167356854,
    0.594060190183,0.626752987304,0.666416766779,0.674127982081,
    0.697695484823,0.713780047371,0.745346746564,0.76721279368,
    0.793262845422,0.824437294589,0.865776099994,0.935143729386,1.),
  .UNSPECIFIED.);
#3568 = CARTESIAN_POINT('',(133.939372859,60.));
#3569 = CARTESIAN_POINT('',(133.93937294185,59.021455402679));
#3570 = CARTESIAN_POINT('',(133.9005888825,58.042879231572));
#3571 = CARTESIAN_POINT('',(133.82301767282,57.065994790021));
#3572 = CARTESIAN_POINT('',(133.70638276185,56.092687946978));
#3573 = CARTESIAN_POINT('',(133.55020360057,55.125001164176));
#3574 = CARTESIAN_POINT('',(133.35377469565,54.165138475639));
#3575 = CARTESIAN_POINT('',(132.86179794546,52.199767806169));
#3576 = CARTESIAN_POINT('',(132.56040423058,51.19612198307));
#3577 = CARTESIAN_POINT('',(132.21058878495,50.207173380356));
#3578 = CARTESIAN_POINT('',(131.81075328231,49.236574303525));
#3579 = CARTESIAN_POINT('',(131.35909758058,48.288961033887));
#3580 = CARTESIAN_POINT('',(130.85371257838,47.369917934677));
#3581 = CARTESIAN_POINT('',(129.95751978932,45.959507596077));
#3582 = CARTESIAN_POINT('',(129.60302990049,45.445542147856));
#3583 = CARTESIAN_POINT('',(129.22822561222,44.945718151148));
#3584 = CARTESIAN_POINT('',(128.83270262557,44.461812541687));
#3585 = CARTESIAN_POINT('',(128.4161593693,43.99590361508));
#3586 = CARTESIAN_POINT('',(127.97843272626,43.550342077707));
#3587 = CARTESIAN_POINT('',(127.17346845028,42.809015616736));
#3588 = CARTESIAN_POINT('',(126.81539971389,42.503390038577));
#3589 = CARTESIAN_POINT('',(126.44535267532,42.211968577764));
#3590 = CARTESIAN_POINT('',(126.06347089038,41.935999534886));
#3591 = CARTESIAN_POINT('',(125.67003794938,41.676826449433));
#3592 = CARTESIAN_POINT('',(125.26550886765,41.435843988349));
#3593 = CARTESIAN_POINT('',(124.50380329896,41.029428601038));
#3594 = CARTESIAN_POINT('',(124.14977067488,40.858088262318));
#3595 = CARTESIAN_POINT('',(123.7888645214,40.701235224951));
#3596 = CARTESIAN_POINT('',(123.42159409181,40.559679711295));
#3597 = CARTESIAN_POINT('',(123.04858057359,40.43418863448));
#3598 = CARTESIAN_POINT('',(122.67057089985,40.325448737691));
#3599 = CARTESIAN_POINT('',(121.96770558021,40.157293395872));
#3600 = CARTESIAN_POINT('',(121.6440415067,40.092754680714));
#3601 = CARTESIAN_POINT('',(121.31799023873,40.040751599494));
#3602 = CARTESIAN_POINT('',(120.99011056239,40.001550120252));
#3603 = CARTESIAN_POINT('',(120.66099004552,39.97533546815));
#3604 = CARTESIAN_POINT('',(120.33124593211,39.962203426077));
#3605 = CARTESIAN_POINT('',(119.52552910928,39.96207668379));
#3606 = CARTESIAN_POINT('',(119.0494685965,39.989261587891));
#3607 = CARTESIAN_POINT('',(118.57536949109,40.043718422296));
#3608 = CARTESIAN_POINT('',(118.10506484956,40.124999724953));
#3609 = CARTESIAN_POINT('',(117.64021142955,40.232302022415));
#3610 = CARTESIAN_POINT('',(117.1823008084,40.364538693689));
#3611 = CARTESIAN_POINT('',(116.50355809918,40.599790989338));
#3612 = CARTESIAN_POINT('',(116.27658062044,40.685335404481));
#3613 = CARTESIAN_POINT('',(116.05189724019,40.77684601844));
#3614 = CARTESIAN_POINT('',(115.82965238994,40.874143128889));
#3615 = CARTESIAN_POINT('',(115.6099726079,40.977039890125));
#3616 = CARTESIAN_POINT('',(115.39296790792,41.085345472484));
#3617 = CARTESIAN_POINT('',(114.96844302645,41.310300677281));
#3618 = CARTESIAN_POINT('',(114.76082144424,41.426760096578));
#3619 = CARTESIAN_POINT('',(114.55595709678,41.548065406379));
#3620 = CARTESIAN_POINT('',(114.35392417252,41.674035087275));
#3621 = CARTESIAN_POINT('',(114.15478356023,41.804489118425));
#3622 = CARTESIAN_POINT('',(113.9585840557,41.939250922276));
#3623 = CARTESIAN_POINT('',(113.6696744969,42.146936291721));
#3624 = CARTESIAN_POINT('',(113.57487497931,42.216623558373));
#3625 = CARTESIAN_POINT('',(113.48096736381,42.287182657841));
#3626 = CARTESIAN_POINT('',(113.38795346887,42.358585497414));
#3627 = CARTESIAN_POINT('',(113.29583458331,42.43080434306));
#3628 = CARTESIAN_POINT('',(113.20461146626,42.503811819435));
#3629 = CARTESIAN_POINT('',(113.02417801582,42.651169725125));
#3630 = CARTESIAN_POINT('',(112.93460068985,42.725812440512));
#3631 = CARTESIAN_POINT('',(112.84514941599,42.801833766941));
#3632 = CARTESIAN_POINT('',(112.75562889333,42.879427135994));
#3633 = CARTESIAN_POINT('',(112.66600605493,42.958664632919));
#3634 = CARTESIAN_POINT('',(112.57639254265,43.039484741757));
#3635 = CARTESIAN_POINT('',(112.02720010924,43.544635113826));
#3636 = CARTESIAN_POINT('',(111.58849892667,43.99072646975));
#3637 = CARTESIAN_POINT('',(111.17099252955,44.457324397163));
#3638 = CARTESIAN_POINT('',(110.77453835977,44.94206303418));
#3639 = CARTESIAN_POINT('',(110.39884841117,45.442848774438));
#3640 = CARTESIAN_POINT('',(110.04352734215,45.95789081131));
#3641 = CARTESIAN_POINT('',(109.43164331261,46.920804830185));
#3642 = CARTESIAN_POINT('',(109.1687276149,47.364526936736));
#3643 = CARTESIAN_POINT('',(108.91911788846,47.816051082759));
#3644 = CARTESIAN_POINT('',(108.68257345452,48.27460981616));
#3645 = CARTESIAN_POINT('',(108.45885895184,48.739515169533));
#3646 = CARTESIAN_POINT('',(108.24774472654,49.210158677944));
#3647 = CARTESIAN_POINT('',(107.89160567975,50.062890875922));
#3648 = CARTESIAN_POINT('',(107.74197154078,50.443028581908));
#3649 = CARTESIAN_POINT('',(107.59999695239,50.826156552498));
#3650 = CARTESIAN_POINT('',(107.46558090079,51.212024787046));
#3651 = CARTESIAN_POINT('',(107.33862921103,51.600401246421));
#3652 = CARTESIAN_POINT('',(107.21905454697,51.991071853013));
#3653 = CARTESIAN_POINT('',(106.80397126452,53.443106237884));
#3654 = CARTESIAN_POINT('',(106.55428650202,54.517442150424));
#3655 = CARTESIAN_POINT('',(106.35604003178,55.603235426636));
#3656 = CARTESIAN_POINT('',(106.20812958826,56.697212192943));
#3657 = CARTESIAN_POINT('',(106.10980428345,57.796400196256));
#3658 = CARTESIAN_POINT('',(106.06062693061,58.898119330885));
#3659 = CARTESIAN_POINT('',(106.06062693061,61.101880669108));
#3660 = CARTESIAN_POINT('',(106.10980428345,62.20359980374));
#3661 = CARTESIAN_POINT('',(106.20812958826,63.302787807051));
#3662 = CARTESIAN_POINT('',(106.35604003178,64.396764573357));
#3663 = CARTESIAN_POINT('',(106.55428650202,65.482557849571));
#3664 = CARTESIAN_POINT('',(106.80397126452,66.55689376211));
#3665 = CARTESIAN_POINT('',(107.21905454697,68.008928146982));
#3666 = CARTESIAN_POINT('',(107.33862921103,68.399598753574));
#3667 = CARTESIAN_POINT('',(107.46558090079,68.787975212949));
#3668 = CARTESIAN_POINT('',(107.59999695239,69.173843447497));
#3669 = CARTESIAN_POINT('',(107.74197154078,69.556971418087));
#3670 = CARTESIAN_POINT('',(107.89160567975,69.937109124073));
#3671 = CARTESIAN_POINT('',(108.24774472654,70.789841322052));
#3672 = CARTESIAN_POINT('',(108.45885895184,71.260484830462));
#3673 = CARTESIAN_POINT('',(108.68257345452,71.725390183836));
#3674 = CARTESIAN_POINT('',(108.91911788846,72.183948917236));
#3675 = CARTESIAN_POINT('',(109.1687276149,72.63547306326));
#3676 = CARTESIAN_POINT('',(109.43164331261,73.079195169812));
#3677 = CARTESIAN_POINT('',(110.04352734215,74.042109188686));
#3678 = CARTESIAN_POINT('',(110.39884841117,74.557151225558));
#3679 = CARTESIAN_POINT('',(110.77453835976,75.057936965817));
#3680 = CARTESIAN_POINT('',(111.17099252955,75.542675602834));
#3681 = CARTESIAN_POINT('',(111.58849892666,76.009273530247));
#3682 = CARTESIAN_POINT('',(112.02720010924,76.455364886171));
#3683 = CARTESIAN_POINT('',(112.57639254265,76.96051525824));
#3684 = CARTESIAN_POINT('',(112.66600605493,77.04133536708));
#3685 = CARTESIAN_POINT('',(112.75562889332,77.120572864003));
#3686 = CARTESIAN_POINT('',(112.84514941599,77.198166233056));
#3687 = CARTESIAN_POINT('',(112.93460068984,77.274187559488));
#3688 = CARTESIAN_POINT('',(113.02417801582,77.348830274872));
#3689 = CARTESIAN_POINT('',(113.38938710482,77.647092433361));
#3690 = CARTESIAN_POINT('',(113.67128359415,77.863461006687));
#3691 = CARTESIAN_POINT('',(113.95991124908,78.070994017426));
#3692 = CARTESIAN_POINT('',(114.25516255875,78.26912389223));
#3693 = CARTESIAN_POINT('',(114.5568766872,78.457258873303));
#3694 = CARTESIAN_POINT('',(114.86483109293,78.63479561464));
#3695 = CARTESIAN_POINT('',(115.39296790792,78.914654527514));
#3696 = CARTESIAN_POINT('',(115.60997260789,79.022960109874));
#3697 = CARTESIAN_POINT('',(115.82965238994,79.12585687111));
#3698 = CARTESIAN_POINT('',(116.05189724019,79.223153981558));
#3699 = CARTESIAN_POINT('',(116.27658062044,79.314664595517));
#3700 = CARTESIAN_POINT('',(116.50355809918,79.400209010661));
#3701 = CARTESIAN_POINT('',(117.18230080839,79.635461306311));
#3702 = CARTESIAN_POINT('',(117.64021142955,79.767697977583));
#3703 = CARTESIAN_POINT('',(118.10506484955,79.875000275047));
#3704 = CARTESIAN_POINT('',(118.57536949109,79.956281577705));
#3705 = CARTESIAN_POINT('',(119.04946859649,80.010738412108));
#3706 = CARTESIAN_POINT('',(119.52552910928,80.03792331621));
#3707 = CARTESIAN_POINT('',(120.3312459321,80.037796573924));
#3708 = CARTESIAN_POINT('',(120.66099004552,80.02466453185));
#3709 = CARTESIAN_POINT('',(120.99011056238,79.998449879748));
#3710 = CARTESIAN_POINT('',(121.31799023873,79.959248400507));
#3711 = CARTESIAN_POINT('',(121.6440415067,79.907245319287));
#3712 = CARTESIAN_POINT('',(121.96770558021,79.842706604128));
#3713 = CARTESIAN_POINT('',(122.67057089984,79.674551262311));
#3714 = CARTESIAN_POINT('',(123.04858057359,79.565811365521));
#3715 = CARTESIAN_POINT('',(123.42159409181,79.440320288705));
#3716 = CARTESIAN_POINT('',(123.7888645214,79.29876477505));
#3717 = CARTESIAN_POINT('',(124.14977067488,79.141911737684));
#3718 = CARTESIAN_POINT('',(124.50380329896,78.970571398963));
#3719 = CARTESIAN_POINT('',(125.26550886765,78.564156011651));
#3720 = CARTESIAN_POINT('',(125.67003794938,78.323173550572));
#3721 = CARTESIAN_POINT('',(126.06347089037,78.064000465114));
#3722 = CARTESIAN_POINT('',(126.44535267531,77.788031422236));
#3723 = CARTESIAN_POINT('',(126.81539971389,77.496609961427));
#3724 = CARTESIAN_POINT('',(127.17346845028,77.190984383266));
#3725 = CARTESIAN_POINT('',(127.97843272626,76.449657922295));
#3726 = CARTESIAN_POINT('',(128.4161593693,76.004096384921));
#3727 = CARTESIAN_POINT('',(128.83270262557,75.538187458315));
#3728 = CARTESIAN_POINT('',(129.22822561222,75.054281848855));
#3729 = CARTESIAN_POINT('',(129.60302990049,74.554457852147));
#3730 = CARTESIAN_POINT('',(129.95751978931,74.040492403925));
#3731 = CARTESIAN_POINT('',(130.85371257838,72.630082065323));
#3732 = CARTESIAN_POINT('',(131.35909758058,71.711038966126));
#3733 = CARTESIAN_POINT('',(131.81075328229,70.763425696452));
#3734 = CARTESIAN_POINT('',(132.21058878496,69.792826619678));
#3735 = CARTESIAN_POINT('',(132.56040423057,68.803878016911));
#3736 = CARTESIAN_POINT('',(132.86179794546,67.80023219384));
#3737 = CARTESIAN_POINT('',(133.35377469565,65.834861524363));
#3738 = CARTESIAN_POINT('',(133.55020360057,64.874998835827));
#3739 = CARTESIAN_POINT('',(133.70638276185,63.907312053022));
#3740 = CARTESIAN_POINT('',(133.82301767282,62.934005209979));
#3741 = CARTESIAN_POINT('',(133.9005888825,61.957120768429));
#3742 = CARTESIAN_POINT('',(133.93937294185,60.978544597321));
#3743 = CARTESIAN_POINT('',(133.939372859,60.));
#3744 = ( GEOMETRIC_REPRESENTATION_CONTEXT(2) 
PARAMETRIC_REPRESENTATION_CONTEXT() REPRESENTATION_CONTEXT('2D SPACE',''
  ) );
#3745 = PCURVE('',#421,#3746);
#3746 = DEFINITIONAL_REPRESENTATION('',(#3747),#3924);
#3747 = B_SPLINE_CURVE_WITH_KNOTS('',7,(#3748,#3749,#3750,#3751,#3752,
    #3753,#3754,#3755,#3756,#3757,#3758,#3759,#3760,#3761,#3762,#3763,
    #3764,#3765,#3766,#3767,#3768,#3769,#3770,#3771,#3772,#3773,#3774,
    #3775,#3776,#3777,#3778,#3779,#3780,#3781,#3782,#3783,#3784,#3785,
    #3786,#3787,#3788,#3789,#3790,#3791,#3792,#3793,#3794,#3795,#3796,
    #3797,#3798,#3799,#3800,#3801,#3802,#3803,#3804,#3805,#3806,#3807,
    #3808,#3809,#3810,#3811,#3812,#3813,#3814,#3815,#3816,#3817,#3818,
    #3819,#3820,#3821,#3822,#3823,#3824,#3825,#3826,#3827,#3828,#3829,
    #3830,#3831,#3832,#3833,#3834,#3835,#3836,#3837,#3838,#3839,#3840,
    #3841,#3842,#3843,#3844,#3845,#3846,#3847,#3848,#3849,#3850,#3851,
    #3852,#3853,#3854,#3855,#3856,#3857,#3858,#3859,#3860,#3861,#3862,
    #3863,#3864,#3865,#3866,#3867,#3868,#3869,#3870,#3871,#3872,#3873,
    #3874,#3875,#3876,#3877,#3878,#3879,#3880,#3881,#3882,#3883,#3884,
    #3885,#3886,#3887,#3888,#3889,#3890,#3891,#3892,#3893,#3894,#3895,
    #3896,#3897,#3898,#3899,#3900,#3901,#3902,#3903,#3904,#3905,#3906,
    #3907,#3908,#3909,#3910,#3911,#3912,#3913,#3914,#3915,#3916,#3917,
    #3918,#3919,#3920,#3921,#3922,#3923),.UNSPECIFIED.,.F.,.F.,(8,6,6,6,
    6,6,6,6,6,6,6,6,6,6,6,6,6,6,6,6,6,6,6,6,6,6,6,6,6,8),(0.,
    6.418616323544E-02,0.132837073027,0.173748757995,0.204601106798,
    0.230382004428,0.252022127367,0.283262673393,0.299181047168,
    0.314806321899,0.32254446598,0.330255681282,0.369919460757,
    0.402612257878,0.428505091207,0.498336224031,0.568167356854,
    0.594060190183,0.626752987304,0.666416766779,0.674127982081,
    0.697695484823,0.713780047371,0.745346746564,0.76721279368,
    0.793262845422,0.824437294589,0.865776099994,0.935143729386,1.),
  .UNSPECIFIED.);
#3748 = CARTESIAN_POINT('',(6.28318530718,0.525668100098));
#3749 = CARTESIAN_POINT('',(6.224134312666,0.525668100098));
#3750 = CARTESIAN_POINT('',(6.167023584273,0.525668100098));
#3751 = CARTESIAN_POINT('',(6.11149824345,0.525668100098));
#3752 = CARTESIAN_POINT('',(6.057269217301,0.525668100098));
#3753 = CARTESIAN_POINT('',(6.004084956526,0.525668100098));
#3754 = CARTESIAN_POINT('',(5.951710088203,0.525668100098));
#3755 = CARTESIAN_POINT('',(5.844508809013,0.525668100098));
#3756 = CARTESIAN_POINT('',(5.78978650427,0.525668100098));
#3757 = CARTESIAN_POINT('',(5.735441373981,0.525668100099));
#3758 = CARTESIAN_POINT('',(5.681215391979,0.525668100098));
#3759 = CARTESIAN_POINT('',(5.626856940315,0.525668100098));
#3760 = CARTESIAN_POINT('',(5.572105533344,0.525668100098));
#3761 = CARTESIAN_POINT('',(5.483580714657,0.525668100098));
#3762 = CARTESIAN_POINT('',(5.450279958852,0.525668100098));
#3763 = CARTESIAN_POINT('',(5.416668410971,0.525668100098));
#3764 = CARTESIAN_POINT('',(5.38268407018,0.525668100098));
#3765 = CARTESIAN_POINT('',(5.348266149878,0.525668100098));
#3766 = CARTESIAN_POINT('',(5.313352271452,0.525668100098));
#3767 = CARTESIAN_POINT('',(5.251122009228,0.525668100098));
#3768 = CARTESIAN_POINT('',(5.224051240753,0.525668100098));
#3769 = CARTESIAN_POINT('',(5.196636084668,0.525668100098));
#3770 = CARTESIAN_POINT('',(5.168852588496,0.525668100098));
#3771 = CARTESIAN_POINT('',(5.14067941857,0.525668100098));
#3772 = CARTESIAN_POINT('',(5.112098488606,0.525668100098));
#3773 = CARTESIAN_POINT('',(5.058862562876,0.525668100098));
#3774 = CARTESIAN_POINT('',(5.034334211053,0.525668100098));
#3775 = CARTESIAN_POINT('',(5.009506094617,0.525668100098));
#3776 = CARTESIAN_POINT('',(4.984374132982,0.525668100098));
#3777 = CARTESIAN_POINT('',(4.958937267033,0.525668100098));
#3778 = CARTESIAN_POINT('',(4.933198797762,0.525668100098));
#3779 = CARTESIAN_POINT('',(4.885317608402,0.525668100098));
#3780 = CARTESIAN_POINT('',(4.86325983979,0.525668100098));
#3781 = CARTESIAN_POINT('',(4.841000426138,0.525668100098));
#3782 = CARTESIAN_POINT('',(4.818545513209,0.525668100098));
#3783 = CARTESIAN_POINT('',(4.795902184293,0.525668100098));
#3784 = CARTESIAN_POINT('',(4.773079259029,0.525668100098));
#3785 = CARTESIAN_POINT('',(4.716897125308,0.525668100098));
#3786 = CARTESIAN_POINT('',(4.683347654463,0.525668100098));
#3787 = CARTESIAN_POINT('',(4.649479034734,0.525668100098));
#3788 = CARTESIAN_POINT('',(4.615320031022,0.525668100098));
#3789 = CARTESIAN_POINT('',(4.580893853629,0.525668100098));
#3790 = CARTESIAN_POINT('',(4.546222021128,0.525668100098));
#3791 = CARTESIAN_POINT('',(4.493546593582,0.525668100098));
#3792 = CARTESIAN_POINT('',(4.475706791553,0.525668100098));
#3793 = CARTESIAN_POINT('',(4.457809574386,0.525668100098));
#3794 = CARTESIAN_POINT('',(4.43985621428,0.525668100098));
#3795 = CARTESIAN_POINT('',(4.421847383419,0.525668100098));
#3796 = CARTESIAN_POINT('',(4.403783211694,0.525668100098));
#3797 = CARTESIAN_POINT('',(4.367877111446,0.525668100098));
#3798 = CARTESIAN_POINT('',(4.350037185768,0.525668100098));
#3799 = CARTESIAN_POINT('',(4.332143131869,0.525668100098));
#3800 = CARTESIAN_POINT('',(4.314194015951,0.525668100098));
#3801 = CARTESIAN_POINT('',(4.296188413281,0.525668100098));
#3802 = CARTESIAN_POINT('',(4.278124415557,0.525668100098));
#3803 = CARTESIAN_POINT('',(4.251023659252,0.525668100098));
#3804 = CARTESIAN_POINT('',(4.242047680247,0.525668100098));
#3805 = CARTESIAN_POINT('',(4.233071701241,0.525668100098));
#3806 = CARTESIAN_POINT('',(4.224095722231,0.525668100098));
#3807 = CARTESIAN_POINT('',(4.215119743216,0.525668100098));
#3808 = CARTESIAN_POINT('',(4.206143764201,0.525668100098));
#3809 = CARTESIAN_POINT('',(4.188223042641,0.525668100098));
#3810 = CARTESIAN_POINT('',(4.179166270756,0.525668100098));
#3811 = CARTESIAN_POINT('',(4.170246194384,0.525668100098));
#3812 = CARTESIAN_POINT('',(4.161296650399,0.525668100098));
#3813 = CARTESIAN_POINT('',(4.152271314251,0.525668100098));
#3814 = CARTESIAN_POINT('',(4.143309914045,0.525668100098));
#3815 = CARTESIAN_POINT('',(4.08817692528,0.525668100098));
#3816 = CARTESIAN_POINT('',(4.043945750118,0.525668100098));
#3817 = CARTESIAN_POINT('',(4.001433862832,0.525668100098));
#3818 = CARTESIAN_POINT('',(3.960462800459,0.525668100098));
#3819 = CARTESIAN_POINT('',(3.920876955272,0.525668100098));
#3820 = CARTESIAN_POINT('',(3.882536349155,0.525668100098));
#3821 = CARTESIAN_POINT('',(3.814625170362,0.525668100098));
#3822 = CARTESIAN_POINT('',(3.784700896836,0.525668100098));
#3823 = CARTESIAN_POINT('',(3.75546536036,0.525668100098));
#3824 = CARTESIAN_POINT('',(3.726855962452,0.525668100098));
#3825 = CARTESIAN_POINT('',(3.6988168015,0.525668100098));
#3826 = CARTESIAN_POINT('',(3.671296741063,0.525668100098));
#3827 = CARTESIAN_POINT('',(3.622824347763,0.525668100098));
#3828 = CARTESIAN_POINT('',(3.60169683571,0.525668100098));
#3829 = CARTESIAN_POINT('',(3.580841882466,0.525668100098));
#3830 = CARTESIAN_POINT('',(3.560237792759,0.525668100098));
#3831 = CARTESIAN_POINT('',(3.53986423558,0.525668100098));
#3832 = CARTESIAN_POINT('',(3.519702244186,0.525668100098));
#3833 = CARTESIAN_POINT('',(3.44588186229,0.525668100098));
#3834 = CARTESIAN_POINT('',(3.393447422099,0.525668100098));
#3835 = CARTESIAN_POINT('',(3.342065086216,0.525668100098));
#3836 = CARTESIAN_POINT('',(3.291443628697,0.525668100098));
#3837 = CARTESIAN_POINT('',(3.241326387824,0.525668100098));
#3838 = CARTESIAN_POINT('',(3.191462966701,0.525668100098));
#3839 = CARTESIAN_POINT('',(3.091722340478,0.525668100098));
#3840 = CARTESIAN_POINT('',(3.041858919355,0.525668100098));
#3841 = CARTESIAN_POINT('',(2.991741678483,0.525668100098));
#3842 = CARTESIAN_POINT('',(2.941120220964,0.525668100098));
#3843 = CARTESIAN_POINT('',(2.889737885081,0.525668100098));
#3844 = CARTESIAN_POINT('',(2.83730344489,0.525668100098));
#3845 = CARTESIAN_POINT('',(2.763483062994,0.525668100098));
#3846 = CARTESIAN_POINT('',(2.7433210716,0.525668100098));
#3847 = CARTESIAN_POINT('',(2.722947514421,0.525668100098));
#3848 = CARTESIAN_POINT('',(2.702343424714,0.525668100098));
#3849 = CARTESIAN_POINT('',(2.68148847147,0.525668100098));
#3850 = CARTESIAN_POINT('',(2.660360959417,0.525668100098));
#3851 = CARTESIAN_POINT('',(2.611888566117,0.525668100098));
#3852 = CARTESIAN_POINT('',(2.58436850568,0.525668100098));
#3853 = CARTESIAN_POINT('',(2.556329344728,0.525668100098));
#3854 = CARTESIAN_POINT('',(2.527719946819,0.525668100098));
#3855 = CARTESIAN_POINT('',(2.498484410343,0.525668100098));
#3856 = CARTESIAN_POINT('',(2.468560136818,0.525668100098));
#3857 = CARTESIAN_POINT('',(2.400648958025,0.525668100098));
#3858 = CARTESIAN_POINT('',(2.362308351908,0.525668100098));
#3859 = CARTESIAN_POINT('',(2.322722506721,0.525668100098));
#3860 = CARTESIAN_POINT('',(2.281751444348,0.525668100098));
#3861 = CARTESIAN_POINT('',(2.239239557061,0.525668100098));
#3862 = CARTESIAN_POINT('',(2.1950083819,0.525668100098));
#3863 = CARTESIAN_POINT('',(2.139875393135,0.525668100098));
#3864 = CARTESIAN_POINT('',(2.130913992929,0.525668100098));
#3865 = CARTESIAN_POINT('',(2.121888656781,0.525668100098));
#3866 = CARTESIAN_POINT('',(2.112939112795,0.525668100098));
#3867 = CARTESIAN_POINT('',(2.104019036424,0.525668100098));
#3868 = CARTESIAN_POINT('',(2.094962264539,0.525668100098));
#3869 = CARTESIAN_POINT('',(2.058680035424,0.525668100098));
#3870 = CARTESIAN_POINT('',(2.031493337145,0.525668100098));
#3871 = CARTESIAN_POINT('',(2.004446552783,0.525668100098));
#3872 = CARTESIAN_POINT('',(1.977531126429,0.525668100098));
#3873 = CARTESIAN_POINT('',(1.950740808702,0.525668100098));
#3874 = CARTESIAN_POINT('',(1.924071644837,0.525668100098));
#3875 = CARTESIAN_POINT('',(1.879402095486,0.525668100098));
#3876 = CARTESIAN_POINT('',(1.861337923761,0.525668100098));
#3877 = CARTESIAN_POINT('',(1.8433290929,0.525668100098));
#3878 = CARTESIAN_POINT('',(1.825375732793,0.525668100098));
#3879 = CARTESIAN_POINT('',(1.807478515627,0.525668100098));
#3880 = CARTESIAN_POINT('',(1.789638713598,0.525668100098));
#3881 = CARTESIAN_POINT('',(1.736963286052,0.525668100098));
#3882 = CARTESIAN_POINT('',(1.702291453551,0.525668100098));
#3883 = CARTESIAN_POINT('',(1.667865276158,0.525668100098));
#3884 = CARTESIAN_POINT('',(1.633706272445,0.525668100098));
#3885 = CARTESIAN_POINT('',(1.599837652717,0.525668100098));
#3886 = CARTESIAN_POINT('',(1.566288181872,0.525668100098));
#3887 = CARTESIAN_POINT('',(1.510106048151,0.525668100098));
#3888 = CARTESIAN_POINT('',(1.487283122887,0.525668100098));
#3889 = CARTESIAN_POINT('',(1.464639793971,0.525668100098));
#3890 = CARTESIAN_POINT('',(1.442184881042,0.525668100098));
#3891 = CARTESIAN_POINT('',(1.419925467389,0.525668100098));
#3892 = CARTESIAN_POINT('',(1.397867698778,0.525668100098));
#3893 = CARTESIAN_POINT('',(1.349986509418,0.525668100098));
#3894 = CARTESIAN_POINT('',(1.324248040147,0.525668100098));
#3895 = CARTESIAN_POINT('',(1.298811174198,0.525668100098));
#3896 = CARTESIAN_POINT('',(1.273679212563,0.525668100098));
#3897 = CARTESIAN_POINT('',(1.248851096127,0.525668100098));
#3898 = CARTESIAN_POINT('',(1.224322744304,0.525668100098));
#3899 = CARTESIAN_POINT('',(1.171086818574,0.525668100098));
#3900 = CARTESIAN_POINT('',(1.14250588861,0.525668100098));
#3901 = CARTESIAN_POINT('',(1.114332718684,0.525668100098));
#3902 = CARTESIAN_POINT('',(1.086549222512,0.525668100098));
#3903 = CARTESIAN_POINT('',(1.059134066427,0.525668100098));
#3904 = CARTESIAN_POINT('',(1.032063297952,0.525668100098));
#3905 = CARTESIAN_POINT('',(0.969833035728,0.525668100098));
#3906 = CARTESIAN_POINT('',(0.934919157302,0.525668100098));
#3907 = CARTESIAN_POINT('',(0.900501237,0.525668100098));
#3908 = CARTESIAN_POINT('',(0.866516896208,0.525668100098));
#3909 = CARTESIAN_POINT('',(0.832905348328,0.525668100098));
#3910 = CARTESIAN_POINT('',(0.799604592523,0.525668100098));
#3911 = CARTESIAN_POINT('',(0.711079773835,0.525668100098));
#3912 = CARTESIAN_POINT('',(0.656328366867,0.525668100098));
#3913 = CARTESIAN_POINT('',(0.601969915196,0.525668100098));
#3914 = CARTESIAN_POINT('',(0.547743933204,0.525668100098));
#3915 = CARTESIAN_POINT('',(0.493398802906,0.525668100098));
#3916 = CARTESIAN_POINT('',(0.438676498168,0.525668100098));
#3917 = CARTESIAN_POINT('',(0.331475218977,0.525668100098));
#3918 = CARTESIAN_POINT('',(0.279100350654,0.525668100098));
#3919 = CARTESIAN_POINT('',(0.225916089878,0.525668100098));
#3920 = CARTESIAN_POINT('',(0.17168706373,0.525668100098));
#3921 = CARTESIAN_POINT('',(0.116161722907,0.525668100098));
#3922 = CARTESIAN_POINT('',(5.905099451385E-02,0.525668100098));
#3923 = CARTESIAN_POINT('',(0.,0.525668100098));
#3924 = ( GEOMETRIC_REPRESENTATION_CONTEXT(2) 
PARAMETRIC_REPRESENTATION_CONTEXT() REPRESENTATION_CONTEXT('2D SPACE',''
  ) );
#3925 = ORIENTED_EDGE('',*,*,#3926,.T.);
#3926 = EDGE_CURVE('',#3385,#1994,#3927,.T.);
#3927 = SURFACE_CURVE('',#3928,(#4105,#4285),.PCURVE_S1.);
#3928 = B_SPLINE_CURVE_WITH_KNOTS('',7,(#3929,#3930,#3931,#3932,#3933,
    #3934,#3935,#3936,#3937,#3938,#3939,#3940,#3941,#3942,#3943,#3944,
    #3945,#3946,#3947,#3948,#3949,#3950,#3951,#3952,#3953,#3954,#3955,
    #3956,#3957,#3958,#3959,#3960,#3961,#3962,#3963,#3964,#3965,#3966,
    #3967,#3968,#3969,#3970,#3971,#3972,#3973,#3974,#3975,#3976,#3977,
    #3978,#3979,#3980,#3981,#3982,#3983,#3984,#3985,#3986,#3987,#3988,
    #3989,#3990,#3991,#3992,#3993,#3994,#3995,#3996,#3997,#3998,#3999,
    #4000,#4001,#4002,#4003,#4004,#4005,#4006,#4007,#4008,#4009,#4010,
    #4011,#4012,#4013,#4014,#4015,#4016,#4017,#4018,#4019,#4020,#4021,
    #4022,#4023,#4024,#4025,#4026,#4027,#4028,#4029,#4030,#4031,#4032,
    #4033,#4034,#4035,#4036,#4037,#4038,#4039,#4040,#4041,#4042,#4043,
    #4044,#4045,#4046,#4047,#4048,#4049,#4050,#4051,#4052,#4053,#4054,
    #4055,#4056,#4057,#4058,#4059,#4060,#4061,#4062,#4063,#4064,#4065,
    #4066,#4067,#4068,#4069,#4070,#4071,#4072,#4073,#4074,#4075,#4076,
    #4077,#4078,#4079,#4080,#4081,#4082,#4083,#4084,#4085,#4086,#4087,
    #4088,#4089,#4090,#4091,#4092,#4093,#4094,#4095,#4096,#4097,#4098,
    #4099,#4100,#4101,#4102,#4103,#4104),.UNSPECIFIED.,.T.,.F.,(8,6,6,6,
    6,6,6,6,6,6,6,6,6,6,6,6,6,6,6,6,6,6,6,6,6,6,6,6,6,8),(0.,
    6.418616323544E-02,0.132837073027,0.173748757995,0.204601106798,
    0.230382004428,0.252022127367,0.283262673393,0.299181047168,
    0.314806321899,0.32254446598,0.330255681282,0.369919460757,
    0.402612257878,0.428505091207,0.498336224031,0.568167356854,
    0.594060190183,0.626752987304,0.666416766779,0.674127982081,
    0.697695484823,0.713780047371,0.745346746564,0.76721279368,
    0.793262845422,0.824437294589,0.865776099994,0.935143729386,1.),
  .UNSPECIFIED.);
#3929 = CARTESIAN_POINT('',(73.939372859009,0.,231.2));
#3930 = CARTESIAN_POINT('',(73.939372941855,-0.978544597321,231.2));
#3931 = CARTESIAN_POINT('',(73.900588882507,-1.957120768428,231.2));
#3932 = CARTESIAN_POINT('',(73.823017672826,-2.934005209979,231.2));
#3933 = CARTESIAN_POINT('',(73.706382761858,-3.907312053022,231.2));
#3934 = CARTESIAN_POINT('',(73.550203600574,-4.874998835824,231.2));
#3935 = CARTESIAN_POINT('',(73.353774695655,-5.834861524361,231.2));
#3936 = CARTESIAN_POINT('',(72.861797945468,-7.800232193831,231.2));
#3937 = CARTESIAN_POINT('',(72.560404230583,-8.80387801693,231.2));
#3938 = CARTESIAN_POINT('',(72.210588784955,-9.792826619644,231.2));
#3939 = CARTESIAN_POINT('',(71.810753282312,-10.76342569647,231.2));
#3940 = CARTESIAN_POINT('',(71.359097580584,-11.71103896611,231.2));
#3941 = CARTESIAN_POINT('',(70.853712578385,-12.63008206532,231.2));
#3942 = CARTESIAN_POINT('',(69.95751978932,-14.04049240392,231.2));
#3943 = CARTESIAN_POINT('',(69.603029900497,-14.55445785214,231.2));
#3944 = CARTESIAN_POINT('',(69.228225612222,-15.05428184885,231.2));
#3945 = CARTESIAN_POINT('',(68.832702625574,-15.53818745831,231.2));
#3946 = CARTESIAN_POINT('',(68.416159369309,-16.00409638492,231.2));
#3947 = CARTESIAN_POINT('',(67.978432726266,-16.44965792229,231.2));
#3948 = CARTESIAN_POINT('',(67.173468450287,-17.19098438326,231.2));
#3949 = CARTESIAN_POINT('',(66.815399713894,-17.49660996142,231.2));
#3950 = CARTESIAN_POINT('',(66.445352675323,-17.78803142223,231.2));
#3951 = CARTESIAN_POINT('',(66.063470890384,-18.06400046511,231.2));
#3952 = CARTESIAN_POINT('',(65.670037949382,-18.32317355056,231.2));
#3953 = CARTESIAN_POINT('',(65.265508867655,-18.56415601165,231.2));
#3954 = CARTESIAN_POINT('',(64.503803298967,-18.97057139896,231.2));
#3955 = CARTESIAN_POINT('',(64.149770674886,-19.14191173768,231.2));
#3956 = CARTESIAN_POINT('',(63.788864521409,-19.29876477504,231.2));
#3957 = CARTESIAN_POINT('',(63.421594091813,-19.4403202887,231.2));
#3958 = CARTESIAN_POINT('',(63.048580573593,-19.56581136552,231.2));
#3959 = CARTESIAN_POINT('',(62.670570899851,-19.6745512623,231.2));
#3960 = CARTESIAN_POINT('',(61.967705580217,-19.84270660412,231.2));
#3961 = CARTESIAN_POINT('',(61.644041506704,-19.90724531928,231.2));
#3962 = CARTESIAN_POINT('',(61.317990238739,-19.9592484005,231.2));
#3963 = CARTESIAN_POINT('',(60.990110562391,-19.99844987974,231.2));
#3964 = CARTESIAN_POINT('',(60.660990045524,-20.02466453185,231.2));
#3965 = CARTESIAN_POINT('',(60.331245932112,-20.03779657392,231.2));
#3966 = CARTESIAN_POINT('',(59.525529109289,-20.03792331621,231.2));
#3967 = CARTESIAN_POINT('',(59.0494685965,-20.0107384121,231.2));
#3968 = CARTESIAN_POINT('',(58.575369491094,-19.9562815777,231.2));
#3969 = CARTESIAN_POINT('',(58.105064849562,-19.87500027504,231.2));
#3970 = CARTESIAN_POINT('',(57.640211429553,-19.76769797758,231.2));
#3971 = CARTESIAN_POINT('',(57.182300808401,-19.63546130631,231.2));
#3972 = CARTESIAN_POINT('',(56.503558099184,-19.40020901066,231.2));
#3973 = CARTESIAN_POINT('',(56.276580620449,-19.31466459551,231.2));
#3974 = CARTESIAN_POINT('',(56.051897240198,-19.22315398156,231.2));
#3975 = CARTESIAN_POINT('',(55.829652389949,-19.12585687111,231.2));
#3976 = CARTESIAN_POINT('',(55.609972607902,-19.02296010987,231.2));
#3977 = CARTESIAN_POINT('',(55.392967907929,-18.91465452751,231.2));
#3978 = CARTESIAN_POINT('',(54.968443026458,-18.68969932271,231.2));
#3979 = CARTESIAN_POINT('',(54.760821444249,-18.57323990342,231.2));
#3980 = CARTESIAN_POINT('',(54.555957096783,-18.45193459362,231.2));
#3981 = CARTESIAN_POINT('',(54.35392417252,-18.32596491272,231.2));
#3982 = CARTESIAN_POINT('',(54.154783560233,-18.19551088157,231.2));
#3983 = CARTESIAN_POINT('',(53.958584055708,-18.06074907772,231.2));
#3984 = CARTESIAN_POINT('',(53.669674496902,-17.85306370827,231.2));
#3985 = CARTESIAN_POINT('',(53.574874979312,-17.78337644162,231.2));
#3986 = CARTESIAN_POINT('',(53.48096736381,-17.71281734215,231.2));
#3987 = CARTESIAN_POINT('',(53.387953468873,-17.64141450258,231.2));
#3988 = CARTESIAN_POINT('',(53.295834583311,-17.56919565694,231.2));
#3989 = CARTESIAN_POINT('',(53.204611466269,-17.49618818056,231.2));
#3990 = CARTESIAN_POINT('',(53.024178015828,-17.34883027487,231.2));
#3991 = CARTESIAN_POINT('',(52.934600689851,-17.27418755948,231.2));
#3992 = CARTESIAN_POINT('',(52.845149415993,-17.19816623305,231.2));
#3993 = CARTESIAN_POINT('',(52.75562889333,-17.120572864,231.2));
#3994 = CARTESIAN_POINT('',(52.666006054938,-17.04133536708,231.2));
#3995 = CARTESIAN_POINT('',(52.576392542652,-16.96051525824,231.2));
#3996 = CARTESIAN_POINT('',(52.027200109247,-16.45536488617,231.2));
#3997 = CARTESIAN_POINT('',(51.588498926671,-16.00927353025,231.2));
#3998 = CARTESIAN_POINT('',(51.170992529559,-15.54267560283,231.2));
#3999 = CARTESIAN_POINT('',(50.774538359771,-15.05793696582,231.2));
#4000 = CARTESIAN_POINT('',(50.398848411175,-14.55715122556,231.2));
#4001 = CARTESIAN_POINT('',(50.043527342153,-14.04210918869,231.2));
#4002 = CARTESIAN_POINT('',(49.431643312617,-13.07919516981,231.2));
#4003 = CARTESIAN_POINT('',(49.168727614902,-12.63547306326,231.2));
#4004 = CARTESIAN_POINT('',(48.919117888465,-12.18394891724,231.2));
#4005 = CARTESIAN_POINT('',(48.682573454526,-11.72539018384,231.2));
#4006 = CARTESIAN_POINT('',(48.458858951847,-11.26048483046,231.2));
#4007 = CARTESIAN_POINT('',(48.247744726546,-10.78984132205,231.2));
#4008 = CARTESIAN_POINT('',(47.891605679758,-9.937109124078,231.2));
#4009 = CARTESIAN_POINT('',(47.741971540785,-9.556971418092,231.2));
#4010 = CARTESIAN_POINT('',(47.599996952393,-9.173843447502,231.2));
#4011 = CARTESIAN_POINT('',(47.465580900797,-8.787975212954,231.2));
#4012 = CARTESIAN_POINT('',(47.338629211035,-8.399598753579,231.2));
#4013 = CARTESIAN_POINT('',(47.219054546972,-8.008928146987,231.2));
#4014 = CARTESIAN_POINT('',(46.803971264522,-6.556893762116,231.2));
#4015 = CARTESIAN_POINT('',(46.554286502028,-5.482557849576,231.2));
#4016 = CARTESIAN_POINT('',(46.356040031781,-4.396764573364,231.2));
#4017 = CARTESIAN_POINT('',(46.208129588267,-3.302787807057,231.2));
#4018 = CARTESIAN_POINT('',(46.109804283455,-2.203599803744,231.2));
#4019 = CARTESIAN_POINT('',(46.060626930616,-1.101880669115,231.2));
#4020 = CARTESIAN_POINT('',(46.060626930616,1.101880669108,231.2));
#4021 = CARTESIAN_POINT('',(46.109804283455,2.20359980374,231.2));
#4022 = CARTESIAN_POINT('',(46.208129588266,3.302787807051,231.2));
#4023 = CARTESIAN_POINT('',(46.35604003178,4.396764573357,231.2));
#4024 = CARTESIAN_POINT('',(46.554286502028,5.482557849571,231.2));
#4025 = CARTESIAN_POINT('',(46.80397126452,6.55689376211,231.2));
#4026 = CARTESIAN_POINT('',(47.21905454697,8.008928146982,231.2));
#4027 = CARTESIAN_POINT('',(47.338629211033,8.399598753574,231.2));
#4028 = CARTESIAN_POINT('',(47.465580900795,8.787975212949,231.2));
#4029 = CARTESIAN_POINT('',(47.599996952392,9.173843447497,231.2));
#4030 = CARTESIAN_POINT('',(47.741971540783,9.556971418087,231.2));
#4031 = CARTESIAN_POINT('',(47.891605679756,9.937109124073,231.2));
#4032 = CARTESIAN_POINT('',(48.247744726544,10.789841322052,231.2));
#4033 = CARTESIAN_POINT('',(48.458858951845,11.260484830462,231.2));
#4034 = CARTESIAN_POINT('',(48.682573454524,11.725390183836,231.2));
#4035 = CARTESIAN_POINT('',(48.919117888462,12.183948917236,231.2));
#4036 = CARTESIAN_POINT('',(49.1687276149,12.63547306326,231.2));
#4037 = CARTESIAN_POINT('',(49.431643312615,13.079195169812,231.2));
#4038 = CARTESIAN_POINT('',(50.043527342151,14.042109188686,231.2));
#4039 = CARTESIAN_POINT('',(50.398848411172,14.557151225558,231.2));
#4040 = CARTESIAN_POINT('',(50.774538359768,15.057936965817,231.2));
#4041 = CARTESIAN_POINT('',(51.170992529556,15.542675602834,231.2));
#4042 = CARTESIAN_POINT('',(51.588498926668,16.009273530247,231.2));
#4043 = CARTESIAN_POINT('',(52.027200109244,16.455364886171,231.2));
#4044 = CARTESIAN_POINT('',(52.57639254265,16.96051525824,231.2));
#4045 = CARTESIAN_POINT('',(52.666006054935,17.04133536708,231.2));
#4046 = CARTESIAN_POINT('',(52.755628893328,17.120572864003,231.2));
#4047 = CARTESIAN_POINT('',(52.845149415991,17.198166233056,231.2));
#4048 = CARTESIAN_POINT('',(52.934600689847,17.274187559488,231.2));
#4049 = CARTESIAN_POINT('',(53.024178015826,17.348830274872,231.2));
#4050 = CARTESIAN_POINT('',(53.38938710482,17.647092433361,231.2));
#4051 = CARTESIAN_POINT('',(53.671283594157,17.863461006687,231.2));
#4052 = CARTESIAN_POINT('',(53.959911249088,18.070994017426,231.2));
#4053 = CARTESIAN_POINT('',(54.255162558759,18.26912389223,231.2));
#4054 = CARTESIAN_POINT('',(54.556876687203,18.457258873303,231.2));
#4055 = CARTESIAN_POINT('',(54.864831092938,18.63479561464,231.2));
#4056 = CARTESIAN_POINT('',(55.392967907927,18.914654527514,231.2));
#4057 = CARTESIAN_POINT('',(55.609972607899,19.022960109874,231.2));
#4058 = CARTESIAN_POINT('',(55.829652389946,19.12585687111,231.2));
#4059 = CARTESIAN_POINT('',(56.051897240195,19.223153981558,231.2));
#4060 = CARTESIAN_POINT('',(56.276580620446,19.314664595517,231.2));
#4061 = CARTESIAN_POINT('',(56.503558099181,19.400209010661,231.2));
#4062 = CARTESIAN_POINT('',(57.182300808398,19.635461306311,231.2));
#4063 = CARTESIAN_POINT('',(57.64021142955,19.767697977583,231.2));
#4064 = CARTESIAN_POINT('',(58.105064849559,19.875000275047,231.2));
#4065 = CARTESIAN_POINT('',(58.575369491091,19.956281577705,231.2));
#4066 = CARTESIAN_POINT('',(59.049468596497,20.010738412108,231.2));
#4067 = CARTESIAN_POINT('',(59.525529109286,20.03792331621,231.2));
#4068 = CARTESIAN_POINT('',(60.331245932109,20.037796573924,231.2));
#4069 = CARTESIAN_POINT('',(60.66099004552,20.02466453185,231.2));
#4070 = CARTESIAN_POINT('',(60.990110562388,19.998449879748,231.2));
#4071 = CARTESIAN_POINT('',(61.317990238736,19.959248400507,231.2));
#4072 = CARTESIAN_POINT('',(61.644041506701,19.907245319287,231.2));
#4073 = CARTESIAN_POINT('',(61.967705580214,19.842706604128,231.2));
#4074 = CARTESIAN_POINT('',(62.670570899847,19.674551262311,231.2));
#4075 = CARTESIAN_POINT('',(63.04858057359,19.565811365521,231.2));
#4076 = CARTESIAN_POINT('',(63.42159409181,19.440320288705,231.2));
#4077 = CARTESIAN_POINT('',(63.788864521405,19.29876477505,231.2));
#4078 = CARTESIAN_POINT('',(64.149770674882,19.141911737684,231.2));
#4079 = CARTESIAN_POINT('',(64.503803298964,18.970571398963,231.2));
#4080 = CARTESIAN_POINT('',(65.265508867652,18.564156011651,231.2));
#4081 = CARTESIAN_POINT('',(65.670037949382,18.323173550572,231.2));
#4082 = CARTESIAN_POINT('',(66.063470890379,18.064000465114,231.2));
#4083 = CARTESIAN_POINT('',(66.445352675319,17.788031422236,231.2));
#4084 = CARTESIAN_POINT('',(66.815399713895,17.496609961427,231.2));
#4085 = CARTESIAN_POINT('',(67.173468450283,17.190984383266,231.2));
#4086 = CARTESIAN_POINT('',(67.978432726263,16.449657922295,231.2));
#4087 = CARTESIAN_POINT('',(68.416159369306,16.004096384921,231.2));
#4088 = CARTESIAN_POINT('',(68.832702625572,15.538187458315,231.2));
#4089 = CARTESIAN_POINT('',(69.22822561222,15.054281848855,231.2));
#4090 = CARTESIAN_POINT('',(69.603029900495,14.554457852147,231.2));
#4091 = CARTESIAN_POINT('',(69.957519789318,14.040492403925,231.2));
#4092 = CARTESIAN_POINT('',(70.853712578382,12.630082065323,231.2));
#4093 = CARTESIAN_POINT('',(71.359097580589,11.711038966126,231.2));
#4094 = CARTESIAN_POINT('',(71.810753282299,10.763425696452,231.2));
#4095 = CARTESIAN_POINT('',(72.210588784965,9.792826619678,231.2));
#4096 = CARTESIAN_POINT('',(72.560404230577,8.803878016911,231.2));
#4097 = CARTESIAN_POINT('',(72.861797945469,7.80023219384,231.2));
#4098 = CARTESIAN_POINT('',(73.353774695654,5.834861524363,231.2));
#4099 = CARTESIAN_POINT('',(73.550203600575,4.874998835827,231.2));
#4100 = CARTESIAN_POINT('',(73.706382761857,3.907312053022,231.2));
#4101 = CARTESIAN_POINT('',(73.823017672826,2.934005209979,231.2));
#4102 = CARTESIAN_POINT('',(73.900588882508,1.957120768429,231.2));
#4103 = CARTESIAN_POINT('',(73.939372941855,0.978544597321,231.2));
#4104 = CARTESIAN_POINT('',(73.939372859009,0.,231.2));
#4105 = PCURVE('',#288,#4106);
#4106 = DEFINITIONAL_REPRESENTATION('',(#4107),#4284);
#4107 = B_SPLINE_CURVE_WITH_KNOTS('',7,(#4108,#4109,#4110,#4111,#4112,
    #4113,#4114,#4115,#4116,#4117,#4118,#4119,#4120,#4121,#4122,#4123,
    #4124,#4125,#4126,#4127,#4128,#4129,#4130,#4131,#4132,#4133,#4134,
    #4135,#4136,#4137,#4138,#4139,#4140,#4141,#4142,#4143,#4144,#4145,
    #4146,#4147,#4148,#4149,#4150,#4151,#4152,#4153,#4154,#4155,#4156,
    #4157,#4158,#4159,#4160,#4161,#4162,#4163,#4164,#4165,#4166,#4167,
    #4168,#4169,#4170,#4171,#4172,#4173,#4174,#4175,#4176,#4177,#4178,
    #4179,#4180,#4181,#4182,#4183,#4184,#4185,#4186,#4187,#4188,#4189,
    #4190,#4191,#4192,#4193,#4194,#4195,#4196,#4197,#4198,#4199,#4200,
    #4201,#4202,#4203,#4204,#4205,#4206,#4207,#4208,#4209,#4210,#4211,
    #4212,#4213,#4214,#4215,#4216,#4217,#4218,#4219,#4220,#4221,#4222,
    #4223,#4224,#4225,#4226,#4227,#4228,#4229,#4230,#4231,#4232,#4233,
    #4234,#4235,#4236,#4237,#4238,#4239,#4240,#4241,#4242,#4243,#4244,
    #4245,#4246,#4247,#4248,#4249,#4250,#4251,#4252,#4253,#4254,#4255,
    #4256,#4257,#4258,#4259,#4260,#4261,#4262,#4263,#4264,#4265,#4266,
    #4267,#4268,#4269,#4270,#4271,#4272,#4273,#4274,#4275,#4276,#4277,
    #4278,#4279,#4280,#4281,#4282,#4283),.UNSPECIFIED.,.F.,.F.,(8,6,6,6,
    6,6,6,6,6,6,6,6,6,6,6,6,6,6,6,6,6,6,6,6,6,6,6,6,6,8),(0.,
    6.418616323544E-02,0.132837073027,0.173748757995,0.204601106798,
    0.230382004428,0.252022127367,0.283262673393,0.299181047168,
    0.314806321899,0.32254446598,0.330255681282,0.369919460757,
    0.402612257878,0.428505091207,0.498336224031,0.568167356854,
    0.594060190183,0.626752987304,0.666416766779,0.674127982081,
    0.697695484823,0.713780047371,0.745346746564,0.76721279368,
    0.793262845422,0.824437294589,0.865776099994,0.935143729386,1.),
  .UNSPECIFIED.);
#4108 = CARTESIAN_POINT('',(133.939372859,60.));
#4109 = CARTESIAN_POINT('',(133.93937294185,59.021455402679));
#4110 = CARTESIAN_POINT('',(133.9005888825,58.042879231572));
#4111 = CARTESIAN_POINT('',(133.82301767282,57.065994790021));
#4112 = CARTESIAN_POINT('',(133.70638276185,56.092687946978));
#4113 = CARTESIAN_POINT('',(133.55020360057,55.125001164176));
#4114 = CARTESIAN_POINT('',(133.35377469565,54.165138475639));
#4115 = CARTESIAN_POINT('',(132.86179794546,52.199767806169));
#4116 = CARTESIAN_POINT('',(132.56040423058,51.19612198307));
#4117 = CARTESIAN_POINT('',(132.21058878495,50.207173380356));
#4118 = CARTESIAN_POINT('',(131.81075328231,49.236574303525));
#4119 = CARTESIAN_POINT('',(131.35909758058,48.288961033887));
#4120 = CARTESIAN_POINT('',(130.85371257838,47.369917934677));
#4121 = CARTESIAN_POINT('',(129.95751978932,45.959507596077));
#4122 = CARTESIAN_POINT('',(129.60302990049,45.445542147856));
#4123 = CARTESIAN_POINT('',(129.22822561222,44.945718151148));
#4124 = CARTESIAN_POINT('',(128.83270262557,44.461812541687));
#4125 = CARTESIAN_POINT('',(128.4161593693,43.99590361508));
#4126 = CARTESIAN_POINT('',(127.97843272626,43.550342077707));
#4127 = CARTESIAN_POINT('',(127.17346845028,42.809015616736));
#4128 = CARTESIAN_POINT('',(126.81539971389,42.503390038577));
#4129 = CARTESIAN_POINT('',(126.44535267532,42.211968577764));
#4130 = CARTESIAN_POINT('',(126.06347089038,41.935999534886));
#4131 = CARTESIAN_POINT('',(125.67003794938,41.676826449433));
#4132 = CARTESIAN_POINT('',(125.26550886765,41.435843988349));
#4133 = CARTESIAN_POINT('',(124.50380329896,41.029428601038));
#4134 = CARTESIAN_POINT('',(124.14977067488,40.858088262318));
#4135 = CARTESIAN_POINT('',(123.7888645214,40.701235224951));
#4136 = CARTESIAN_POINT('',(123.42159409181,40.559679711295));
#4137 = CARTESIAN_POINT('',(123.04858057359,40.43418863448));
#4138 = CARTESIAN_POINT('',(122.67057089985,40.325448737691));
#4139 = CARTESIAN_POINT('',(121.96770558021,40.157293395872));
#4140 = CARTESIAN_POINT('',(121.6440415067,40.092754680714));
#4141 = CARTESIAN_POINT('',(121.31799023873,40.040751599494));
#4142 = CARTESIAN_POINT('',(120.99011056239,40.001550120252));
#4143 = CARTESIAN_POINT('',(120.66099004552,39.97533546815));
#4144 = CARTESIAN_POINT('',(120.33124593211,39.962203426077));
#4145 = CARTESIAN_POINT('',(119.52552910928,39.96207668379));
#4146 = CARTESIAN_POINT('',(119.0494685965,39.989261587891));
#4147 = CARTESIAN_POINT('',(118.57536949109,40.043718422296));
#4148 = CARTESIAN_POINT('',(118.10506484956,40.124999724953));
#4149 = CARTESIAN_POINT('',(117.64021142955,40.232302022415));
#4150 = CARTESIAN_POINT('',(117.1823008084,40.364538693689));
#4151 = CARTESIAN_POINT('',(116.50355809918,40.599790989338));
#4152 = CARTESIAN_POINT('',(116.27658062044,40.685335404481));
#4153 = CARTESIAN_POINT('',(116.05189724019,40.77684601844));
#4154 = CARTESIAN_POINT('',(115.82965238994,40.874143128889));
#4155 = CARTESIAN_POINT('',(115.6099726079,40.977039890125));
#4156 = CARTESIAN_POINT('',(115.39296790792,41.085345472484));
#4157 = CARTESIAN_POINT('',(114.96844302645,41.310300677281));
#4158 = CARTESIAN_POINT('',(114.76082144424,41.426760096578));
#4159 = CARTESIAN_POINT('',(114.55595709678,41.548065406379));
#4160 = CARTESIAN_POINT('',(114.35392417252,41.674035087275));
#4161 = CARTESIAN_POINT('',(114.15478356023,41.804489118425));
#4162 = CARTESIAN_POINT('',(113.9585840557,41.939250922276));
#4163 = CARTESIAN_POINT('',(113.6696744969,42.146936291721));
#4164 = CARTESIAN_POINT('',(113.57487497931,42.216623558373));
#4165 = CARTESIAN_POINT('',(113.48096736381,42.287182657841));
#4166 = CARTESIAN_POINT('',(113.38795346887,42.358585497414));
#4167 = CARTESIAN_POINT('',(113.29583458331,42.43080434306));
#4168 = CARTESIAN_POINT('',(113.20461146626,42.503811819435));
#4169 = CARTESIAN_POINT('',(113.02417801582,42.651169725125));
#4170 = CARTESIAN_POINT('',(112.93460068985,42.725812440512));
#4171 = CARTESIAN_POINT('',(112.84514941599,42.801833766941));
#4172 = CARTESIAN_POINT('',(112.75562889333,42.879427135994));
#4173 = CARTESIAN_POINT('',(112.66600605493,42.958664632919));
#4174 = CARTESIAN_POINT('',(112.57639254265,43.039484741757));
#4175 = CARTESIAN_POINT('',(112.02720010924,43.544635113826));
#4176 = CARTESIAN_POINT('',(111.58849892667,43.99072646975));
#4177 = CARTESIAN_POINT('',(111.17099252955,44.457324397163));
#4178 = CARTESIAN_POINT('',(110.77453835977,44.94206303418));
#4179 = CARTESIAN_POINT('',(110.39884841117,45.442848774438));
#4180 = CARTESIAN_POINT('',(110.04352734215,45.95789081131));
#4181 = CARTESIAN_POINT('',(109.43164331261,46.920804830185));
#4182 = CARTESIAN_POINT('',(109.1687276149,47.364526936736));
#4183 = CARTESIAN_POINT('',(108.91911788846,47.816051082759));
#4184 = CARTESIAN_POINT('',(108.68257345452,48.27460981616));
#4185 = CARTESIAN_POINT('',(108.45885895184,48.739515169533));
#4186 = CARTESIAN_POINT('',(108.24774472654,49.210158677944));
#4187 = CARTESIAN_POINT('',(107.89160567975,50.062890875922));
#4188 = CARTESIAN_POINT('',(107.74197154078,50.443028581908));
#4189 = CARTESIAN_POINT('',(107.59999695239,50.826156552498));
#4190 = CARTESIAN_POINT('',(107.46558090079,51.212024787046));
#4191 = CARTESIAN_POINT('',(107.33862921103,51.600401246421));
#4192 = CARTESIAN_POINT('',(107.21905454697,51.991071853013));
#4193 = CARTESIAN_POINT('',(106.80397126452,53.443106237884));
#4194 = CARTESIAN_POINT('',(106.55428650202,54.517442150424));
#4195 = CARTESIAN_POINT('',(106.35604003178,55.603235426636));
#4196 = CARTESIAN_POINT('',(106.20812958826,56.697212192943));
#4197 = CARTESIAN_POINT('',(106.10980428345,57.796400196256));
#4198 = CARTESIAN_POINT('',(106.06062693061,58.898119330885));
#4199 = CARTESIAN_POINT('',(106.06062693061,61.101880669108));
#4200 = CARTESIAN_POINT('',(106.10980428345,62.20359980374));
#4201 = CARTESIAN_POINT('',(106.20812958826,63.302787807051));
#4202 = CARTESIAN_POINT('',(106.35604003178,64.396764573357));
#4203 = CARTESIAN_POINT('',(106.55428650202,65.482557849571));
#4204 = CARTESIAN_POINT('',(106.80397126452,66.55689376211));
#4205 = CARTESIAN_POINT('',(107.21905454697,68.008928146982));
#4206 = CARTESIAN_POINT('',(107.33862921103,68.399598753574));
#4207 = CARTESIAN_POINT('',(107.46558090079,68.787975212949));
#4208 = CARTESIAN_POINT('',(107.59999695239,69.173843447497));
#4209 = CARTESIAN_POINT('',(107.74197154078,69.556971418087));
#4210 = CARTESIAN_POINT('',(107.89160567975,69.937109124073));
#4211 = CARTESIAN_POINT('',(108.24774472654,70.789841322052));
#4212 = CARTESIAN_POINT('',(108.45885895184,71.260484830462));
#4213 = CARTESIAN_POINT('',(108.68257345452,71.725390183836));
#4214 = CARTESIAN_POINT('',(108.91911788846,72.183948917236));
#4215 = CARTESIAN_POINT('',(109.1687276149,72.63547306326));
#4216 = CARTESIAN_POINT('',(109.43164331261,73.079195169812));
#4217 = CARTESIAN_POINT('',(110.04352734215,74.042109188686));
#4218 = CARTESIAN_POINT('',(110.39884841117,74.557151225558));
#4219 = CARTESIAN_POINT('',(110.77453835976,75.057936965817));
#4220 = CARTESIAN_POINT('',(111.17099252955,75.542675602834));
#4221 = CARTESIAN_POINT('',(111.58849892666,76.009273530247));
#4222 = CARTESIAN_POINT('',(112.02720010924,76.455364886171));
#4223 = CARTESIAN_POINT('',(112.57639254265,76.96051525824));
#4224 = CARTESIAN_POINT('',(112.66600605493,77.04133536708));
#4225 = CARTESIAN_POINT('',(112.75562889332,77.120572864003));
#4226 = CARTESIAN_POINT('',(112.84514941599,77.198166233056));
#4227 = CARTESIAN_POINT('',(112.93460068984,77.274187559488));
#4228 = CARTESIAN_POINT('',(113.02417801582,77.348830274872));
#4229 = CARTESIAN_POINT('',(113.38938710482,77.647092433361));
#4230 = CARTESIAN_POINT('',(113.67128359415,77.863461006687));
#4231 = CARTESIAN_POINT('',(113.95991124908,78.070994017426));
#4232 = CARTESIAN_POINT('',(114.25516255875,78.26912389223));
#4233 = CARTESIAN_POINT('',(114.5568766872,78.457258873303));
#4234 = CARTESIAN_POINT('',(114.86483109293,78.63479561464));
#4235 = CARTESIAN_POINT('',(115.39296790792,78.914654527514));
#4236 = CARTESIAN_POINT('',(115.60997260789,79.022960109874));
#4237 = CARTESIAN_POINT('',(115.82965238994,79.12585687111));
#4238 = CARTESIAN_POINT('',(116.05189724019,79.223153981558));
#4239 = CARTESIAN_POINT('',(116.27658062044,79.314664595517));
#4240 = CARTESIAN_POINT('',(116.50355809918,79.400209010661));
#4241 = CARTESIAN_POINT('',(117.18230080839,79.635461306311));
#4242 = CARTESIAN_POINT('',(117.64021142955,79.767697977583));
#4243 = CARTESIAN_POINT('',(118.10506484955,79.875000275047));
#4244 = CARTESIAN_POINT('',(118.57536949109,79.956281577705));
#4245 = CARTESIAN_POINT('',(119.04946859649,80.010738412108));
#4246 = CARTESIAN_POINT('',(119.52552910928,80.03792331621));
#4247 = CARTESIAN_POINT('',(120.3312459321,80.037796573924));
#4248 = CARTESIAN_POINT('',(120.66099004552,80.02466453185));
#4249 = CARTESIAN_POINT('',(120.99011056238,79.998449879748));
#4250 = CARTESIAN_POINT('',(121.31799023873,79.959248400507));
#4251 = CARTESIAN_POINT('',(121.6440415067,79.907245319287));
#4252 = CARTESIAN_POINT('',(121.96770558021,79.842706604128));
#4253 = CARTESIAN_POINT('',(122.67057089984,79.674551262311));
#4254 = CARTESIAN_POINT('',(123.04858057359,79.565811365521));
#4255 = CARTESIAN_POINT('',(123.42159409181,79.440320288705));
#4256 = CARTESIAN_POINT('',(123.7888645214,79.29876477505));
#4257 = CARTESIAN_POINT('',(124.14977067488,79.141911737684));
#4258 = CARTESIAN_POINT('',(124.50380329896,78.970571398963));
#4259 = CARTESIAN_POINT('',(125.26550886765,78.564156011651));
#4260 = CARTESIAN_POINT('',(125.67003794938,78.323173550572));
#4261 = CARTESIAN_POINT('',(126.06347089037,78.064000465114));
#4262 = CARTESIAN_POINT('',(126.44535267531,77.788031422236));
#4263 = CARTESIAN_POINT('',(126.81539971389,77.496609961427));
#4264 = CARTESIAN_POINT('',(127.17346845028,77.190984383266));
#4265 = CARTESIAN_POINT('',(127.97843272626,76.449657922295));
#4266 = CARTESIAN_POINT('',(128.4161593693,76.004096384921));
#4267 = CARTESIAN_POINT('',(128.83270262557,75.538187458315));
#4268 = CARTESIAN_POINT('',(129.22822561222,75.054281848855));
#4269 = CARTESIAN_POINT('',(129.60302990049,74.554457852147));
#4270 = CARTESIAN_POINT('',(129.95751978931,74.040492403925));
#4271 = CARTESIAN_POINT('',(130.85371257838,72.630082065323));
#4272 = CARTESIAN_POINT('',(131.35909758058,71.711038966126));
#4273 = CARTESIAN_POINT('',(131.81075328229,70.763425696452));
#4274 = CARTESIAN_POINT('',(132.21058878496,69.792826619678));
#4275 = CARTESIAN_POINT('',(132.56040423057,68.803878016911));
#4276 = CARTESIAN_POINT('',(132.86179794546,67.80023219384));
#4277 = CARTESIAN_POINT('',(133.35377469565,65.834861524363));
#4278 = CARTESIAN_POINT('',(133.55020360057,64.874998835827));
#4279 = CARTESIAN_POINT('',(133.70638276185,63.907312053022));
#4280 = CARTESIAN_POINT('',(133.82301767282,62.934005209979));
#4281 = CARTESIAN_POINT('',(133.9005888825,61.957120768429));
#4282 = CARTESIAN_POINT('',(133.93937294185,60.978544597321));
#4283 = CARTESIAN_POINT('',(133.939372859,60.));
#4284 = ( GEOMETRIC_REPRESENTATION_CONTEXT(2) 
PARAMETRIC_REPRESENTATION_CONTEXT() REPRESENTATION_CONTEXT('2D SPACE',''
  ) );
#4285 = PCURVE('',#421,#4286);
#4286 = DEFINITIONAL_REPRESENTATION('',(#4287),#4464);
#4287 = B_SPLINE_CURVE_WITH_KNOTS('',7,(#4288,#4289,#4290,#4291,#4292,
    #4293,#4294,#4295,#4296,#4297,#4298,#4299,#4300,#4301,#4302,#4303,
    #4304,#4305,#4306,#4307,#4308,#4309,#4310,#4311,#4312,#4313,#4314,
    #4315,#4316,#4317,#4318,#4319,#4320,#4321,#4322,#4323,#4324,#4325,
    #4326,#4327,#4328,#4329,#4330,#4331,#4332,#4333,#4334,#4335,#4336,
    #4337,#4338,#4339,#4340,#4341,#4342,#4343,#4344,#4345,#4346,#4347,
    #4348,#4349,#4350,#4351,#4352,#4353,#4354,#4355,#4356,#4357,#4358,
    #4359,#4360,#4361,#4362,#4363,#4364,#4365,#4366,#4367,#4368,#4369,
    #4370,#4371,#4372,#4373,#4374,#4375,#4376,#4377,#4378,#4379,#4380,
    #4381,#4382,#4383,#4384,#4385,#4386,#4387,#4388,#4389,#4390,#4391,
    #4392,#4393,#4394,#4395,#4396,#4397,#4398,#4399,#4400,#4401,#4402,
    #4403,#4404,#4405,#4406,#4407,#4408,#4409,#4410,#4411,#4412,#4413,
    #4414,#4415,#4416,#4417,#4418,#4419,#4420,#4421,#4422,#4423,#4424,
    #4425,#4426,#4427,#4428,#4429,#4430,#4431,#4432,#4433,#4434,#4435,
    #4436,#4437,#4438,#4439,#4440,#4441,#4442,#4443,#4444,#4445,#4446,
    #4447,#4448,#4449,#4450,#4451,#4452,#4453,#4454,#4455,#4456,#4457,
    #4458,#4459,#4460,#4461,#4462,#4463),.UNSPECIFIED.,.F.,.F.,(8,6,6,6,
    6,6,6,6,6,6,6,6,6,6,6,6,6,6,6,6,6,6,6,6,6,6,6,6,6,8),(0.,
    6.418616323544E-02,0.132837073027,0.173748757995,0.204601106798,
    0.230382004428,0.252022127367,0.283262673393,0.299181047168,
    0.314806321899,0.32254446598,0.330255681282,0.369919460757,
    0.402612257878,0.428505091207,0.498336224031,0.568167356854,
    0.594060190183,0.626752987304,0.666416766779,0.674127982081,
    0.697695484823,0.713780047371,0.745346746564,0.76721279368,
    0.793262845422,0.824437294589,0.865776099994,0.935143729386,1.),
  .UNSPECIFIED.);
#4288 = CARTESIAN_POINT('',(6.28318530718,0.525668100098));
#4289 = CARTESIAN_POINT('',(6.224134312666,0.525668100098));
#4290 = CARTESIAN_POINT('',(6.167023584273,0.525668100098));
#4291 = CARTESIAN_POINT('',(6.11149824345,0.525668100098));
#4292 = CARTESIAN_POINT('',(6.057269217301,0.525668100098));
#4293 = CARTESIAN_POINT('',(6.004084956526,0.525668100098));
#4294 = CARTESIAN_POINT('',(5.951710088203,0.525668100098));
#4295 = CARTESIAN_POINT('',(5.844508809013,0.525668100098));
#4296 = CARTESIAN_POINT('',(5.78978650427,0.525668100098));
#4297 = CARTESIAN_POINT('',(5.735441373981,0.525668100099));
#4298 = CARTESIAN_POINT('',(5.681215391979,0.525668100098));
#4299 = CARTESIAN_POINT('',(5.626856940315,0.525668100098));
#4300 = CARTESIAN_POINT('',(5.572105533344,0.525668100098));
#4301 = CARTESIAN_POINT('',(5.483580714657,0.525668100098));
#4302 = CARTESIAN_POINT('',(5.450279958852,0.525668100098));
#4303 = CARTESIAN_POINT('',(5.416668410971,0.525668100098));
#4304 = CARTESIAN_POINT('',(5.38268407018,0.525668100098));
#4305 = CARTESIAN_POINT('',(5.348266149878,0.525668100098));
#4306 = CARTESIAN_POINT('',(5.313352271452,0.525668100098));
#4307 = CARTESIAN_POINT('',(5.251122009228,0.525668100098));
#4308 = CARTESIAN_POINT('',(5.224051240753,0.525668100098));
#4309 = CARTESIAN_POINT('',(5.196636084668,0.525668100098));
#4310 = CARTESIAN_POINT('',(5.168852588496,0.525668100098));
#4311 = CARTESIAN_POINT('',(5.14067941857,0.525668100098));
#4312 = CARTESIAN_POINT('',(5.112098488606,0.525668100098));
#4313 = CARTESIAN_POINT('',(5.058862562876,0.525668100098));
#4314 = CARTESIAN_POINT('',(5.034334211053,0.525668100098));
#4315 = CARTESIAN_POINT('',(5.009506094617,0.525668100098));
#4316 = CARTESIAN_POINT('',(4.984374132982,0.525668100098));
#4317 = CARTESIAN_POINT('',(4.958937267033,0.525668100098));
#4318 = CARTESIAN_POINT('',(4.933198797762,0.525668100098));
#4319 = CARTESIAN_POINT('',(4.885317608402,0.525668100098));
#4320 = CARTESIAN_POINT('',(4.86325983979,0.525668100098));
#4321 = CARTESIAN_POINT('',(4.841000426138,0.525668100098));
#4322 = CARTESIAN_POINT('',(4.818545513209,0.525668100098));
#4323 = CARTESIAN_POINT('',(4.795902184293,0.525668100098));
#4324 = CARTESIAN_POINT('',(4.773079259029,0.525668100098));
#4325 = CARTESIAN_POINT('',(4.716897125308,0.525668100098));
#4326 = CARTESIAN_POINT('',(4.683347654463,0.525668100098));
#4327 = CARTESIAN_POINT('',(4.649479034734,0.525668100098));
#4328 = CARTESIAN_POINT('',(4.615320031022,0.525668100098));
#4329 = CARTESIAN_POINT('',(4.580893853629,0.525668100098));
#4330 = CARTESIAN_POINT('',(4.546222021128,0.525668100098));
#4331 = CARTESIAN_POINT('',(4.493546593582,0.525668100098));
#4332 = CARTESIAN_POINT('',(4.475706791553,0.525668100098));
#4333 = CARTESIAN_POINT('',(4.457809574386,0.525668100098));
#4334 = CARTESIAN_POINT('',(4.43985621428,0.525668100098));
#4335 = CARTESIAN_POINT('',(4.421847383419,0.525668100098));
#4336 = CARTESIAN_POINT('',(4.403783211694,0.525668100098));
#4337 = CARTESIAN_POINT('',(4.367877111446,0.525668100098));
#4338 = CARTESIAN_POINT('',(4.350037185768,0.525668100098));
#4339 = CARTESIAN_POINT('',(4.332143131869,0.525668100098));
#4340 = CARTESIAN_POINT('',(4.314194015951,0.525668100098));
#4341 = CARTESIAN_POINT('',(4.296188413281,0.525668100098));
#4342 = CARTESIAN_POINT('',(4.278124415557,0.525668100098));
#4343 = CARTESIAN_POINT('',(4.251023659252,0.525668100098));
#4344 = CARTESIAN_POINT('',(4.242047680247,0.525668100098));
#4345 = CARTESIAN_POINT('',(4.233071701241,0.525668100098));
#4346 = CARTESIAN_POINT('',(4.224095722231,0.525668100098));
#4347 = CARTESIAN_POINT('',(4.215119743216,0.525668100098));
#4348 = CARTESIAN_POINT('',(4.206143764201,0.525668100098));
#4349 = CARTESIAN_POINT('',(4.188223042641,0.525668100098));
#4350 = CARTESIAN_POINT('',(4.179166270756,0.525668100098));
#4351 = CARTESIAN_POINT('',(4.170246194384,0.525668100098));
#4352 = CARTESIAN_POINT('',(4.161296650399,0.525668100098));
#4353 = CARTESIAN_POINT('',(4.152271314251,0.525668100098));
#4354 = CARTESIAN_POINT('',(4.143309914045,0.525668100098));
#4355 = CARTESIAN_POINT('',(4.08817692528,0.525668100098));
#4356 = CARTESIAN_POINT('',(4.043945750118,0.525668100098));
#4357 = CARTESIAN_POINT('',(4.001433862832,0.525668100098));
#4358 = CARTESIAN_POINT('',(3.960462800459,0.525668100098));
#4359 = CARTESIAN_POINT('',(3.920876955272,0.525668100098));
#4360 = CARTESIAN_POINT('',(3.882536349155,0.525668100098));
#4361 = CARTESIAN_POINT('',(3.814625170362,0.525668100098));
#4362 = CARTESIAN_POINT('',(3.784700896836,0.525668100098));
#4363 = CARTESIAN_POINT('',(3.75546536036,0.525668100098));
#4364 = CARTESIAN_POINT('',(3.726855962452,0.525668100098));
#4365 = CARTESIAN_POINT('',(3.6988168015,0.525668100098));
#4366 = CARTESIAN_POINT('',(3.671296741063,0.525668100098));
#4367 = CARTESIAN_POINT('',(3.622824347763,0.525668100098));
#4368 = CARTESIAN_POINT('',(3.60169683571,0.525668100098));
#4369 = CARTESIAN_POINT('',(3.580841882466,0.525668100098));
#4370 = CARTESIAN_POINT('',(3.560237792759,0.525668100098));
#4371 = CARTESIAN_POINT('',(3.53986423558,0.525668100098));
#4372 = CARTESIAN_POINT('',(3.519702244186,0.525668100098));
#4373 = CARTESIAN_POINT('',(3.44588186229,0.525668100098));
#4374 = CARTESIAN_POINT('',(3.393447422099,0.525668100098));
#4375 = CARTESIAN_POINT('',(3.342065086216,0.525668100098));
#4376 = CARTESIAN_POINT('',(3.291443628697,0.525668100098));
#4377 = CARTESIAN_POINT('',(3.241326387824,0.525668100098));
#4378 = CARTESIAN_POINT('',(3.191462966701,0.525668100098));
#4379 = CARTESIAN_POINT('',(3.091722340478,0.525668100098));
#4380 = CARTESIAN_POINT('',(3.041858919355,0.525668100098));
#4381 = CARTESIAN_POINT('',(2.991741678483,0.525668100098));
#4382 = CARTESIAN_POINT('',(2.941120220964,0.525668100098));
#4383 = CARTESIAN_POINT('',(2.889737885081,0.525668100098));
#4384 = CARTESIAN_POINT('',(2.83730344489,0.525668100098));
#4385 = CARTESIAN_POINT('',(2.763483062994,0.525668100098));
#4386 = CARTESIAN_POINT('',(2.7433210716,0.525668100098));
#4387 = CARTESIAN_POINT('',(2.722947514421,0.525668100098));
#4388 = CARTESIAN_POINT('',(2.702343424714,0.525668100098));
#4389 = CARTESIAN_POINT('',(2.68148847147,0.525668100098));
#4390 = CARTESIAN_POINT('',(2.660360959417,0.525668100098));
#4391 = CARTESIAN_POINT('',(2.611888566117,0.525668100098));
#4392 = CARTESIAN_POINT('',(2.58436850568,0.525668100098));
#4393 = CARTESIAN_POINT('',(2.556329344728,0.525668100098));
#4394 = CARTESIAN_POINT('',(2.527719946819,0.525668100098));
#4395 = CARTESIAN_POINT('',(2.498484410343,0.525668100098));
#4396 = CARTESIAN_POINT('',(2.468560136818,0.525668100098));
#4397 = CARTESIAN_POINT('',(2.400648958025,0.525668100098));
#4398 = CARTESIAN_POINT('',(2.362308351908,0.525668100098));
#4399 = CARTESIAN_POINT('',(2.322722506721,0.525668100098));
#4400 = CARTESIAN_POINT('',(2.281751444348,0.525668100098));
#4401 = CARTESIAN_POINT('',(2.239239557061,0.525668100098));
#4402 = CARTESIAN_POINT('',(2.1950083819,0.525668100098));
#4403 = CARTESIAN_POINT('',(2.139875393135,0.525668100098));
#4404 = CARTESIAN_POINT('',(2.130913992929,0.525668100098));
#4405 = CARTESIAN_POINT('',(2.121888656781,0.525668100098));
#4406 = CARTESIAN_POINT('',(2.112939112795,0.525668100098));
#4407 = CARTESIAN_POINT('',(2.104019036424,0.525668100098));
#4408 = CARTESIAN_POINT('',(2.094962264539,0.525668100098));
#4409 = CARTESIAN_POINT('',(2.058680035424,0.525668100098));
#4410 = CARTESIAN_POINT('',(2.031493337145,0.525668100098));
#4411 = CARTESIAN_POINT('',(2.004446552783,0.525668100098));
#4412 = CARTESIAN_POINT('',(1.977531126429,0.525668100098));
#4413 = CARTESIAN_POINT('',(1.950740808702,0.525668100098));
#4414 = CARTESIAN_POINT('',(1.924071644837,0.525668100098));
#4415 = CARTESIAN_POINT('',(1.879402095486,0.525668100098));
#4416 = CARTESIAN_POINT('',(1.861337923761,0.525668100098));
#4417 = CARTESIAN_POINT('',(1.8433290929,0.525668100098));
#4418 = CARTESIAN_POINT('',(1.825375732793,0.525668100098));
#4419 = CARTESIAN_POINT('',(1.807478515627,0.525668100098));
#4420 = CARTESIAN_POINT('',(1.789638713598,0.525668100098));
#4421 = CARTESIAN_POINT('',(1.736963286052,0.525668100098));
#4422 = CARTESIAN_POINT('',(1.702291453551,0.525668100098));
#4423 = CARTESIAN_POINT('',(1.667865276158,0.525668100098));
#4424 = CARTESIAN_POINT('',(1.633706272445,0.525668100098));
#4425 = CARTESIAN_POINT('',(1.599837652717,0.525668100098));
#4426 = CARTESIAN_POINT('',(1.566288181872,0.525668100098));
#4427 = CARTESIAN_POINT('',(1.510106048151,0.525668100098));
#4428 = CARTESIAN_POINT('',(1.487283122887,0.525668100098));
#4429 = CARTESIAN_POINT('',(1.464639793971,0.525668100098));
#4430 = CARTESIAN_POINT('',(1.442184881042,0.525668100098));
#4431 = CARTESIAN_POINT('',(1.419925467389,0.525668100098));
#4432 = CARTESIAN_POINT('',(1.397867698778,0.525668100098));
#4433 = CARTESIAN_POINT('',(1.349986509418,0.525668100098));
#4434 = CARTESIAN_POINT('',(1.324248040147,0.525668100098));
#4435 = CARTESIAN_POINT('',(1.298811174198,0.525668100098));
#4436 = CARTESIAN_POINT('',(1.273679212563,0.525668100098));
#4437 = CARTESIAN_POINT('',(1.248851096127,0.525668100098));
#4438 = CARTESIAN_POINT('',(1.224322744304,0.525668100098));
#4439 = CARTESIAN_POINT('',(1.171086818574,0.525668100098));
#4440 = CARTESIAN_POINT('',(1.14250588861,0.525668100098));
#4441 = CARTESIAN_POINT('',(1.114332718684,0.525668100098));
#4442 = CARTESIAN_POINT('',(1.086549222512,0.525668100098));
#4443 = CARTESIAN_POINT('',(1.059134066427,0.525668100098));
#4444 = CARTESIAN_POINT('',(1.032063297952,0.525668100098));
#4445 = CARTESIAN_POINT('',(0.969833035728,0.525668100098));
#4446 = CARTESIAN_POINT('',(0.934919157302,0.525668100098));
#4447 = CARTESIAN_POINT('',(0.900501237,0.525668100098));
#4448 = CARTESIAN_POINT('',(0.866516896208,0.525668100098));
#4449 = CARTESIAN_POINT('',(0.832905348328,0.525668100098));
#4450 = CARTESIAN_POINT('',(0.799604592523,0.525668100098));
#4451 = CARTESIAN_POINT('',(0.711079773835,0.525668100098));
#4452 = CARTESIAN_POINT('',(0.656328366867,0.525668100098));
#4453 = CARTESIAN_POINT('',(0.601969915196,0.525668100098));
#4454 = CARTESIAN_POINT('',(0.547743933204,0.525668100098));
#4455 = CARTESIAN_POINT('',(0.493398802906,0.525668100098));
#4456 = CARTESIAN_POINT('',(0.438676498168,0.525668100098));
#4457 = CARTESIAN_POINT('',(0.331475218977,0.525668100098));
#4458 = CARTESIAN_POINT('',(0.279100350654,0.525668100098));
#4459 = CARTESIAN_POINT('',(0.225916089878,0.525668100098));
#4460 = CARTESIAN_POINT('',(0.17168706373,0.525668100098));
#4461 = CARTESIAN_POINT('',(0.116161722907,0.525668100098));
#4462 = CARTESIAN_POINT('',(5.905099451385E-02,0.525668100098));
#4463 = CARTESIAN_POINT('',(0.,0.525668100098));
#4464 = ( GEOMETRIC_REPRESENTATION_CONTEXT(2) 
PARAMETRIC_REPRESENTATION_CONTEXT() REPRESENTATION_CONTEXT('2D SPACE',''
  ) );
#4465 = ORIENTED_EDGE('',*,*,#1993,.T.);
#4466 = ADVANCED_FACE('',(#4467),#421,.F.);
#4467 = FACE_BOUND('',#4468,.F.);
#4468 = EDGE_LOOP('',(#4469,#4498,#4499,#4500,#4530,#4531,#4532));
#4469 = ORIENTED_EDGE('',*,*,#4470,.T.);
#4470 = EDGE_CURVE('',#4471,#3385,#4473,.T.);
#4471 = VERTEX_POINT('',#4472);
#4472 = CARTESIAN_POINT('',(60.,-3.449447500122E-31,223.));
#4473 = SEAM_CURVE('',#4474,(#4480,#4489),.PCURVE_S1.);
#4474 = ( BOUNDED_CURVE() B_SPLINE_CURVE(2,(#4475,#4476,#4477,#4478,
#4479),.UNSPECIFIED.,.F.,.F.) B_SPLINE_CURVE_WITH_KNOTS((3,2,3),(
    4.712388980385,6.28318530718,7.853981633974),
.PIECEWISE_BEZIER_KNOTS.) CURVE() GEOMETRIC_REPRESENTATION_ITEM() 
RATIONAL_B_SPLINE_CURVE((1.,0.707106781187,1.,0.707106781187,1.)) 
REPRESENTATION_ITEM('') );
#4475 = CARTESIAN_POINT('',(60.,1.034834250037E-30,223.));
#4476 = CARTESIAN_POINT('',(76.,-5.633375276078E-15,223.));
#4477 = CARTESIAN_POINT('',(76.,-5.633375276078E-15,228.5));
#4478 = CARTESIAN_POINT('',(76.,-5.633375276078E-15,234.));
#4479 = CARTESIAN_POINT('',(60.,-1.724723750061E-30,234.));
#4480 = PCURVE('',#421,#4481);
#4481 = DEFINITIONAL_REPRESENTATION('',(#4482),#4488);
#4482 = B_SPLINE_CURVE_WITH_KNOTS('',2,(#4483,#4484,#4485,#4486,#4487),
  .UNSPECIFIED.,.F.,.F.,(3,2,3),(4.712388980385,6.28318530718,
    7.853981633974),.PIECEWISE_BEZIER_KNOTS.);
#4483 = CARTESIAN_POINT('',(6.28318530718,-1.570796326795));
#4484 = CARTESIAN_POINT('',(6.28318530718,-0.785398163397));
#4485 = CARTESIAN_POINT('',(6.28318530718,-2.720481184601E-16));
#4486 = CARTESIAN_POINT('',(6.28318530718,0.785398163397));
#4487 = CARTESIAN_POINT('',(6.28318530718,1.570796326795));
#4488 = ( GEOMETRIC_REPRESENTATION_CONTEXT(2) 
PARAMETRIC_REPRESENTATION_CONTEXT() REPRESENTATION_CONTEXT('2D SPACE',''
  ) );
#4489 = PCURVE('',#421,#4490);
#4490 = DEFINITIONAL_REPRESENTATION('',(#4491),#4497);
#4491 = B_SPLINE_CURVE_WITH_KNOTS('',2,(#4492,#4493,#4494,#4495,#4496),
  .UNSPECIFIED.,.F.,.F.,(3,2,3),(4.712388980385,6.28318530718,
    7.853981633974),.PIECEWISE_BEZIER_KNOTS.);
#4492 = CARTESIAN_POINT('',(0.,-1.570796326795));
#4493 = CARTESIAN_POINT('',(0.,-0.785398163397));
#4494 = CARTESIAN_POINT('',(0.,-2.720481184601E-16));
#4495 = CARTESIAN_POINT('',(0.,0.785398163397));
#4496 = CARTESIAN_POINT('',(0.,1.570796326795));
#4497 = ( GEOMETRIC_REPRESENTATION_CONTEXT(2) 
PARAMETRIC_REPRESENTATION_CONTEXT() REPRESENTATION_CONTEXT('2D SPACE',''
  ) );
#4498 = ORIENTED_EDGE('',*,*,#3926,.T.);
#4499 = ORIENTED_EDGE('',*,*,#2015,.T.);
#4500 = ORIENTED_EDGE('',*,*,#4501,.T.);
#4501 = EDGE_CURVE('',#2016,#300,#4502,.T.);
#4502 = SURFACE_CURVE('',#4503,(#4510,#4520),.PCURVE_S1.);
#4503 = B_SPLINE_CURVE_WITH_KNOTS('',5,(#4504,#4505,#4506,#4507,#4508,
    #4509),.UNSPECIFIED.,.F.,.F.,(6,6),(0.,1.),
  .PIECEWISE_BEZIER_KNOTS.);
#4504 = CARTESIAN_POINT('',(48.205618370744,11.5,226.));
#4505 = CARTESIAN_POINT('',(48.501438098781,12.126931622002,226.));
#4506 = CARTESIAN_POINT('',(48.821298504255,12.742436358302,226.));
#4507 = CARTESIAN_POINT('',(49.165907084053,13.344731741808,226.));
#4508 = CARTESIAN_POINT('',(49.535976128159,13.931520099767,226.));
#4509 = CARTESIAN_POINT('',(49.932192585023,14.5,226.));
#4510 = PCURVE('',#421,#4511);
#4511 = DEFINITIONAL_REPRESENTATION('',(#4512),#4519);
#4512 = B_SPLINE_CURVE_WITH_KNOTS('',5,(#4513,#4514,#4515,#4516,#4517,
    #4518),.UNSPECIFIED.,.F.,.F.,(6,6),(0.,1.),
  .PIECEWISE_BEZIER_KNOTS.);
#4513 = CARTESIAN_POINT('',(2.584485299787,-0.485687801706));
#4514 = CARTESIAN_POINT('',(2.547786744757,-0.485687801706));
#4515 = CARTESIAN_POINT('',(2.510085613425,-0.485687801706));
#4516 = CARTESIAN_POINT('',(2.471226239714,-0.485687801706));
#4517 = CARTESIAN_POINT('',(2.431034162302,-0.485687801706));
#4518 = CARTESIAN_POINT('',(2.38928267523,-0.485687801706));
#4519 = ( GEOMETRIC_REPRESENTATION_CONTEXT(2) 
PARAMETRIC_REPRESENTATION_CONTEXT() REPRESENTATION_CONTEXT('2D SPACE',''
  ) );
#4520 = PCURVE('',#533,#4521);
#4521 = DEFINITIONAL_REPRESENTATION('',(#4522),#4529);
#4522 = B_SPLINE_CURVE_WITH_KNOTS('',5,(#4523,#4524,#4525,#4526,#4527,
    #4528),.UNSPECIFIED.,.F.,.F.,(6,6),(0.,1.),
  .PIECEWISE_BEZIER_KNOTS.);
#4523 = CARTESIAN_POINT('',(18.205618370744,0.));
#4524 = CARTESIAN_POINT('',(18.501438098781,0.626931622002));
#4525 = CARTESIAN_POINT('',(18.821298504255,1.242436358302));
#4526 = CARTESIAN_POINT('',(19.165907084053,1.844731741808));
#4527 = CARTESIAN_POINT('',(19.535976128159,2.431520099767));
#4528 = CARTESIAN_POINT('',(19.932192585023,3.));
#4529 = ( GEOMETRIC_REPRESENTATION_CONTEXT(2) 
PARAMETRIC_REPRESENTATION_CONTEXT() REPRESENTATION_CONTEXT('2D SPACE',''
  ) );
#4530 = ORIENTED_EDGE('',*,*,#299,.F.);
#4531 = ORIENTED_EDGE('',*,*,#3384,.T.);
#4532 = ORIENTED_EDGE('',*,*,#4470,.F.);
#4533 = ADVANCED_FACE('',(#4534),#533,.F.);
#4534 = FACE_BOUND('',#4535,.F.);
#4535 = EDGE_LOOP('',(#4536,#4537,#4538,#4539));
#4536 = ORIENTED_EDGE('',*,*,#517,.F.);
#4537 = ORIENTED_EDGE('',*,*,#4501,.F.);
#4538 = ORIENTED_EDGE('',*,*,#2203,.T.);
#4539 = ORIENTED_EDGE('',*,*,#2348,.T.);
#4540 = ( GEOMETRIC_REPRESENTATION_CONTEXT(3) 
GLOBAL_UNCERTAINTY_ASSIGNED_CONTEXT((#4544)) 
GLOBAL_UNIT_ASSIGNED_CONTEXT((#4541,#4542,#4543)) REPRESENTATION_CONTEXT
('Context #1','3D Context with UNIT and UNCERTAINTY') );
#4541 = ( LENGTH_UNIT() NAMED_UNIT(*) SI_UNIT(.MILLI.,.METRE.) );
#4542 = ( NAMED_UNIT(*) PLANE_ANGLE_UNIT() SI_UNIT($,.RADIAN.) );
#4543 = ( NAMED_UNIT(*) SI_UNIT($,.STERADIAN.) SOLID_ANGLE_UNIT() );
#4544 = UNCERTAINTY_MEASURE_WITH_UNIT(LENGTH_MEASURE(1.E-05),#4541,
  'distance_accuracy_value','confusion accuracy');
#4545 = PRODUCT_RELATED_PRODUCT_CATEGORY('part',$,(#7));
ENDSEC;
END-ISO-10303-21;
