ISO-10303-21;
HEADER;
FILE_DESCRIPTION(('Open CASCADE Model'),'2;1');
FILE_NAME('Open CASCADE Shape Model','2026-09-17T16:07:16',('Author'),(
    'Open CASCADE'),'Open CASCADE STEP processor 7.9','Open CASCADE 7.9'
  ,'Unknown');
FILE_SCHEMA(('AUTOMOTIVE_DESIGN { 1 0 10303 214 1 1 1 1 }'));
ENDSEC;
DATA;
#1 = APPLICATION_PROTOCOL_DEFINITION('international standard',
  'automotive_design',2000,#2);
#2 = APPLICATION_CONTEXT(
  'core data for automotive mechanical design processes');
#3 = SHAPE_DEFINITION_REPRESENTATION(#4,#10);
#4 = PRODUCT_DEFINITION_SHAPE('','',#5);
#5 = PRODUCT_DEFINITION('design','',#6,#9);
#6 = PRODUCT_DEFINITION_FORMATION('','',#7);
#7 = PRODUCT('Open CASCADE STEP translator 7.9 15',
  'Open CASCADE STEP translator 7.9 15','',(#8));
#8 = PRODUCT_CONTEXT('',#2,'mechanical');
#9 = PRODUCT_DEFINITION_CONTEXT('part definition',#2,'design');
#10 = ADVANCED_BREP_SHAPE_REPRESENTATION('',(#11,#15),#2549);
#11 = AXIS2_PLACEMENT_3D('',#12,#13,#14);
#12 = CARTESIAN_POINT('',(0.,0.,0.));
#13 = DIRECTION('',(0.,0.,1.));
#14 = DIRECTION('',(1.,0.,-0.));
#15 = MANIFOLD_SOLID_BREP('',#16);
#16 = CLOSED_SHELL('',(#17,#137,#225,#302,#381,#560,#614,#809,#885,#953,
    #1230,#1312,#1421,#1448,#1454,#1480,#1488,#1514,#1565,#1643,#1650,
    #1728,#1846,#2089,#2177,#2226,#2272,#2279,#2307,#2356,#2384,#2437,
    #2484,#2511,#2543));
#17 = ADVANCED_FACE('',(#18),#32,.F.);
#18 = FACE_BOUND('',#19,.F.);
#19 = EDGE_LOOP('',(#20,#55,#83,#111));
#20 = ORIENTED_EDGE('',*,*,#21,.F.);
#21 = EDGE_CURVE('',#22,#24,#26,.T.);
#22 = VERTEX_POINT('',#23);
#23 = CARTESIAN_POINT('',(9.9,-15.5,153.));
#24 = VERTEX_POINT('',#25);
#25 = CARTESIAN_POINT('',(9.9,-15.5,206.));
#26 = SURFACE_CURVE('',#27,(#31,#43),.PCURVE_S1.);
#27 = LINE('',#28,#29);
#28 = CARTESIAN_POINT('',(9.9,-15.5,148.));
#29 = VECTOR('',#30,1.);
#30 = DIRECTION('',(0.,0.,1.));
#31 = PCURVE('',#32,#37);
#32 = PLANE('',#33);
#33 = AXIS2_PLACEMENT_3D('',#34,#35,#36);
#34 = CARTESIAN_POINT('',(9.9,-20.5,148.));
#35 = DIRECTION('',(1.,0.,0.));
#36 = DIRECTION('',(0.,0.,1.));
#37 = DEFINITIONAL_REPRESENTATION('',(#38),#42);
#38 = LINE('',#39,#40);
#39 = CARTESIAN_POINT('',(0.,-5.));
#40 = VECTOR('',#41,1.);
#41 = DIRECTION('',(1.,0.));
#42 = ( GEOMETRIC_REPRESENTATION_CONTEXT(2) 
PARAMETRIC_REPRESENTATION_CONTEXT() REPRESENTATION_CONTEXT('2D SPACE',''
  ) );
#43 = PCURVE('',#44,#49);
#44 = CYLINDRICAL_SURFACE('',#45,5.);
#45 = AXIS2_PLACEMENT_3D('',#46,#47,#48);
#46 = CARTESIAN_POINT('',(14.9,-15.5,148.));
#47 = DIRECTION('',(0.,0.,1.));
#48 = DIRECTION('',(-1.,-0.,0.));
#49 = DEFINITIONAL_REPRESENTATION('',(#50),#54);
#50 = LINE('',#51,#52);
#51 = CARTESIAN_POINT('',(0.,0.));
#52 = VECTOR('',#53,1.);
#53 = DIRECTION('',(0.,1.));
#54 = ( GEOMETRIC_REPRESENTATION_CONTEXT(2) 
PARAMETRIC_REPRESENTATION_CONTEXT() REPRESENTATION_CONTEXT('2D SPACE',''
  ) );
#55 = ORIENTED_EDGE('',*,*,#56,.T.);
#56 = EDGE_CURVE('',#22,#57,#59,.T.);
#57 = VERTEX_POINT('',#58);
#58 = CARTESIAN_POINT('',(9.9,11.9,153.));
#59 = SURFACE_CURVE('',#60,(#64,#71),.PCURVE_S1.);
#60 = LINE('',#61,#62);
#61 = CARTESIAN_POINT('',(9.9,-20.5,153.));
#62 = VECTOR('',#63,1.);
#63 = DIRECTION('',(0.,1.,0.));
#64 = PCURVE('',#32,#65);
#65 = DEFINITIONAL_REPRESENTATION('',(#66),#70);
#66 = LINE('',#67,#68);
#67 = CARTESIAN_POINT('',(5.,0.));
#68 = VECTOR('',#69,1.);
#69 = DIRECTION('',(0.,-1.));
#70 = ( GEOMETRIC_REPRESENTATION_CONTEXT(2) 
PARAMETRIC_REPRESENTATION_CONTEXT() REPRESENTATION_CONTEXT('2D SPACE',''
  ) );
#71 = PCURVE('',#72,#77);
#72 = CYLINDRICAL_SURFACE('',#73,5.);
#73 = AXIS2_PLACEMENT_3D('',#74,#75,#76);
#74 = CARTESIAN_POINT('',(14.9,-20.5,153.));
#75 = DIRECTION('',(0.,1.,0.));
#76 = DIRECTION('',(-1.,0.,0.));
#77 = DEFINITIONAL_REPRESENTATION('',(#78),#82);
#78 = LINE('',#79,#80);
#79 = CARTESIAN_POINT('',(-0.,0.));
#80 = VECTOR('',#81,1.);
#81 = DIRECTION('',(-0.,1.));
#82 = ( GEOMETRIC_REPRESENTATION_CONTEXT(2) 
PARAMETRIC_REPRESENTATION_CONTEXT() REPRESENTATION_CONTEXT('2D SPACE',''
  ) );
#83 = ORIENTED_EDGE('',*,*,#84,.T.);
#84 = EDGE_CURVE('',#57,#85,#87,.T.);
#85 = VERTEX_POINT('',#86);
#86 = CARTESIAN_POINT('',(9.9,11.9,206.));
#87 = SURFACE_CURVE('',#88,(#92,#99),.PCURVE_S1.);
#88 = LINE('',#89,#90);
#89 = CARTESIAN_POINT('',(9.9,11.9,148.));
#90 = VECTOR('',#91,1.);
#91 = DIRECTION('',(0.,0.,1.));
#92 = PCURVE('',#32,#93);
#93 = DEFINITIONAL_REPRESENTATION('',(#94),#98);
#94 = LINE('',#95,#96);
#95 = CARTESIAN_POINT('',(0.,-32.4));
#96 = VECTOR('',#97,1.);
#97 = DIRECTION('',(1.,0.));
#98 = ( GEOMETRIC_REPRESENTATION_CONTEXT(2) 
PARAMETRIC_REPRESENTATION_CONTEXT() REPRESENTATION_CONTEXT('2D SPACE',''
  ) );
#99 = PCURVE('',#100,#105);
#100 = CYLINDRICAL_SURFACE('',#101,5.);
#101 = AXIS2_PLACEMENT_3D('',#102,#103,#104);
#102 = CARTESIAN_POINT('',(14.9,11.9,148.));
#103 = DIRECTION('',(0.,0.,1.));
#104 = DIRECTION('',(-1.,-0.,0.));
#105 = DEFINITIONAL_REPRESENTATION('',(#106),#110);
#106 = LINE('',#107,#108);
#107 = CARTESIAN_POINT('',(-0.,0.));
#108 = VECTOR('',#109,1.);
#109 = DIRECTION('',(-0.,1.));
#110 = ( GEOMETRIC_REPRESENTATION_CONTEXT(2) 
PARAMETRIC_REPRESENTATION_CONTEXT() REPRESENTATION_CONTEXT('2D SPACE',''
  ) );
#111 = ORIENTED_EDGE('',*,*,#112,.F.);
#112 = EDGE_CURVE('',#24,#85,#113,.T.);
#113 = SURFACE_CURVE('',#114,(#118,#125),.PCURVE_S1.);
#114 = LINE('',#115,#116);
#115 = CARTESIAN_POINT('',(9.9,-20.5,206.));
#116 = VECTOR('',#117,1.);
#117 = DIRECTION('',(0.,1.,0.));
#118 = PCURVE('',#32,#119);
#119 = DEFINITIONAL_REPRESENTATION('',(#120),#124);
#120 = LINE('',#121,#122);
#121 = CARTESIAN_POINT('',(58.,0.));
#122 = VECTOR('',#123,1.);
#123 = DIRECTION('',(0.,-1.));
#124 = ( GEOMETRIC_REPRESENTATION_CONTEXT(2) 
PARAMETRIC_REPRESENTATION_CONTEXT() REPRESENTATION_CONTEXT('2D SPACE',''
  ) );
#125 = PCURVE('',#126,#131);
#126 = CYLINDRICAL_SURFACE('',#127,5.);
#127 = AXIS2_PLACEMENT_3D('',#128,#129,#130);
#128 = CARTESIAN_POINT('',(14.9,-20.5,206.));
#129 = DIRECTION('',(0.,1.,0.));
#130 = DIRECTION('',(-1.,0.,0.));
#131 = DEFINITIONAL_REPRESENTATION('',(#132),#136);
#132 = LINE('',#133,#134);
#133 = CARTESIAN_POINT('',(0.,0.));
#134 = VECTOR('',#135,1.);
#135 = DIRECTION('',(0.,1.));
#136 = ( GEOMETRIC_REPRESENTATION_CONTEXT(2) 
PARAMETRIC_REPRESENTATION_CONTEXT() REPRESENTATION_CONTEXT('2D SPACE',''
  ) );
#137 = ADVANCED_FACE('',(#138),#44,.T.);
#138 = FACE_BOUND('',#139,.T.);
#139 = EDGE_LOOP('',(#140,#141,#170,#198));
#140 = ORIENTED_EDGE('',*,*,#21,.F.);
#141 = ORIENTED_EDGE('',*,*,#142,.T.);
#142 = EDGE_CURVE('',#22,#143,#145,.T.);
#143 = VERTEX_POINT('',#144);
#144 = CARTESIAN_POINT('',(14.9,-20.5,153.));
#145 = SURFACE_CURVE('',#146,(#151,#158),.PCURVE_S1.);
#146 = CIRCLE('',#147,5.);
#147 = AXIS2_PLACEMENT_3D('',#148,#149,#150);
#148 = CARTESIAN_POINT('',(14.9,-15.5,153.));
#149 = DIRECTION('',(0.,0.,1.));
#150 = DIRECTION('',(-1.,0.,0.));
#151 = PCURVE('',#44,#152);
#152 = DEFINITIONAL_REPRESENTATION('',(#153),#157);
#153 = LINE('',#154,#155);
#154 = CARTESIAN_POINT('',(0.,5.));
#155 = VECTOR('',#156,1.);
#156 = DIRECTION('',(1.,0.));
#157 = ( GEOMETRIC_REPRESENTATION_CONTEXT(2) 
PARAMETRIC_REPRESENTATION_CONTEXT() REPRESENTATION_CONTEXT('2D SPACE',''
  ) );
#158 = PCURVE('',#159,#164);
#159 = SPHERICAL_SURFACE('',#160,5.);
#160 = AXIS2_PLACEMENT_3D('',#161,#162,#163);
#161 = CARTESIAN_POINT('',(14.9,-15.5,153.));
#162 = DIRECTION('',(0.,0.,1.));
#163 = DIRECTION('',(-1.,0.,0.));
#164 = DEFINITIONAL_REPRESENTATION('',(#165),#169);
#165 = LINE('',#166,#167);
#166 = CARTESIAN_POINT('',(0.,0.));
#167 = VECTOR('',#168,1.);
#168 = DIRECTION('',(1.,0.));
#169 = ( GEOMETRIC_REPRESENTATION_CONTEXT(2) 
PARAMETRIC_REPRESENTATION_CONTEXT() REPRESENTATION_CONTEXT('2D SPACE',''
  ) );
#170 = ORIENTED_EDGE('',*,*,#171,.T.);
#171 = EDGE_CURVE('',#143,#172,#174,.T.);
#172 = VERTEX_POINT('',#173);
#173 = CARTESIAN_POINT('',(14.9,-20.5,206.));
#174 = SURFACE_CURVE('',#175,(#179,#186),.PCURVE_S1.);
#175 = LINE('',#176,#177);
#176 = CARTESIAN_POINT('',(14.9,-20.5,148.));
#177 = VECTOR('',#178,1.);
#178 = DIRECTION('',(0.,0.,1.));
#179 = PCURVE('',#44,#180);
#180 = DEFINITIONAL_REPRESENTATION('',(#181),#185);
#181 = LINE('',#182,#183);
#182 = CARTESIAN_POINT('',(1.570796326795,0.));
#183 = VECTOR('',#184,1.);
#184 = DIRECTION('',(0.,1.));
#185 = ( GEOMETRIC_REPRESENTATION_CONTEXT(2) 
PARAMETRIC_REPRESENTATION_CONTEXT() REPRESENTATION_CONTEXT('2D SPACE',''
  ) );
#186 = PCURVE('',#187,#192);
#187 = PLANE('',#188);
#188 = AXIS2_PLACEMENT_3D('',#189,#190,#191);
#189 = CARTESIAN_POINT('',(9.9,-20.5,148.));
#190 = DIRECTION('',(0.,1.,0.));
#191 = DIRECTION('',(0.,0.,1.));
#192 = DEFINITIONAL_REPRESENTATION('',(#193),#197);
#193 = LINE('',#194,#195);
#194 = CARTESIAN_POINT('',(0.,5.));
#195 = VECTOR('',#196,1.);
#196 = DIRECTION('',(1.,0.));
#197 = ( GEOMETRIC_REPRESENTATION_CONTEXT(2) 
PARAMETRIC_REPRESENTATION_CONTEXT() REPRESENTATION_CONTEXT('2D SPACE',''
  ) );
#198 = ORIENTED_EDGE('',*,*,#199,.F.);
#199 = EDGE_CURVE('',#24,#172,#200,.T.);
#200 = SURFACE_CURVE('',#201,(#206,#213),.PCURVE_S1.);
#201 = CIRCLE('',#202,5.);
#202 = AXIS2_PLACEMENT_3D('',#203,#204,#205);
#203 = CARTESIAN_POINT('',(14.9,-15.5,206.));
#204 = DIRECTION('',(0.,0.,1.));
#205 = DIRECTION('',(-1.,0.,0.));
#206 = PCURVE('',#44,#207);
#207 = DEFINITIONAL_REPRESENTATION('',(#208),#212);
#208 = LINE('',#209,#210);
#209 = CARTESIAN_POINT('',(0.,58.));
#210 = VECTOR('',#211,1.);
#211 = DIRECTION('',(1.,0.));
#212 = ( GEOMETRIC_REPRESENTATION_CONTEXT(2) 
PARAMETRIC_REPRESENTATION_CONTEXT() REPRESENTATION_CONTEXT('2D SPACE',''
  ) );
#213 = PCURVE('',#214,#219);
#214 = SPHERICAL_SURFACE('',#215,5.);
#215 = AXIS2_PLACEMENT_3D('',#216,#217,#218);
#216 = CARTESIAN_POINT('',(14.9,-15.5,206.));
#217 = DIRECTION('',(-0.,-0.,-1.));
#218 = DIRECTION('',(-1.,0.,0.));
#219 = DEFINITIONAL_REPRESENTATION('',(#220),#224);
#220 = LINE('',#221,#222);
#221 = CARTESIAN_POINT('',(-0.,0.));
#222 = VECTOR('',#223,1.);
#223 = DIRECTION('',(-1.,0.));
#224 = ( GEOMETRIC_REPRESENTATION_CONTEXT(2) 
PARAMETRIC_REPRESENTATION_CONTEXT() REPRESENTATION_CONTEXT('2D SPACE',''
  ) );
#225 = ADVANCED_FACE('',(#226),#72,.T.);
#226 = FACE_BOUND('',#227,.F.);
#227 = EDGE_LOOP('',(#228,#250,#276,#301));
#228 = ORIENTED_EDGE('',*,*,#229,.F.);
#229 = EDGE_CURVE('',#230,#22,#232,.T.);
#230 = VERTEX_POINT('',#231);
#231 = CARTESIAN_POINT('',(10.9,-15.5,150.));
#232 = SURFACE_CURVE('',#233,(#238,#244),.PCURVE_S1.);
#233 = CIRCLE('',#234,5.);
#234 = AXIS2_PLACEMENT_3D('',#235,#236,#237);
#235 = CARTESIAN_POINT('',(14.9,-15.5,153.));
#236 = DIRECTION('',(0.,1.,-0.));
#237 = DIRECTION('',(-1.,0.,0.));
#238 = PCURVE('',#72,#239);
#239 = DEFINITIONAL_REPRESENTATION('',(#240),#243);
#240 = B_SPLINE_CURVE_WITH_KNOTS('',1,(#241,#242),.UNSPECIFIED.,.F.,.F.,
  (2,2),(4.712388980385,6.28318530718),.PIECEWISE_BEZIER_KNOTS.);
#241 = CARTESIAN_POINT('',(-1.570796326795,5.));
#242 = CARTESIAN_POINT('',(0.,5.));
#243 = ( GEOMETRIC_REPRESENTATION_CONTEXT(2) 
PARAMETRIC_REPRESENTATION_CONTEXT() REPRESENTATION_CONTEXT('2D SPACE',''
  ) );
#244 = PCURVE('',#159,#245);
#245 = DEFINITIONAL_REPRESENTATION('',(#246),#249);
#246 = B_SPLINE_CURVE_WITH_KNOTS('',1,(#247,#248),.UNSPECIFIED.,.F.,.F.,
  (2,2),(4.712388980385,6.28318530718),.PIECEWISE_BEZIER_KNOTS.);
#247 = CARTESIAN_POINT('',(0.,-1.570796326795));
#248 = CARTESIAN_POINT('',(0.,0.));
#249 = ( GEOMETRIC_REPRESENTATION_CONTEXT(2) 
PARAMETRIC_REPRESENTATION_CONTEXT() REPRESENTATION_CONTEXT('2D SPACE',''
  ) );
#250 = ORIENTED_EDGE('',*,*,#251,.T.);
#251 = EDGE_CURVE('',#230,#252,#254,.T.);
#252 = VERTEX_POINT('',#253);
#253 = CARTESIAN_POINT('',(10.9,11.9,150.));
#254 = SURFACE_CURVE('',#255,(#259,#265),.PCURVE_S1.);
#255 = LINE('',#256,#257);
#256 = CARTESIAN_POINT('',(10.9,-20.5,150.));
#257 = VECTOR('',#258,1.);
#258 = DIRECTION('',(0.,1.,0.));
#259 = PCURVE('',#72,#260);
#260 = DEFINITIONAL_REPRESENTATION('',(#261),#264);
#261 = B_SPLINE_CURVE_WITH_KNOTS('',1,(#262,#263),.UNSPECIFIED.,.F.,.F.,
  (2,2),(4.9999994,32.4000006),.PIECEWISE_BEZIER_KNOTS.);
#262 = CARTESIAN_POINT('',(-0.643501108793,4.9999994));
#263 = CARTESIAN_POINT('',(-0.643501108793,32.4000006));
#264 = ( GEOMETRIC_REPRESENTATION_CONTEXT(2) 
PARAMETRIC_REPRESENTATION_CONTEXT() REPRESENTATION_CONTEXT('2D SPACE',''
  ) );
#265 = PCURVE('',#266,#271);
#266 = PLANE('',#267);
#267 = AXIS2_PLACEMENT_3D('',#268,#269,#270);
#268 = CARTESIAN_POINT('',(9.,-24.,150.));
#269 = DIRECTION('',(0.,0.,1.));
#270 = DIRECTION('',(1.,0.,0.));
#271 = DEFINITIONAL_REPRESENTATION('',(#272),#275);
#272 = B_SPLINE_CURVE_WITH_KNOTS('',1,(#273,#274),.UNSPECIFIED.,.F.,.F.,
  (2,2),(4.9999994,32.4000006),.PIECEWISE_BEZIER_KNOTS.);
#273 = CARTESIAN_POINT('',(1.9,8.4999994));
#274 = CARTESIAN_POINT('',(1.9,35.9000006));
#275 = ( GEOMETRIC_REPRESENTATION_CONTEXT(2) 
PARAMETRIC_REPRESENTATION_CONTEXT() REPRESENTATION_CONTEXT('2D SPACE',''
  ) );
#276 = ORIENTED_EDGE('',*,*,#277,.T.);
#277 = EDGE_CURVE('',#252,#57,#278,.T.);
#278 = SURFACE_CURVE('',#279,(#284,#290),.PCURVE_S1.);
#279 = CIRCLE('',#280,5.);
#280 = AXIS2_PLACEMENT_3D('',#281,#282,#283);
#281 = CARTESIAN_POINT('',(14.9,11.9,153.));
#282 = DIRECTION('',(0.,1.,-0.));
#283 = DIRECTION('',(-1.,0.,0.));
#284 = PCURVE('',#72,#285);
#285 = DEFINITIONAL_REPRESENTATION('',(#286),#289);
#286 = B_SPLINE_CURVE_WITH_KNOTS('',1,(#287,#288),.UNSPECIFIED.,.F.,.F.,
  (2,2),(4.712388980385,6.28318530718),.PIECEWISE_BEZIER_KNOTS.);
#287 = CARTESIAN_POINT('',(-1.570796326795,32.4));
#288 = CARTESIAN_POINT('',(0.,32.4));
#289 = ( GEOMETRIC_REPRESENTATION_CONTEXT(2) 
PARAMETRIC_REPRESENTATION_CONTEXT() REPRESENTATION_CONTEXT('2D SPACE',''
  ) );
#290 = PCURVE('',#291,#296);
#291 = SPHERICAL_SURFACE('',#292,5.);
#292 = AXIS2_PLACEMENT_3D('',#293,#294,#295);
#293 = CARTESIAN_POINT('',(14.9,11.9,153.));
#294 = DIRECTION('',(0.,0.,1.));
#295 = DIRECTION('',(-1.,0.,0.));
#296 = DEFINITIONAL_REPRESENTATION('',(#297),#300);
#297 = B_SPLINE_CURVE_WITH_KNOTS('',1,(#298,#299),.UNSPECIFIED.,.F.,.F.,
  (2,2),(4.712388980385,6.28318530718),.PIECEWISE_BEZIER_KNOTS.);
#298 = CARTESIAN_POINT('',(0.,-1.570796326795));
#299 = CARTESIAN_POINT('',(0.,0.));
#300 = ( GEOMETRIC_REPRESENTATION_CONTEXT(2) 
PARAMETRIC_REPRESENTATION_CONTEXT() REPRESENTATION_CONTEXT('2D SPACE',''
  ) );
#301 = ORIENTED_EDGE('',*,*,#56,.F.);
#302 = ADVANCED_FACE('',(#303),#126,.T.);
#303 = FACE_BOUND('',#304,.T.);
#304 = EDGE_LOOP('',(#305,#327,#353,#380));
#305 = ORIENTED_EDGE('',*,*,#306,.F.);
#306 = EDGE_CURVE('',#307,#24,#309,.T.);
#307 = VERTEX_POINT('',#308);
#308 = CARTESIAN_POINT('',(12.6,-15.5,210.43959457608));
#309 = SURFACE_CURVE('',#310,(#315,#321),.PCURVE_S1.);
#310 = CIRCLE('',#311,5.);
#311 = AXIS2_PLACEMENT_3D('',#312,#313,#314);
#312 = CARTESIAN_POINT('',(14.9,-15.5,206.));
#313 = DIRECTION('',(0.,-1.,0.));
#314 = DIRECTION('',(-1.,0.,0.));
#315 = PCURVE('',#126,#316);
#316 = DEFINITIONAL_REPRESENTATION('',(#317),#320);
#317 = B_SPLINE_CURVE_WITH_KNOTS('',1,(#318,#319),.UNSPECIFIED.,.F.,.F.,
  (2,2),(4.712388980385,6.28318530718),.PIECEWISE_BEZIER_KNOTS.);
#318 = CARTESIAN_POINT('',(1.570796326795,5.));
#319 = CARTESIAN_POINT('',(0.,5.));
#320 = ( GEOMETRIC_REPRESENTATION_CONTEXT(2) 
PARAMETRIC_REPRESENTATION_CONTEXT() REPRESENTATION_CONTEXT('2D SPACE',''
  ) );
#321 = PCURVE('',#214,#322);
#322 = DEFINITIONAL_REPRESENTATION('',(#323),#326);
#323 = B_SPLINE_CURVE_WITH_KNOTS('',1,(#324,#325),.UNSPECIFIED.,.F.,.F.,
  (2,2),(4.712388980385,6.28318530718),.PIECEWISE_BEZIER_KNOTS.);
#324 = CARTESIAN_POINT('',(0.,-1.570796326795));
#325 = CARTESIAN_POINT('',(0.,0.));
#326 = ( GEOMETRIC_REPRESENTATION_CONTEXT(2) 
PARAMETRIC_REPRESENTATION_CONTEXT() REPRESENTATION_CONTEXT('2D SPACE',''
  ) );
#327 = ORIENTED_EDGE('',*,*,#328,.T.);
#328 = EDGE_CURVE('',#307,#329,#331,.T.);
#329 = VERTEX_POINT('',#330);
#330 = CARTESIAN_POINT('',(12.6,11.9,210.43959457608));
#331 = SURFACE_CURVE('',#332,(#336,#342),.PCURVE_S1.);
#332 = LINE('',#333,#334);
#333 = CARTESIAN_POINT('',(12.6,-20.5,210.43959457608));
#334 = VECTOR('',#335,1.);
#335 = DIRECTION('',(0.,1.,0.));
#336 = PCURVE('',#126,#337);
#337 = DEFINITIONAL_REPRESENTATION('',(#338),#341);
#338 = B_SPLINE_CURVE_WITH_KNOTS('',1,(#339,#340),.UNSPECIFIED.,.F.,.F.,
  (2,2),(4.9999994,32.4000006),.PIECEWISE_BEZIER_KNOTS.);
#339 = CARTESIAN_POINT('',(1.092801128276,4.9999994));
#340 = CARTESIAN_POINT('',(1.092801128276,32.4000006));
#341 = ( GEOMETRIC_REPRESENTATION_CONTEXT(2) 
PARAMETRIC_REPRESENTATION_CONTEXT() REPRESENTATION_CONTEXT('2D SPACE',''
  ) );
#342 = PCURVE('',#343,#348);
#343 = PLANE('',#344);
#344 = AXIS2_PLACEMENT_3D('',#345,#346,#347);
#345 = CARTESIAN_POINT('',(12.6,-18.2,146.));
#346 = DIRECTION('',(1.,0.,0.));
#347 = DIRECTION('',(0.,0.,1.));
#348 = DEFINITIONAL_REPRESENTATION('',(#349),#352);
#349 = B_SPLINE_CURVE_WITH_KNOTS('',1,(#350,#351),.UNSPECIFIED.,.F.,.F.,
  (2,2),(4.9999994,32.4000006),.PIECEWISE_BEZIER_KNOTS.);
#350 = CARTESIAN_POINT('',(64.439594576085,-2.6999994));
#351 = CARTESIAN_POINT('',(64.439594576085,-30.1000006));
#352 = ( GEOMETRIC_REPRESENTATION_CONTEXT(2) 
PARAMETRIC_REPRESENTATION_CONTEXT() REPRESENTATION_CONTEXT('2D SPACE',''
  ) );
#353 = ORIENTED_EDGE('',*,*,#354,.F.);
#354 = EDGE_CURVE('',#85,#329,#355,.T.);
#355 = SURFACE_CURVE('',#356,(#361,#368),.PCURVE_S1.);
#356 = CIRCLE('',#357,5.);
#357 = AXIS2_PLACEMENT_3D('',#358,#359,#360);
#358 = CARTESIAN_POINT('',(14.9,11.9,206.));
#359 = DIRECTION('',(0.,1.,0.));
#360 = DIRECTION('',(-1.,0.,0.));
#361 = PCURVE('',#126,#362);
#362 = DEFINITIONAL_REPRESENTATION('',(#363),#367);
#363 = LINE('',#364,#365);
#364 = CARTESIAN_POINT('',(0.,32.4));
#365 = VECTOR('',#366,1.);
#366 = DIRECTION('',(1.,0.));
#367 = ( GEOMETRIC_REPRESENTATION_CONTEXT(2) 
PARAMETRIC_REPRESENTATION_CONTEXT() REPRESENTATION_CONTEXT('2D SPACE',''
  ) );
#368 = PCURVE('',#369,#374);
#369 = SPHERICAL_SURFACE('',#370,5.);
#370 = AXIS2_PLACEMENT_3D('',#371,#372,#373);
#371 = CARTESIAN_POINT('',(14.9,11.9,206.));
#372 = DIRECTION('',(-0.,-1.,-0.));
#373 = DIRECTION('',(-1.,0.,0.));
#374 = DEFINITIONAL_REPRESENTATION('',(#375),#379);
#375 = LINE('',#376,#377);
#376 = CARTESIAN_POINT('',(-0.,0.));
#377 = VECTOR('',#378,1.);
#378 = DIRECTION('',(-1.,0.));
#379 = ( GEOMETRIC_REPRESENTATION_CONTEXT(2) 
PARAMETRIC_REPRESENTATION_CONTEXT() REPRESENTATION_CONTEXT('2D SPACE',''
  ) );
#380 = ORIENTED_EDGE('',*,*,#112,.F.);
#381 = ADVANCED_FACE('',(#382),#100,.T.);
#382 = FACE_BOUND('',#383,.F.);
#383 = EDGE_LOOP('',(#384,#385,#409,#435,#464,#485,#514,#540));
#384 = ORIENTED_EDGE('',*,*,#84,.F.);
#385 = ORIENTED_EDGE('',*,*,#386,.T.);
#386 = EDGE_CURVE('',#57,#387,#389,.T.);
#387 = VERTEX_POINT('',#388);
#388 = CARTESIAN_POINT('',(10.629168699187,14.5,153.));
#389 = SURFACE_CURVE('',#390,(#395,#402),.PCURVE_S1.);
#390 = CIRCLE('',#391,5.);
#391 = AXIS2_PLACEMENT_3D('',#392,#393,#394);
#392 = CARTESIAN_POINT('',(14.9,11.9,153.));
#393 = DIRECTION('',(-0.,0.,-1.));
#394 = DIRECTION('',(-1.,0.,0.));
#395 = PCURVE('',#100,#396);
#396 = DEFINITIONAL_REPRESENTATION('',(#397),#401);
#397 = LINE('',#398,#399);
#398 = CARTESIAN_POINT('',(-0.,5.));
#399 = VECTOR('',#400,1.);
#400 = DIRECTION('',(-1.,0.));
#401 = ( GEOMETRIC_REPRESENTATION_CONTEXT(2) 
PARAMETRIC_REPRESENTATION_CONTEXT() REPRESENTATION_CONTEXT('2D SPACE',''
  ) );
#402 = PCURVE('',#291,#403);
#403 = DEFINITIONAL_REPRESENTATION('',(#404),#408);
#404 = LINE('',#405,#406);
#405 = CARTESIAN_POINT('',(-0.,0.));
#406 = VECTOR('',#407,1.);
#407 = DIRECTION('',(-1.,0.));
#408 = ( GEOMETRIC_REPRESENTATION_CONTEXT(2) 
PARAMETRIC_REPRESENTATION_CONTEXT() REPRESENTATION_CONTEXT('2D SPACE',''
  ) );
#409 = ORIENTED_EDGE('',*,*,#410,.T.);
#410 = EDGE_CURVE('',#387,#411,#413,.T.);
#411 = VERTEX_POINT('',#412);
#412 = CARTESIAN_POINT('',(10.629168699187,14.5,170.));
#413 = SURFACE_CURVE('',#414,(#418,#424),.PCURVE_S1.);
#414 = LINE('',#415,#416);
#415 = CARTESIAN_POINT('',(10.629168699187,14.5,148.));
#416 = VECTOR('',#417,1.);
#417 = DIRECTION('',(0.,0.,1.));
#418 = PCURVE('',#100,#419);
#419 = DEFINITIONAL_REPRESENTATION('',(#420),#423);
#420 = B_SPLINE_CURVE_WITH_KNOTS('',1,(#421,#422),.UNSPECIFIED.,.F.,.F.,
  (2,2),(4.9999994,24.4),.PIECEWISE_BEZIER_KNOTS.);
#421 = CARTESIAN_POINT('',(-0.546850950696,4.9999994));
#422 = CARTESIAN_POINT('',(-0.546850950696,24.4));
#423 = ( GEOMETRIC_REPRESENTATION_CONTEXT(2) 
PARAMETRIC_REPRESENTATION_CONTEXT() REPRESENTATION_CONTEXT('2D SPACE',''
  ) );
#424 = PCURVE('',#425,#430);
#425 = PLANE('',#426);
#426 = AXIS2_PLACEMENT_3D('',#427,#428,#429);
#427 = CARTESIAN_POINT('',(9.,14.5,146.));
#428 = DIRECTION('',(0.,1.,0.));
#429 = DIRECTION('',(0.,0.,1.));
#430 = DEFINITIONAL_REPRESENTATION('',(#431),#434);
#431 = B_SPLINE_CURVE_WITH_KNOTS('',1,(#432,#433),.UNSPECIFIED.,.F.,.F.,
  (2,2),(4.9999994,24.4),.PIECEWISE_BEZIER_KNOTS.);
#432 = CARTESIAN_POINT('',(6.9999994,1.629168699187));
#433 = CARTESIAN_POINT('',(26.4,1.629168699187));
#434 = ( GEOMETRIC_REPRESENTATION_CONTEXT(2) 
PARAMETRIC_REPRESENTATION_CONTEXT() REPRESENTATION_CONTEXT('2D SPACE',''
  ) );
#435 = ORIENTED_EDGE('',*,*,#436,.F.);
#436 = EDGE_CURVE('',#437,#411,#439,.T.);
#437 = VERTEX_POINT('',#438);
#438 = CARTESIAN_POINT('',(12.6,16.339594576085,170.));
#439 = SURFACE_CURVE('',#440,(#445,#452),.PCURVE_S1.);
#440 = CIRCLE('',#441,5.);
#441 = AXIS2_PLACEMENT_3D('',#442,#443,#444);
#442 = CARTESIAN_POINT('',(14.9,11.9,170.));
#443 = DIRECTION('',(0.,0.,1.));
#444 = DIRECTION('',(-1.,-0.,0.));
#445 = PCURVE('',#100,#446);
#446 = DEFINITIONAL_REPRESENTATION('',(#447),#451);
#447 = LINE('',#448,#449);
#448 = CARTESIAN_POINT('',(-6.28318530718,22.));
#449 = VECTOR('',#450,1.);
#450 = DIRECTION('',(1.,-0.));
#451 = ( GEOMETRIC_REPRESENTATION_CONTEXT(2) 
PARAMETRIC_REPRESENTATION_CONTEXT() REPRESENTATION_CONTEXT('2D SPACE',''
  ) );
#452 = PCURVE('',#453,#458);
#453 = PLANE('',#454);
#454 = AXIS2_PLACEMENT_3D('',#455,#456,#457);
#455 = CARTESIAN_POINT('',(9.,14.5,170.));
#456 = DIRECTION('',(0.,0.,1.));
#457 = DIRECTION('',(1.,0.,0.));
#458 = DEFINITIONAL_REPRESENTATION('',(#459),#463);
#459 = CIRCLE('',#460,5.);
#460 = AXIS2_PLACEMENT_2D('',#461,#462);
#461 = CARTESIAN_POINT('',(5.9,-2.6));
#462 = DIRECTION('',(-1.,0.));
#463 = ( GEOMETRIC_REPRESENTATION_CONTEXT(2) 
PARAMETRIC_REPRESENTATION_CONTEXT() REPRESENTATION_CONTEXT('2D SPACE',''
  ) );
#464 = ORIENTED_EDGE('',*,*,#465,.T.);
#465 = EDGE_CURVE('',#437,#466,#468,.T.);
#466 = VERTEX_POINT('',#467);
#467 = CARTESIAN_POINT('',(12.6,16.339594576085,194.));
#468 = SURFACE_CURVE('',#469,(#473,#479),.PCURVE_S1.);
#469 = LINE('',#470,#471);
#470 = CARTESIAN_POINT('',(12.6,16.339594576085,148.));
#471 = VECTOR('',#472,1.);
#472 = DIRECTION('',(0.,0.,1.));
#473 = PCURVE('',#100,#474);
#474 = DEFINITIONAL_REPRESENTATION('',(#475),#478);
#475 = B_SPLINE_CURVE_WITH_KNOTS('',1,(#476,#477),.UNSPECIFIED.,.F.,.F.,
  (2,2),(4.9999994,58.0000006),.PIECEWISE_BEZIER_KNOTS.);
#476 = CARTESIAN_POINT('',(-1.092801128276,4.9999994));
#477 = CARTESIAN_POINT('',(-1.092801128276,58.0000006));
#478 = ( GEOMETRIC_REPRESENTATION_CONTEXT(2) 
PARAMETRIC_REPRESENTATION_CONTEXT() REPRESENTATION_CONTEXT('2D SPACE',''
  ) );
#479 = PCURVE('',#343,#480);
#480 = DEFINITIONAL_REPRESENTATION('',(#481),#484);
#481 = B_SPLINE_CURVE_WITH_KNOTS('',1,(#482,#483),.UNSPECIFIED.,.F.,.F.,
  (2,2),(4.9999994,58.0000006),.PIECEWISE_BEZIER_KNOTS.);
#482 = CARTESIAN_POINT('',(6.9999994,-34.53959457608));
#483 = CARTESIAN_POINT('',(60.0000006,-34.53959457608));
#484 = ( GEOMETRIC_REPRESENTATION_CONTEXT(2) 
PARAMETRIC_REPRESENTATION_CONTEXT() REPRESENTATION_CONTEXT('2D SPACE',''
  ) );
#485 = ORIENTED_EDGE('',*,*,#486,.T.);
#486 = EDGE_CURVE('',#466,#487,#489,.T.);
#487 = VERTEX_POINT('',#488);
#488 = CARTESIAN_POINT('',(10.629168699187,14.5,194.));
#489 = SURFACE_CURVE('',#490,(#495,#502),.PCURVE_S1.);
#490 = CIRCLE('',#491,5.);
#491 = AXIS2_PLACEMENT_3D('',#492,#493,#494);
#492 = CARTESIAN_POINT('',(14.9,11.9,194.));
#493 = DIRECTION('',(0.,0.,1.));
#494 = DIRECTION('',(-1.,-0.,0.));
#495 = PCURVE('',#100,#496);
#496 = DEFINITIONAL_REPRESENTATION('',(#497),#501);
#497 = LINE('',#498,#499);
#498 = CARTESIAN_POINT('',(-6.28318530718,46.));
#499 = VECTOR('',#500,1.);
#500 = DIRECTION('',(1.,-0.));
#501 = ( GEOMETRIC_REPRESENTATION_CONTEXT(2) 
PARAMETRIC_REPRESENTATION_CONTEXT() REPRESENTATION_CONTEXT('2D SPACE',''
  ) );
#502 = PCURVE('',#503,#508);
#503 = PLANE('',#504);
#504 = AXIS2_PLACEMENT_3D('',#505,#506,#507);
#505 = CARTESIAN_POINT('',(9.,14.5,194.));
#506 = DIRECTION('',(0.,0.,1.));
#507 = DIRECTION('',(1.,0.,0.));
#508 = DEFINITIONAL_REPRESENTATION('',(#509),#513);
#509 = CIRCLE('',#510,5.);
#510 = AXIS2_PLACEMENT_2D('',#511,#512);
#511 = CARTESIAN_POINT('',(5.9,-2.6));
#512 = DIRECTION('',(-1.,0.));
#513 = ( GEOMETRIC_REPRESENTATION_CONTEXT(2) 
PARAMETRIC_REPRESENTATION_CONTEXT() REPRESENTATION_CONTEXT('2D SPACE',''
  ) );
#514 = ORIENTED_EDGE('',*,*,#515,.T.);
#515 = EDGE_CURVE('',#487,#516,#518,.T.);
#516 = VERTEX_POINT('',#517);
#517 = CARTESIAN_POINT('',(10.629168699187,14.5,206.));
#518 = SURFACE_CURVE('',#519,(#523,#529),.PCURVE_S1.);
#519 = LINE('',#520,#521);
#520 = CARTESIAN_POINT('',(10.629168699187,14.5,148.));
#521 = VECTOR('',#522,1.);
#522 = DIRECTION('',(0.,0.,1.));
#523 = PCURVE('',#100,#524);
#524 = DEFINITIONAL_REPRESENTATION('',(#525),#528);
#525 = B_SPLINE_CURVE_WITH_KNOTS('',1,(#526,#527),.UNSPECIFIED.,.F.,.F.,
  (2,2),(43.6,58.0000006),.PIECEWISE_BEZIER_KNOTS.);
#526 = CARTESIAN_POINT('',(-0.546850950696,43.6));
#527 = CARTESIAN_POINT('',(-0.546850950696,58.0000006));
#528 = ( GEOMETRIC_REPRESENTATION_CONTEXT(2) 
PARAMETRIC_REPRESENTATION_CONTEXT() REPRESENTATION_CONTEXT('2D SPACE',''
  ) );
#529 = PCURVE('',#530,#535);
#530 = PLANE('',#531);
#531 = AXIS2_PLACEMENT_3D('',#532,#533,#534);
#532 = CARTESIAN_POINT('',(9.,14.5,194.));
#533 = DIRECTION('',(0.,1.,0.));
#534 = DIRECTION('',(0.,0.,1.));
#535 = DEFINITIONAL_REPRESENTATION('',(#536),#539);
#536 = B_SPLINE_CURVE_WITH_KNOTS('',1,(#537,#538),.UNSPECIFIED.,.F.,.F.,
  (2,2),(43.6,58.0000006),.PIECEWISE_BEZIER_KNOTS.);
#537 = CARTESIAN_POINT('',(-2.4,1.629168699187));
#538 = CARTESIAN_POINT('',(12.0000006,1.629168699187));
#539 = ( GEOMETRIC_REPRESENTATION_CONTEXT(2) 
PARAMETRIC_REPRESENTATION_CONTEXT() REPRESENTATION_CONTEXT('2D SPACE',''
  ) );
#540 = ORIENTED_EDGE('',*,*,#541,.T.);
#541 = EDGE_CURVE('',#516,#85,#542,.T.);
#542 = SURFACE_CURVE('',#543,(#548,#554),.PCURVE_S1.);
#543 = CIRCLE('',#544,5.);
#544 = AXIS2_PLACEMENT_3D('',#545,#546,#547);
#545 = CARTESIAN_POINT('',(14.9,11.9,206.));
#546 = DIRECTION('',(0.,0.,1.));
#547 = DIRECTION('',(-1.,0.,0.));
#548 = PCURVE('',#100,#549);
#549 = DEFINITIONAL_REPRESENTATION('',(#550),#553);
#550 = B_SPLINE_CURVE_WITH_KNOTS('',1,(#551,#552),.UNSPECIFIED.,.F.,.F.,
  (2,2),(4.712388980385,6.28318530718),.PIECEWISE_BEZIER_KNOTS.);
#551 = CARTESIAN_POINT('',(-1.570796326795,58.));
#552 = CARTESIAN_POINT('',(0.,58.));
#553 = ( GEOMETRIC_REPRESENTATION_CONTEXT(2) 
PARAMETRIC_REPRESENTATION_CONTEXT() REPRESENTATION_CONTEXT('2D SPACE',''
  ) );
#554 = PCURVE('',#369,#555);
#555 = DEFINITIONAL_REPRESENTATION('',(#556),#559);
#556 = B_SPLINE_CURVE_WITH_KNOTS('',1,(#557,#558),.UNSPECIFIED.,.F.,.F.,
  (2,2),(4.712388980385,6.28318530718),.PIECEWISE_BEZIER_KNOTS.);
#557 = CARTESIAN_POINT('',(0.,-1.570796326795));
#558 = CARTESIAN_POINT('',(0.,0.));
#559 = ( GEOMETRIC_REPRESENTATION_CONTEXT(2) 
PARAMETRIC_REPRESENTATION_CONTEXT() REPRESENTATION_CONTEXT('2D SPACE',''
  ) );
#560 = ADVANCED_FACE('',(#561),#159,.T.);
#561 = FACE_BOUND('',#562,.T.);
#562 = EDGE_LOOP('',(#563,#564,#588,#613));
#563 = ORIENTED_EDGE('',*,*,#229,.F.);
#564 = ORIENTED_EDGE('',*,*,#565,.T.);
#565 = EDGE_CURVE('',#230,#566,#568,.T.);
#566 = VERTEX_POINT('',#567);
#567 = CARTESIAN_POINT('',(14.9,-19.5,150.));
#568 = SURFACE_CURVE('',#569,(#574,#581),.PCURVE_S1.);
#569 = CIRCLE('',#570,4.);
#570 = AXIS2_PLACEMENT_3D('',#571,#572,#573);
#571 = CARTESIAN_POINT('',(14.9,-15.5,150.));
#572 = DIRECTION('',(0.,0.,1.));
#573 = DIRECTION('',(-1.,0.,0.));
#574 = PCURVE('',#159,#575);
#575 = DEFINITIONAL_REPRESENTATION('',(#576),#580);
#576 = LINE('',#577,#578);
#577 = CARTESIAN_POINT('',(0.,-0.643501108793));
#578 = VECTOR('',#579,1.);
#579 = DIRECTION('',(1.,0.));
#580 = ( GEOMETRIC_REPRESENTATION_CONTEXT(2) 
PARAMETRIC_REPRESENTATION_CONTEXT() REPRESENTATION_CONTEXT('2D SPACE',''
  ) );
#581 = PCURVE('',#266,#582);
#582 = DEFINITIONAL_REPRESENTATION('',(#583),#587);
#583 = CIRCLE('',#584,4.);
#584 = AXIS2_PLACEMENT_2D('',#585,#586);
#585 = CARTESIAN_POINT('',(5.9,8.5));
#586 = DIRECTION('',(-1.,0.));
#587 = ( GEOMETRIC_REPRESENTATION_CONTEXT(2) 
PARAMETRIC_REPRESENTATION_CONTEXT() REPRESENTATION_CONTEXT('2D SPACE',''
  ) );
#588 = ORIENTED_EDGE('',*,*,#589,.T.);
#589 = EDGE_CURVE('',#566,#143,#590,.T.);
#590 = SURFACE_CURVE('',#591,(#596,#602),.PCURVE_S1.);
#591 = CIRCLE('',#592,5.);
#592 = AXIS2_PLACEMENT_3D('',#593,#594,#595);
#593 = CARTESIAN_POINT('',(14.9,-15.5,153.));
#594 = DIRECTION('',(-1.,6.123233995737E-17,0.));
#595 = DIRECTION('',(-6.123233995737E-17,-1.,0.));
#596 = PCURVE('',#159,#597);
#597 = DEFINITIONAL_REPRESENTATION('',(#598),#601);
#598 = B_SPLINE_CURVE_WITH_KNOTS('',1,(#599,#600),.UNSPECIFIED.,.F.,.F.,
  (2,2),(4.712388980385,6.28318530718),.PIECEWISE_BEZIER_KNOTS.);
#599 = CARTESIAN_POINT('',(1.570796326795,-1.570796326795));
#600 = CARTESIAN_POINT('',(1.570796326795,0.));
#601 = ( GEOMETRIC_REPRESENTATION_CONTEXT(2) 
PARAMETRIC_REPRESENTATION_CONTEXT() REPRESENTATION_CONTEXT('2D SPACE',''
  ) );
#602 = PCURVE('',#603,#608);
#603 = CYLINDRICAL_SURFACE('',#604,5.);
#604 = AXIS2_PLACEMENT_3D('',#605,#606,#607);
#605 = CARTESIAN_POINT('',(9.9,-15.5,153.));
#606 = DIRECTION('',(1.,0.,0.));
#607 = DIRECTION('',(0.,-1.,0.));
#608 = DEFINITIONAL_REPRESENTATION('',(#609),#612);
#609 = B_SPLINE_CURVE_WITH_KNOTS('',1,(#610,#611),.UNSPECIFIED.,.F.,.F.,
  (2,2),(4.712388980385,6.28318530718),.PIECEWISE_BEZIER_KNOTS.);
#610 = CARTESIAN_POINT('',(1.570796326795,5.));
#611 = CARTESIAN_POINT('',(0.,5.));
#612 = ( GEOMETRIC_REPRESENTATION_CONTEXT(2) 
PARAMETRIC_REPRESENTATION_CONTEXT() REPRESENTATION_CONTEXT('2D SPACE',''
  ) );
#613 = ORIENTED_EDGE('',*,*,#142,.F.);
#614 = ADVANCED_FACE('',(#615),#214,.T.);
#615 = FACE_BOUND('',#616,.F.);
#616 = EDGE_LOOP('',(#617,#618,#651,#748,#783,#808));
#617 = ORIENTED_EDGE('',*,*,#306,.F.);
#618 = ORIENTED_EDGE('',*,*,#619,.T.);
#619 = EDGE_CURVE('',#307,#620,#622,.T.);
#620 = VERTEX_POINT('',#621);
#621 = CARTESIAN_POINT('',(12.6,-17.2,210.10121933088));
#622 = SURFACE_CURVE('',#623,(#628,#644),.PCURVE_S1.);
#623 = CIRCLE('',#624,4.439594576085);
#624 = AXIS2_PLACEMENT_3D('',#625,#626,#627);
#625 = CARTESIAN_POINT('',(12.6,-15.5,206.));
#626 = DIRECTION('',(1.,0.,0.));
#627 = DIRECTION('',(-0.,0.,1.));
#628 = PCURVE('',#214,#629);
#629 = DEFINITIONAL_REPRESENTATION('',(#630),#643);
#630 = B_SPLINE_CURVE_WITH_KNOTS('',6,(#631,#632,#633,#634,#635,#636,
    #637,#638,#639,#640,#641,#642),.UNSPECIFIED.,.F.,.F.,(7,5,7),(0.,
    0.196476412215,0.392952824431),.UNSPECIFIED.);
#631 = CARTESIAN_POINT('',(0.,-1.092801128276));
#632 = CARTESIAN_POINT('',(-6.32083778261E-02,-1.092801128276));
#633 = CARTESIAN_POINT('',(-0.12641639599,-1.090317490366));
#634 = CARTESIAN_POINT('',(-0.188595913612,-1.08534911618));
#635 = CARTESIAN_POINT('',(-0.24870255559,-1.07799709907));
#636 = CARTESIAN_POINT('',(-0.306076442248,-1.068446713688));
#637 = CARTESIAN_POINT('',(-0.414645359233,-1.045353401693));
#638 = CARTESIAN_POINT('',(-0.465840672414,-1.031810620999));
#639 = CARTESIAN_POINT('',(-0.513586627191,-1.016475044399));
#640 = CARTESIAN_POINT('',(-0.557840822449,-0.99957191307));
#641 = CARTESIAN_POINT('',(-0.5987469367,-0.981301188109));
#642 = CARTESIAN_POINT('',(-0.636508215788,-0.961837217586));
#643 = ( GEOMETRIC_REPRESENTATION_CONTEXT(2) 
PARAMETRIC_REPRESENTATION_CONTEXT() REPRESENTATION_CONTEXT('2D SPACE',''
  ) );
#644 = PCURVE('',#343,#645);
#645 = DEFINITIONAL_REPRESENTATION('',(#646),#650);
#646 = CIRCLE('',#647,4.439594576085);
#647 = AXIS2_PLACEMENT_2D('',#648,#649);
#648 = CARTESIAN_POINT('',(60.,-2.7));
#649 = DIRECTION('',(1.,0.));
#650 = ( GEOMETRIC_REPRESENTATION_CONTEXT(2) 
PARAMETRIC_REPRESENTATION_CONTEXT() REPRESENTATION_CONTEXT('2D SPACE',''
  ) );
#651 = ORIENTED_EDGE('',*,*,#652,.T.);
#652 = EDGE_CURVE('',#620,#653,#655,.T.);
#653 = VERTEX_POINT('',#654);
#654 = CARTESIAN_POINT('',(13.6,-18.2,210.00249921923));
#655 = SURFACE_CURVE('',#656,(#683,#713),.PCURVE_S1.);
#656 = B_SPLINE_CURVE_WITH_KNOTS('',5,(#657,#658,#659,#660,#661,#662,
    #663,#664,#665,#666,#667,#668,#669,#670,#671,#672,#673,#674,#675,
    #676,#677,#678,#679,#680,#681,#682),.UNSPECIFIED.,.F.,.F.,(6,4,4,4,4
    ,4,6),(0.,0.256836871652,0.369343161538,0.588075651856,
    0.765105939557,0.848795214894,1.),.UNSPECIFIED.);
#657 = CARTESIAN_POINT('',(12.6,-17.2,210.10121933088));
#658 = CARTESIAN_POINT('',(12.6,-17.27675066966,210.06940534389));
#659 = CARTESIAN_POINT('',(12.607363684418,-17.35416254382,
    210.03934313252));
#660 = CARTESIAN_POINT('',(12.622342828783,-17.43145269515,
    210.01150367281));
#661 = CARTESIAN_POINT('',(12.645141341573,-17.50764385973,
    209.98645821689));
#662 = CARTESIAN_POINT('',(12.689040088126,-17.61398074695,
    209.9552572633));
#663 = CARTESIAN_POINT('',(12.703894479913,-17.6459401308,
    209.94639591017));
#664 = CARTESIAN_POINT('',(12.720222363833,-17.67736982573,
    209.93822403748));
#665 = CARTESIAN_POINT('',(12.738002990721,-17.7081663741,
    209.93078700665));
#666 = CARTESIAN_POINT('',(12.794516876333,-17.79666116066,
    209.91117165447));
#667 = CARTESIAN_POINT('',(12.837189914259,-17.85231679122,
    209.90114399938));
#668 = CARTESIAN_POINT('',(12.884922232552,-17.90438515001,
    209.89434185893));
#669 = CARTESIAN_POINT('',(12.937193527264,-17.95210127004,
    209.89095860345));
#670 = CARTESIAN_POINT('',(13.03857119496,-18.02948925628,
    209.89101807195));
#671 = CARTESIAN_POINT('',(13.086390207884,-18.06087411103,
    209.89328235463));
#672 = CARTESIAN_POINT('',(13.1362728066,-18.08871527926,209.89778450048
    ));
#673 = CARTESIAN_POINT('',(13.187764346516,-18.11282212922,
    209.90444199775));
#674 = CARTESIAN_POINT('',(13.265289107513,-18.14269817394,
    209.91721772508));
#675 = CARTESIAN_POINT('',(13.290431774052,-18.15143465964,
    209.92176971399));
#676 = CARTESIAN_POINT('',(13.315784546266,-18.15930909056,209.926758241
    ));
#677 = CARTESIAN_POINT('',(13.341301503118,-18.16631779982,
    209.93216697946));
#678 = CARTESIAN_POINT('',(13.413257675905,-18.18356291535,
    209.9484764488));
#679 = CARTESIAN_POINT('',(13.459968781986,-18.19184153415,
    209.96028785086));
#680 = CARTESIAN_POINT('',(13.506812272795,-18.19730370536,
    209.97330627233));
#681 = CARTESIAN_POINT('',(13.553556383337,-18.2,209.98741446884));
#682 = CARTESIAN_POINT('',(13.6,-18.2,210.00249921923));
#683 = PCURVE('',#214,#684);
#684 = DEFINITIONAL_REPRESENTATION('',(#685),#712);
#685 = B_SPLINE_CURVE_WITH_KNOTS('',5,(#686,#687,#688,#689,#690,#691,
    #692,#693,#694,#695,#696,#697,#698,#699,#700,#701,#702,#703,#704,
    #705,#706,#707,#708,#709,#710,#711),.UNSPECIFIED.,.F.,.F.,(6,4,4,4,4
    ,4,6),(0.,0.256836871652,0.369343161538,0.588075651856,
    0.765105939557,0.848795214894,1.),.UNSPECIFIED.);
#686 = CARTESIAN_POINT('',(-0.636508215788,-0.961837217586));
#687 = CARTESIAN_POINT('',(-0.658088477431,-0.950713717889));
#688 = CARTESIAN_POINT('',(-0.680524556326,-0.94042441038));
#689 = CARTESIAN_POINT('',(-0.703746466808,-0.931065123351));
#690 = CARTESIAN_POINT('',(-0.727690274211,-0.922761399502));
#691 = CARTESIAN_POINT('',(-0.763022617266,-0.912519552605));
#692 = CARTESIAN_POINT('',(-0.773904934166,-0.909626608979));
#693 = CARTESIAN_POINT('',(-0.784898241096,-0.906971157523));
#694 = CARTESIAN_POINT('',(-0.795992511743,-0.904563703626));
#695 = CARTESIAN_POINT('',(-0.82891714666,-0.898233286801));
#696 = CARTESIAN_POINT('',(-0.850998563229,-0.895024786508));
#697 = CARTESIAN_POINT('',(-0.873319014501,-0.892858837986));
#698 = CARTESIAN_POINT('',(-0.895771522994,-0.891781355583));
#699 = CARTESIAN_POINT('',(-0.936387995487,-0.891800294032));
#700 = CARTESIAN_POINT('',(-0.954557092691,-0.89252139578));
#701 = CARTESIAN_POINT('',(-0.972656388043,-0.893955132302));
#702 = CARTESIAN_POINT('',(-0.990626066227,-0.8960818822));
#703 = CARTESIAN_POINT('',(-1.016815774327,-0.900186563073));
#704 = CARTESIAN_POINT('',(-1.025181135202,-0.90165178418));
#705 = CARTESIAN_POINT('',(-1.033499553146,-0.903261227268));
#706 = CARTESIAN_POINT('',(-1.041766028373,-0.905011075018));
#707 = CARTESIAN_POINT('',(-1.064809679489,-0.91030470276));
#708 = CARTESIAN_POINT('',(-1.079459227067,-0.914156924711));
#709 = CARTESIAN_POINT('',(-1.093898775504,-0.918429244764));
#710 = CARTESIAN_POINT('',(-1.108108866416,-0.923094907962));
#711 = CARTESIAN_POINT('',(-1.122072982784,-0.928128754366));
#712 = ( GEOMETRIC_REPRESENTATION_CONTEXT(2) 
PARAMETRIC_REPRESENTATION_CONTEXT() REPRESENTATION_CONTEXT('2D SPACE',''
  ) );
#713 = PCURVE('',#714,#719);
#714 = CYLINDRICAL_SURFACE('',#715,1.);
#715 = AXIS2_PLACEMENT_3D('',#716,#717,#718);
#716 = CARTESIAN_POINT('',(13.6,-17.2,146.));
#717 = DIRECTION('',(0.,0.,1.));
#718 = DIRECTION('',(-1.,-0.,0.));
#719 = DEFINITIONAL_REPRESENTATION('',(#720),#747);
#720 = B_SPLINE_CURVE_WITH_KNOTS('',5,(#721,#722,#723,#724,#725,#726,
    #727,#728,#729,#730,#731,#732,#733,#734,#735,#736,#737,#738,#739,
    #740,#741,#742,#743,#744,#745,#746),.UNSPECIFIED.,.F.,.F.,(6,4,4,4,4
    ,4,6),(0.,0.256836871652,0.369343161538,0.588075651856,
    0.765105939557,0.848795214894,1.),.UNSPECIFIED.);
#721 = CARTESIAN_POINT('',(0.,64.101219330883));
#722 = CARTESIAN_POINT('',(7.675066966934E-02,64.069405343892));
#723 = CARTESIAN_POINT('',(0.154163481094,64.039343132518));
#724 = CARTESIAN_POINT('',(0.232391534197,64.011503672814));
#725 = CARTESIAN_POINT('',(0.311516301831,63.98645821689));
#726 = CARTESIAN_POINT('',(0.426558179129,63.955257263302));
#727 = CARTESIAN_POINT('',(0.461767548786,63.946395910175));
#728 = CARTESIAN_POINT('',(0.497139167179,63.938224037485));
#729 = CARTESIAN_POINT('',(0.532664503174,63.930787006658));
#730 = CARTESIAN_POINT('',(0.637665200859,63.911171654477));
#731 = CARTESIAN_POINT('',(0.707539969166,63.901143999386));
#732 = CARTESIAN_POINT('',(0.777806537996,63.894341858932));
#733 = CARTESIAN_POINT('',(0.848308154493,63.890958603458));
#734 = CARTESIAN_POINT('',(0.97584768531,63.891018071952));
#735 = CARTESIAN_POINT('',(1.032901191625,63.893282354639));
#736 = CARTESIAN_POINT('',(1.0898321829,63.897784500485));
#737 = CARTESIAN_POINT('',(1.14654819223,63.90444199775));
#738 = CARTESIAN_POINT('',(1.229630480449,63.917217725086));
#739 = CARTESIAN_POINT('',(1.25623287255,63.92176971399));
#740 = CARTESIAN_POINT('',(1.282760962857,63.926758241004));
#741 = CARTESIAN_POINT('',(1.309208649293,63.932166979462));
#742 = CARTESIAN_POINT('',(1.383202465331,63.9484764488));
#743 = CARTESIAN_POINT('',(1.430556609265,63.960287850863));
#744 = CARTESIAN_POINT('',(1.477608536612,63.973306272339));
#745 = CARTESIAN_POINT('',(1.524352710132,63.987414468848));
#746 = CARTESIAN_POINT('',(1.570796326795,64.002499219238));
#747 = ( GEOMETRIC_REPRESENTATION_CONTEXT(2) 
PARAMETRIC_REPRESENTATION_CONTEXT() REPRESENTATION_CONTEXT('2D SPACE',''
  ) );
#748 = ORIENTED_EDGE('',*,*,#749,.T.);
#749 = EDGE_CURVE('',#653,#750,#752,.T.);
#750 = VERTEX_POINT('',#751);
#751 = CARTESIAN_POINT('',(14.9,-18.2,210.2083250825));
#752 = SURFACE_CURVE('',#753,(#758,#771),.PCURVE_S1.);
#753 = CIRCLE('',#754,4.2083250825);
#754 = AXIS2_PLACEMENT_3D('',#755,#756,#757);
#755 = CARTESIAN_POINT('',(14.9,-18.2,206.));
#756 = DIRECTION('',(0.,1.,0.));
#757 = DIRECTION('',(0.,-0.,1.));
#758 = PCURVE('',#214,#759);
#759 = DEFINITIONAL_REPRESENTATION('',(#760),#770);
#760 = B_SPLINE_CURVE_WITH_KNOTS('',8,(#761,#762,#763,#764,#765,#766,
    #767,#768,#769),.UNSPECIFIED.,.F.,.F.,(9,9),(5.969136966601,
    6.28318530718),.PIECEWISE_BEZIER_KNOTS.);
#761 = CARTESIAN_POINT('',(-1.122072982784,-0.928128754366));
#762 = CARTESIAN_POINT('',(-1.169314648187,-0.945158638765));
#763 = CARTESIAN_POINT('',(-1.219700785637,-0.960278903538));
#764 = CARTESIAN_POINT('',(-1.273148367783,-0.973283247456));
#765 = CARTESIAN_POINT('',(-1.329419906877,-0.983963453376));
#766 = CARTESIAN_POINT('',(-1.388079911641,-0.992124144198));
#767 = CARTESIAN_POINT('',(-1.448424373841,-0.997614152893));
#768 = CARTESIAN_POINT('',(-1.509610331018,-1.000359217395));
#769 = CARTESIAN_POINT('',(-1.570796326795,-1.000359217395));
#770 = ( GEOMETRIC_REPRESENTATION_CONTEXT(2) 
PARAMETRIC_REPRESENTATION_CONTEXT() REPRESENTATION_CONTEXT('2D SPACE',''
  ) );
#771 = PCURVE('',#772,#777);
#772 = PLANE('',#773);
#773 = AXIS2_PLACEMENT_3D('',#774,#775,#776);
#774 = CARTESIAN_POINT('',(12.6,-18.2,146.));
#775 = DIRECTION('',(0.,1.,0.));
#776 = DIRECTION('',(0.,0.,1.));
#777 = DEFINITIONAL_REPRESENTATION('',(#778),#782);
#778 = CIRCLE('',#779,4.2083250825);
#779 = AXIS2_PLACEMENT_2D('',#780,#781);
#780 = CARTESIAN_POINT('',(60.,2.3));
#781 = DIRECTION('',(1.,0.));
#782 = ( GEOMETRIC_REPRESENTATION_CONTEXT(2) 
PARAMETRIC_REPRESENTATION_CONTEXT() REPRESENTATION_CONTEXT('2D SPACE',''
  ) );
#783 = ORIENTED_EDGE('',*,*,#784,.T.);
#784 = EDGE_CURVE('',#750,#172,#785,.T.);
#785 = SURFACE_CURVE('',#786,(#791,#797),.PCURVE_S1.);
#786 = CIRCLE('',#787,5.);
#787 = AXIS2_PLACEMENT_3D('',#788,#789,#790);
#788 = CARTESIAN_POINT('',(14.9,-15.5,206.));
#789 = DIRECTION('',(1.,-6.123233995737E-17,0.));
#790 = DIRECTION('',(-6.123233995737E-17,-1.,0.));
#791 = PCURVE('',#214,#792);
#792 = DEFINITIONAL_REPRESENTATION('',(#793),#796);
#793 = B_SPLINE_CURVE_WITH_KNOTS('',1,(#794,#795),.UNSPECIFIED.,.F.,.F.,
  (2,2),(4.712388980385,6.28318530718),.PIECEWISE_BEZIER_KNOTS.);
#794 = CARTESIAN_POINT('',(-1.570796326795,-1.570796326795));
#795 = CARTESIAN_POINT('',(-1.570796326795,0.));
#796 = ( GEOMETRIC_REPRESENTATION_CONTEXT(2) 
PARAMETRIC_REPRESENTATION_CONTEXT() REPRESENTATION_CONTEXT('2D SPACE',''
  ) );
#797 = PCURVE('',#798,#803);
#798 = CYLINDRICAL_SURFACE('',#799,5.);
#799 = AXIS2_PLACEMENT_3D('',#800,#801,#802);
#800 = CARTESIAN_POINT('',(9.9,-15.5,206.));
#801 = DIRECTION('',(1.,0.,0.));
#802 = DIRECTION('',(0.,-1.,0.));
#803 = DEFINITIONAL_REPRESENTATION('',(#804),#807);
#804 = B_SPLINE_CURVE_WITH_KNOTS('',1,(#805,#806),.UNSPECIFIED.,.F.,.F.,
  (2,2),(4.712388980385,6.28318530718),.PIECEWISE_BEZIER_KNOTS.);
#805 = CARTESIAN_POINT('',(-1.570796326795,5.));
#806 = CARTESIAN_POINT('',(0.,5.));
#807 = ( GEOMETRIC_REPRESENTATION_CONTEXT(2) 
PARAMETRIC_REPRESENTATION_CONTEXT() REPRESENTATION_CONTEXT('2D SPACE',''
  ) );
#808 = ORIENTED_EDGE('',*,*,#199,.F.);
#809 = ADVANCED_FACE('',(#810),#187,.F.);
#810 = FACE_BOUND('',#811,.F.);
#811 = EDGE_LOOP('',(#812,#813,#836,#864));
#812 = ORIENTED_EDGE('',*,*,#171,.T.);
#813 = ORIENTED_EDGE('',*,*,#814,.T.);
#814 = EDGE_CURVE('',#172,#815,#817,.T.);
#815 = VERTEX_POINT('',#816);
#816 = CARTESIAN_POINT('',(36.5,-20.5,206.));
#817 = SURFACE_CURVE('',#818,(#822,#829),.PCURVE_S1.);
#818 = LINE('',#819,#820);
#819 = CARTESIAN_POINT('',(9.9,-20.5,206.));
#820 = VECTOR('',#821,1.);
#821 = DIRECTION('',(1.,0.,0.));
#822 = PCURVE('',#187,#823);
#823 = DEFINITIONAL_REPRESENTATION('',(#824),#828);
#824 = LINE('',#825,#826);
#825 = CARTESIAN_POINT('',(58.,0.));
#826 = VECTOR('',#827,1.);
#827 = DIRECTION('',(0.,1.));
#828 = ( GEOMETRIC_REPRESENTATION_CONTEXT(2) 
PARAMETRIC_REPRESENTATION_CONTEXT() REPRESENTATION_CONTEXT('2D SPACE',''
  ) );
#829 = PCURVE('',#798,#830);
#830 = DEFINITIONAL_REPRESENTATION('',(#831),#835);
#831 = LINE('',#832,#833);
#832 = CARTESIAN_POINT('',(-0.,0.));
#833 = VECTOR('',#834,1.);
#834 = DIRECTION('',(-0.,1.));
#835 = ( GEOMETRIC_REPRESENTATION_CONTEXT(2) 
PARAMETRIC_REPRESENTATION_CONTEXT() REPRESENTATION_CONTEXT('2D SPACE',''
  ) );
#836 = ORIENTED_EDGE('',*,*,#837,.F.);
#837 = EDGE_CURVE('',#838,#815,#840,.T.);
#838 = VERTEX_POINT('',#839);
#839 = CARTESIAN_POINT('',(36.5,-20.5,153.));
#840 = SURFACE_CURVE('',#841,(#845,#852),.PCURVE_S1.);
#841 = LINE('',#842,#843);
#842 = CARTESIAN_POINT('',(36.5,-20.5,148.));
#843 = VECTOR('',#844,1.);
#844 = DIRECTION('',(0.,0.,1.));
#845 = PCURVE('',#187,#846);
#846 = DEFINITIONAL_REPRESENTATION('',(#847),#851);
#847 = LINE('',#848,#849);
#848 = CARTESIAN_POINT('',(0.,26.6));
#849 = VECTOR('',#850,1.);
#850 = DIRECTION('',(1.,0.));
#851 = ( GEOMETRIC_REPRESENTATION_CONTEXT(2) 
PARAMETRIC_REPRESENTATION_CONTEXT() REPRESENTATION_CONTEXT('2D SPACE',''
  ) );
#852 = PCURVE('',#853,#858);
#853 = CYLINDRICAL_SURFACE('',#854,5.);
#854 = AXIS2_PLACEMENT_3D('',#855,#856,#857);
#855 = CARTESIAN_POINT('',(36.5,-15.5,148.));
#856 = DIRECTION('',(0.,0.,1.));
#857 = DIRECTION('',(1.,0.,-0.));
#858 = DEFINITIONAL_REPRESENTATION('',(#859),#863);
#859 = LINE('',#860,#861);
#860 = CARTESIAN_POINT('',(-1.570796326795,0.));
#861 = VECTOR('',#862,1.);
#862 = DIRECTION('',(-0.,1.));
#863 = ( GEOMETRIC_REPRESENTATION_CONTEXT(2) 
PARAMETRIC_REPRESENTATION_CONTEXT() REPRESENTATION_CONTEXT('2D SPACE',''
  ) );
#864 = ORIENTED_EDGE('',*,*,#865,.F.);
#865 = EDGE_CURVE('',#143,#838,#866,.T.);
#866 = SURFACE_CURVE('',#867,(#871,#878),.PCURVE_S1.);
#867 = LINE('',#868,#869);
#868 = CARTESIAN_POINT('',(9.9,-20.5,153.));
#869 = VECTOR('',#870,1.);
#870 = DIRECTION('',(1.,0.,0.));
#871 = PCURVE('',#187,#872);
#872 = DEFINITIONAL_REPRESENTATION('',(#873),#877);
#873 = LINE('',#874,#875);
#874 = CARTESIAN_POINT('',(5.,0.));
#875 = VECTOR('',#876,1.);
#876 = DIRECTION('',(0.,1.));
#877 = ( GEOMETRIC_REPRESENTATION_CONTEXT(2) 
PARAMETRIC_REPRESENTATION_CONTEXT() REPRESENTATION_CONTEXT('2D SPACE',''
  ) );
#878 = PCURVE('',#603,#879);
#879 = DEFINITIONAL_REPRESENTATION('',(#880),#884);
#880 = LINE('',#881,#882);
#881 = CARTESIAN_POINT('',(0.,0.));
#882 = VECTOR('',#883,1.);
#883 = DIRECTION('',(0.,1.));
#884 = ( GEOMETRIC_REPRESENTATION_CONTEXT(2) 
PARAMETRIC_REPRESENTATION_CONTEXT() REPRESENTATION_CONTEXT('2D SPACE',''
  ) );
#885 = ADVANCED_FACE('',(#886),#291,.T.);
#886 = FACE_BOUND('',#887,.F.);
#887 = EDGE_LOOP('',(#888,#889,#913,#952));
#888 = ORIENTED_EDGE('',*,*,#277,.F.);
#889 = ORIENTED_EDGE('',*,*,#890,.F.);
#890 = EDGE_CURVE('',#891,#252,#893,.T.);
#891 = VERTEX_POINT('',#892);
#892 = CARTESIAN_POINT('',(11.860263169286,14.5,150.));
#893 = SURFACE_CURVE('',#894,(#899,#906),.PCURVE_S1.);
#894 = CIRCLE('',#895,4.);
#895 = AXIS2_PLACEMENT_3D('',#896,#897,#898);
#896 = CARTESIAN_POINT('',(14.9,11.9,150.));
#897 = DIRECTION('',(0.,0.,1.));
#898 = DIRECTION('',(-1.,0.,0.));
#899 = PCURVE('',#291,#900);
#900 = DEFINITIONAL_REPRESENTATION('',(#901),#905);
#901 = LINE('',#902,#903);
#902 = CARTESIAN_POINT('',(-6.28318530718,-0.643501108793));
#903 = VECTOR('',#904,1.);
#904 = DIRECTION('',(1.,-0.));
#905 = ( GEOMETRIC_REPRESENTATION_CONTEXT(2) 
PARAMETRIC_REPRESENTATION_CONTEXT() REPRESENTATION_CONTEXT('2D SPACE',''
  ) );
#906 = PCURVE('',#266,#907);
#907 = DEFINITIONAL_REPRESENTATION('',(#908),#912);
#908 = CIRCLE('',#909,4.);
#909 = AXIS2_PLACEMENT_2D('',#910,#911);
#910 = CARTESIAN_POINT('',(5.9,35.9));
#911 = DIRECTION('',(-1.,0.));
#912 = ( GEOMETRIC_REPRESENTATION_CONTEXT(2) 
PARAMETRIC_REPRESENTATION_CONTEXT() REPRESENTATION_CONTEXT('2D SPACE',''
  ) );
#913 = ORIENTED_EDGE('',*,*,#914,.T.);
#914 = EDGE_CURVE('',#891,#387,#915,.T.);
#915 = SURFACE_CURVE('',#916,(#921,#945),.PCURVE_S1.);
#916 = CIRCLE('',#917,4.270831300813);
#917 = AXIS2_PLACEMENT_3D('',#918,#919,#920);
#918 = CARTESIAN_POINT('',(14.9,14.5,153.));
#919 = DIRECTION('',(0.,1.,0.));
#920 = DIRECTION('',(0.,-0.,1.));
#921 = PCURVE('',#291,#922);
#922 = DEFINITIONAL_REPRESENTATION('',(#923),#944);
#923 = B_SPLINE_CURVE_WITH_KNOTS('',7,(#924,#925,#926,#927,#928,#929,
    #930,#931,#932,#933,#934,#935,#936,#937,#938,#939,#940,#941,#942,
    #943),.UNSPECIFIED.,.F.,.F.,(8,6,6,8),(3.462458369052,3.774941021885
    ,4.243665001135,4.712388980385),.UNSPECIFIED.);
#924 = CARTESIAN_POINT('',(-1.092801128276,-0.945128085536));
#925 = CARTESIAN_POINT('',(-1.037940254935,-0.924593511207));
#926 = CARTESIAN_POINT('',(-0.98766706432,-0.901521727018));
#927 = CARTESIAN_POINT('',(-0.94203952769,-0.876269836818));
#928 = CARTESIAN_POINT('',(-0.900787963828,-0.849174140238));
#929 = CARTESIAN_POINT('',(-0.863530233364,-0.820520064577));
#930 = CARTESIAN_POINT('',(-0.829887607456,-0.790537290786));
#931 = CARTESIAN_POINT('',(-0.753921865798,-0.712744247734));
#932 = CARTESIAN_POINT('',(-0.715669883602,-0.663515314797));
#933 = CARTESIAN_POINT('',(-0.683535143658,-0.612384654327));
#934 = CARTESIAN_POINT('',(-0.656448808926,-0.559797924419));
#935 = CARTESIAN_POINT('',(-0.633661539551,-0.50607393558));
#936 = CARTESIAN_POINT('',(-0.614587427979,-0.451458860165));
#937 = CARTESIAN_POINT('',(-0.583015011531,-0.340838406871));
#938 = CARTESIAN_POINT('',(-0.570516383689,-0.284833142245));
#939 = CARTESIAN_POINT('',(-0.560877845331,-0.228328621185));
#940 = CARTESIAN_POINT('',(-0.553821182658,-0.171473302159));
#941 = CARTESIAN_POINT('',(-0.549174414624,-0.114390848338));
#942 = CARTESIAN_POINT('',(-0.546850950696,-5.719545834348E-02));
#943 = CARTESIAN_POINT('',(-0.546850950696,0.));
#944 = ( GEOMETRIC_REPRESENTATION_CONTEXT(2) 
PARAMETRIC_REPRESENTATION_CONTEXT() REPRESENTATION_CONTEXT('2D SPACE',''
  ) );
#945 = PCURVE('',#425,#946);
#946 = DEFINITIONAL_REPRESENTATION('',(#947),#951);
#947 = CIRCLE('',#948,4.270831300813);
#948 = AXIS2_PLACEMENT_2D('',#949,#950);
#949 = CARTESIAN_POINT('',(7.,5.9));
#950 = DIRECTION('',(1.,0.));
#951 = ( GEOMETRIC_REPRESENTATION_CONTEXT(2) 
PARAMETRIC_REPRESENTATION_CONTEXT() REPRESENTATION_CONTEXT('2D SPACE',''
  ) );
#952 = ORIENTED_EDGE('',*,*,#386,.F.);
#953 = ADVANCED_FACE('',(#954),#266,.F.);
#954 = FACE_BOUND('',#955,.F.);
#955 = EDGE_LOOP('',(#956,#957,#958,#979,#1008,#1034,#1063,#1089,#1115,
    #1144,#1165,#1189,#1210,#1229));
#956 = ORIENTED_EDGE('',*,*,#251,.F.);
#957 = ORIENTED_EDGE('',*,*,#565,.T.);
#958 = ORIENTED_EDGE('',*,*,#959,.T.);
#959 = EDGE_CURVE('',#566,#960,#962,.T.);
#960 = VERTEX_POINT('',#961);
#961 = CARTESIAN_POINT('',(36.5,-19.5,150.));
#962 = SURFACE_CURVE('',#963,(#967,#973),.PCURVE_S1.);
#963 = LINE('',#964,#965);
#964 = CARTESIAN_POINT('',(9.9,-19.5,150.));
#965 = VECTOR('',#966,1.);
#966 = DIRECTION('',(1.,0.,0.));
#967 = PCURVE('',#266,#968);
#968 = DEFINITIONAL_REPRESENTATION('',(#969),#972);
#969 = B_SPLINE_CURVE_WITH_KNOTS('',1,(#970,#971),.UNSPECIFIED.,.F.,.F.,
  (2,2),(4.9999994,26.6000006),.PIECEWISE_BEZIER_KNOTS.);
#970 = CARTESIAN_POINT('',(5.8999994,4.5));
#971 = CARTESIAN_POINT('',(27.5000006,4.5));
#972 = ( GEOMETRIC_REPRESENTATION_CONTEXT(2) 
PARAMETRIC_REPRESENTATION_CONTEXT() REPRESENTATION_CONTEXT('2D SPACE',''
  ) );
#973 = PCURVE('',#603,#974);
#974 = DEFINITIONAL_REPRESENTATION('',(#975),#978);
#975 = B_SPLINE_CURVE_WITH_KNOTS('',1,(#976,#977),.UNSPECIFIED.,.F.,.F.,
  (2,2),(4.9999994,26.6000006),.PIECEWISE_BEZIER_KNOTS.);
#976 = CARTESIAN_POINT('',(0.643501108793,4.9999994));
#977 = CARTESIAN_POINT('',(0.643501108793,26.6000006));
#978 = ( GEOMETRIC_REPRESENTATION_CONTEXT(2) 
PARAMETRIC_REPRESENTATION_CONTEXT() REPRESENTATION_CONTEXT('2D SPACE',''
  ) );
#979 = ORIENTED_EDGE('',*,*,#980,.T.);
#980 = EDGE_CURVE('',#960,#981,#983,.T.);
#981 = VERTEX_POINT('',#982);
#982 = CARTESIAN_POINT('',(40.5,-15.5,150.));
#983 = SURFACE_CURVE('',#984,(#989,#996),.PCURVE_S1.);
#984 = CIRCLE('',#985,4.);
#985 = AXIS2_PLACEMENT_3D('',#986,#987,#988);
#986 = CARTESIAN_POINT('',(36.5,-15.5,150.));
#987 = DIRECTION('',(0.,0.,1.));
#988 = DIRECTION('',(1.,0.,-0.));
#989 = PCURVE('',#266,#990);
#990 = DEFINITIONAL_REPRESENTATION('',(#991),#995);
#991 = CIRCLE('',#992,4.);
#992 = AXIS2_PLACEMENT_2D('',#993,#994);
#993 = CARTESIAN_POINT('',(27.5,8.5));
#994 = DIRECTION('',(1.,0.));
#995 = ( GEOMETRIC_REPRESENTATION_CONTEXT(2) 
PARAMETRIC_REPRESENTATION_CONTEXT() REPRESENTATION_CONTEXT('2D SPACE',''
  ) );
#996 = PCURVE('',#997,#1002);
#997 = SPHERICAL_SURFACE('',#998,5.);
#998 = AXIS2_PLACEMENT_3D('',#999,#1000,#1001);
#999 = CARTESIAN_POINT('',(36.5,-15.5,153.));
#1000 = DIRECTION('',(0.,0.,1.));
#1001 = DIRECTION('',(1.,0.,-0.));
#1002 = DEFINITIONAL_REPRESENTATION('',(#1003),#1007);
#1003 = LINE('',#1004,#1005);
#1004 = CARTESIAN_POINT('',(-6.28318530718,-0.643501108793));
#1005 = VECTOR('',#1006,1.);
#1006 = DIRECTION('',(1.,-0.));
#1007 = ( GEOMETRIC_REPRESENTATION_CONTEXT(2) 
PARAMETRIC_REPRESENTATION_CONTEXT() REPRESENTATION_CONTEXT('2D SPACE',''
  ) );
#1008 = ORIENTED_EDGE('',*,*,#1009,.T.);
#1009 = EDGE_CURVE('',#981,#1010,#1012,.T.);
#1010 = VERTEX_POINT('',#1011);
#1011 = CARTESIAN_POINT('',(40.5,11.9,150.));
#1012 = SURFACE_CURVE('',#1013,(#1017,#1023),.PCURVE_S1.);
#1013 = LINE('',#1014,#1015);
#1014 = CARTESIAN_POINT('',(40.5,-20.5,150.));
#1015 = VECTOR('',#1016,1.);
#1016 = DIRECTION('',(0.,1.,0.));
#1017 = PCURVE('',#266,#1018);
#1018 = DEFINITIONAL_REPRESENTATION('',(#1019),#1022);
#1019 = B_SPLINE_CURVE_WITH_KNOTS('',1,(#1020,#1021),.UNSPECIFIED.,.F.,
  .F.,(2,2),(4.9999994,32.4000006),.PIECEWISE_BEZIER_KNOTS.);
#1020 = CARTESIAN_POINT('',(31.5,8.4999994));
#1021 = CARTESIAN_POINT('',(31.5,35.9000006));
#1022 = ( GEOMETRIC_REPRESENTATION_CONTEXT(2) 
PARAMETRIC_REPRESENTATION_CONTEXT() REPRESENTATION_CONTEXT('2D SPACE',''
  ) );
#1023 = PCURVE('',#1024,#1029);
#1024 = CYLINDRICAL_SURFACE('',#1025,5.);
#1025 = AXIS2_PLACEMENT_3D('',#1026,#1027,#1028);
#1026 = CARTESIAN_POINT('',(36.5,-20.5,153.));
#1027 = DIRECTION('',(0.,1.,0.));
#1028 = DIRECTION('',(1.,0.,-0.));
#1029 = DEFINITIONAL_REPRESENTATION('',(#1030),#1033);
#1030 = B_SPLINE_CURVE_WITH_KNOTS('',1,(#1031,#1032),.UNSPECIFIED.,.F.,
  .F.,(2,2),(4.9999994,32.4000006),.PIECEWISE_BEZIER_KNOTS.);
#1031 = CARTESIAN_POINT('',(0.643501108793,4.9999994));
#1032 = CARTESIAN_POINT('',(0.643501108793,32.4000006));
#1033 = ( GEOMETRIC_REPRESENTATION_CONTEXT(2) 
PARAMETRIC_REPRESENTATION_CONTEXT() REPRESENTATION_CONTEXT('2D SPACE',''
  ) );
#1034 = ORIENTED_EDGE('',*,*,#1035,.T.);
#1035 = EDGE_CURVE('',#1010,#1036,#1038,.T.);
#1036 = VERTEX_POINT('',#1037);
#1037 = CARTESIAN_POINT('',(39.539736830714,14.5,150.));
#1038 = SURFACE_CURVE('',#1039,(#1044,#1051),.PCURVE_S1.);
#1039 = CIRCLE('',#1040,4.);
#1040 = AXIS2_PLACEMENT_3D('',#1041,#1042,#1043);
#1041 = CARTESIAN_POINT('',(36.5,11.9,150.));
#1042 = DIRECTION('',(0.,0.,1.));
#1043 = DIRECTION('',(1.,0.,-0.));
#1044 = PCURVE('',#266,#1045);
#1045 = DEFINITIONAL_REPRESENTATION('',(#1046),#1050);
#1046 = CIRCLE('',#1047,4.);
#1047 = AXIS2_PLACEMENT_2D('',#1048,#1049);
#1048 = CARTESIAN_POINT('',(27.5,35.9));
#1049 = DIRECTION('',(1.,0.));
#1050 = ( GEOMETRIC_REPRESENTATION_CONTEXT(2) 
PARAMETRIC_REPRESENTATION_CONTEXT() REPRESENTATION_CONTEXT('2D SPACE',''
  ) );
#1051 = PCURVE('',#1052,#1057);
#1052 = SPHERICAL_SURFACE('',#1053,5.);
#1053 = AXIS2_PLACEMENT_3D('',#1054,#1055,#1056);
#1054 = CARTESIAN_POINT('',(36.5,11.9,153.));
#1055 = DIRECTION('',(0.,0.,1.));
#1056 = DIRECTION('',(1.,0.,-0.));
#1057 = DEFINITIONAL_REPRESENTATION('',(#1058),#1062);
#1058 = LINE('',#1059,#1060);
#1059 = CARTESIAN_POINT('',(0.,-0.643501108793));
#1060 = VECTOR('',#1061,1.);
#1061 = DIRECTION('',(1.,0.));
#1062 = ( GEOMETRIC_REPRESENTATION_CONTEXT(2) 
PARAMETRIC_REPRESENTATION_CONTEXT() REPRESENTATION_CONTEXT('2D SPACE',''
  ) );
#1063 = ORIENTED_EDGE('',*,*,#1064,.F.);
#1064 = EDGE_CURVE('',#1065,#1036,#1067,.T.);
#1065 = VERTEX_POINT('',#1066);
#1066 = CARTESIAN_POINT('',(38.9,14.5,150.));
#1067 = SURFACE_CURVE('',#1068,(#1072,#1078),.PCURVE_S1.);
#1068 = LINE('',#1069,#1070);
#1069 = CARTESIAN_POINT('',(9.,14.5,150.));
#1070 = VECTOR('',#1071,1.);
#1071 = DIRECTION('',(1.,0.,0.));
#1072 = PCURVE('',#266,#1073);
#1073 = DEFINITIONAL_REPRESENTATION('',(#1074),#1077);
#1074 = B_SPLINE_CURVE_WITH_KNOTS('',1,(#1075,#1076),.UNSPECIFIED.,.F.,
  .F.,(2,2),(29.9,31.770831300813),.PIECEWISE_BEZIER_KNOTS.);
#1075 = CARTESIAN_POINT('',(29.9,38.5));
#1076 = CARTESIAN_POINT('',(31.770831300813,38.5));
#1077 = ( GEOMETRIC_REPRESENTATION_CONTEXT(2) 
PARAMETRIC_REPRESENTATION_CONTEXT() REPRESENTATION_CONTEXT('2D SPACE',''
  ) );
#1078 = PCURVE('',#1079,#1084);
#1079 = PLANE('',#1080);
#1080 = AXIS2_PLACEMENT_3D('',#1081,#1082,#1083);
#1081 = CARTESIAN_POINT('',(9.,14.5,146.));
#1082 = DIRECTION('',(0.,1.,0.));
#1083 = DIRECTION('',(0.,0.,1.));
#1084 = DEFINITIONAL_REPRESENTATION('',(#1085),#1088);
#1085 = B_SPLINE_CURVE_WITH_KNOTS('',1,(#1086,#1087),.UNSPECIFIED.,.F.,
  .F.,(2,2),(29.9,31.770831300813),.PIECEWISE_BEZIER_KNOTS.);
#1086 = CARTESIAN_POINT('',(4.,29.9));
#1087 = CARTESIAN_POINT('',(4.,31.770831300813));
#1088 = ( GEOMETRIC_REPRESENTATION_CONTEXT(2) 
PARAMETRIC_REPRESENTATION_CONTEXT() REPRESENTATION_CONTEXT('2D SPACE',''
  ) );
#1089 = ORIENTED_EDGE('',*,*,#1090,.T.);
#1090 = EDGE_CURVE('',#1065,#1091,#1093,.T.);
#1091 = VERTEX_POINT('',#1092);
#1092 = CARTESIAN_POINT('',(38.9,-17.2,150.));
#1093 = SURFACE_CURVE('',#1094,(#1098,#1104),.PCURVE_S1.);
#1094 = LINE('',#1095,#1096);
#1095 = CARTESIAN_POINT('',(38.9,-21.1,150.));
#1096 = VECTOR('',#1097,1.);
#1097 = DIRECTION('',(0.,-1.,0.));
#1098 = PCURVE('',#266,#1099);
#1099 = DEFINITIONAL_REPRESENTATION('',(#1100),#1103);
#1100 = B_SPLINE_CURVE_WITH_KNOTS('',1,(#1101,#1102),.UNSPECIFIED.,.F.,
  .F.,(2,2),(-37.38634243989,-3.9),.PIECEWISE_BEZIER_KNOTS.);
#1101 = CARTESIAN_POINT('',(29.9,40.286342439892));
#1102 = CARTESIAN_POINT('',(29.9,6.8));
#1103 = ( GEOMETRIC_REPRESENTATION_CONTEXT(2) 
PARAMETRIC_REPRESENTATION_CONTEXT() REPRESENTATION_CONTEXT('2D SPACE',''
  ) );
#1104 = PCURVE('',#1105,#1110);
#1105 = PLANE('',#1106);
#1106 = AXIS2_PLACEMENT_3D('',#1107,#1108,#1109);
#1107 = CARTESIAN_POINT('',(38.9,-18.2,146.));
#1108 = DIRECTION('',(1.,0.,0.));
#1109 = DIRECTION('',(0.,0.,1.));
#1110 = DEFINITIONAL_REPRESENTATION('',(#1111),#1114);
#1111 = B_SPLINE_CURVE_WITH_KNOTS('',1,(#1112,#1113),.UNSPECIFIED.,.F.,
  .F.,(2,2),(-37.38634243989,-3.9),.PIECEWISE_BEZIER_KNOTS.);
#1112 = CARTESIAN_POINT('',(4.,-34.48634243989));
#1113 = CARTESIAN_POINT('',(4.,-1.));
#1114 = ( GEOMETRIC_REPRESENTATION_CONTEXT(2) 
PARAMETRIC_REPRESENTATION_CONTEXT() REPRESENTATION_CONTEXT('2D SPACE',''
  ) );
#1115 = ORIENTED_EDGE('',*,*,#1116,.F.);
#1116 = EDGE_CURVE('',#1117,#1091,#1119,.T.);
#1117 = VERTEX_POINT('',#1118);
#1118 = CARTESIAN_POINT('',(37.9,-18.2,150.));
#1119 = SURFACE_CURVE('',#1120,(#1125,#1132),.PCURVE_S1.);
#1120 = CIRCLE('',#1121,1.);
#1121 = AXIS2_PLACEMENT_3D('',#1122,#1123,#1124);
#1122 = CARTESIAN_POINT('',(37.9,-17.2,150.));
#1123 = DIRECTION('',(0.,0.,1.));
#1124 = DIRECTION('',(1.,0.,-0.));
#1125 = PCURVE('',#266,#1126);
#1126 = DEFINITIONAL_REPRESENTATION('',(#1127),#1131);
#1127 = CIRCLE('',#1128,1.);
#1128 = AXIS2_PLACEMENT_2D('',#1129,#1130);
#1129 = CARTESIAN_POINT('',(28.9,6.8));
#1130 = DIRECTION('',(1.,0.));
#1131 = ( GEOMETRIC_REPRESENTATION_CONTEXT(2) 
PARAMETRIC_REPRESENTATION_CONTEXT() REPRESENTATION_CONTEXT('2D SPACE',''
  ) );
#1132 = PCURVE('',#1133,#1138);
#1133 = CYLINDRICAL_SURFACE('',#1134,1.);
#1134 = AXIS2_PLACEMENT_3D('',#1135,#1136,#1137);
#1135 = CARTESIAN_POINT('',(37.9,-17.2,146.));
#1136 = DIRECTION('',(0.,0.,1.));
#1137 = DIRECTION('',(1.,0.,-0.));
#1138 = DEFINITIONAL_REPRESENTATION('',(#1139),#1143);
#1139 = LINE('',#1140,#1141);
#1140 = CARTESIAN_POINT('',(-6.28318530718,4.));
#1141 = VECTOR('',#1142,1.);
#1142 = DIRECTION('',(1.,-0.));
#1143 = ( GEOMETRIC_REPRESENTATION_CONTEXT(2) 
PARAMETRIC_REPRESENTATION_CONTEXT() REPRESENTATION_CONTEXT('2D SPACE',''
  ) );
#1144 = ORIENTED_EDGE('',*,*,#1145,.F.);
#1145 = EDGE_CURVE('',#1146,#1117,#1148,.T.);
#1146 = VERTEX_POINT('',#1147);
#1147 = CARTESIAN_POINT('',(13.6,-18.2,150.));
#1148 = SURFACE_CURVE('',#1149,(#1153,#1159),.PCURVE_S1.);
#1149 = LINE('',#1150,#1151);
#1150 = CARTESIAN_POINT('',(10.8,-18.2,150.));
#1151 = VECTOR('',#1152,1.);
#1152 = DIRECTION('',(1.,0.,0.));
#1153 = PCURVE('',#266,#1154);
#1154 = DEFINITIONAL_REPRESENTATION('',(#1155),#1158);
#1155 = B_SPLINE_CURVE_WITH_KNOTS('',1,(#1156,#1157),.UNSPECIFIED.,.F.,
  .F.,(2,2),(2.8,27.1),.PIECEWISE_BEZIER_KNOTS.);
#1156 = CARTESIAN_POINT('',(4.6,5.8));
#1157 = CARTESIAN_POINT('',(28.9,5.8));
#1158 = ( GEOMETRIC_REPRESENTATION_CONTEXT(2) 
PARAMETRIC_REPRESENTATION_CONTEXT() REPRESENTATION_CONTEXT('2D SPACE',''
  ) );
#1159 = PCURVE('',#772,#1160);
#1160 = DEFINITIONAL_REPRESENTATION('',(#1161),#1164);
#1161 = B_SPLINE_CURVE_WITH_KNOTS('',1,(#1162,#1163),.UNSPECIFIED.,.F.,
  .F.,(2,2),(2.8,27.1),.PIECEWISE_BEZIER_KNOTS.);
#1162 = CARTESIAN_POINT('',(4.,1.));
#1163 = CARTESIAN_POINT('',(4.,25.3));
#1164 = ( GEOMETRIC_REPRESENTATION_CONTEXT(2) 
PARAMETRIC_REPRESENTATION_CONTEXT() REPRESENTATION_CONTEXT('2D SPACE',''
  ) );
#1165 = ORIENTED_EDGE('',*,*,#1166,.F.);
#1166 = EDGE_CURVE('',#1167,#1146,#1169,.T.);
#1167 = VERTEX_POINT('',#1168);
#1168 = CARTESIAN_POINT('',(12.6,-17.2,150.));
#1169 = SURFACE_CURVE('',#1170,(#1175,#1182),.PCURVE_S1.);
#1170 = CIRCLE('',#1171,1.);
#1171 = AXIS2_PLACEMENT_3D('',#1172,#1173,#1174);
#1172 = CARTESIAN_POINT('',(13.6,-17.2,150.));
#1173 = DIRECTION('',(0.,0.,1.));
#1174 = DIRECTION('',(-1.,-0.,0.));
#1175 = PCURVE('',#266,#1176);
#1176 = DEFINITIONAL_REPRESENTATION('',(#1177),#1181);
#1177 = CIRCLE('',#1178,1.);
#1178 = AXIS2_PLACEMENT_2D('',#1179,#1180);
#1179 = CARTESIAN_POINT('',(4.6,6.8));
#1180 = DIRECTION('',(-1.,0.));
#1181 = ( GEOMETRIC_REPRESENTATION_CONTEXT(2) 
PARAMETRIC_REPRESENTATION_CONTEXT() REPRESENTATION_CONTEXT('2D SPACE',''
  ) );
#1182 = PCURVE('',#714,#1183);
#1183 = DEFINITIONAL_REPRESENTATION('',(#1184),#1188);
#1184 = LINE('',#1185,#1186);
#1185 = CARTESIAN_POINT('',(0.,4.));
#1186 = VECTOR('',#1187,1.);
#1187 = DIRECTION('',(1.,0.));
#1188 = ( GEOMETRIC_REPRESENTATION_CONTEXT(2) 
PARAMETRIC_REPRESENTATION_CONTEXT() REPRESENTATION_CONTEXT('2D SPACE',''
  ) );
#1189 = ORIENTED_EDGE('',*,*,#1190,.F.);
#1190 = EDGE_CURVE('',#1191,#1167,#1193,.T.);
#1191 = VERTEX_POINT('',#1192);
#1192 = CARTESIAN_POINT('',(12.6,14.5,150.));
#1193 = SURFACE_CURVE('',#1194,(#1198,#1204),.PCURVE_S1.);
#1194 = LINE('',#1195,#1196);
#1195 = CARTESIAN_POINT('',(12.6,-21.1,150.));
#1196 = VECTOR('',#1197,1.);
#1197 = DIRECTION('',(0.,-1.,0.));
#1198 = PCURVE('',#266,#1199);
#1199 = DEFINITIONAL_REPRESENTATION('',(#1200),#1203);
#1200 = B_SPLINE_CURVE_WITH_KNOTS('',1,(#1201,#1202),.UNSPECIFIED.,.F.,
  .F.,(2,2),(-37.43959457608,-3.9),.PIECEWISE_BEZIER_KNOTS.);
#1201 = CARTESIAN_POINT('',(3.6,40.339594576085));
#1202 = CARTESIAN_POINT('',(3.6,6.8));
#1203 = ( GEOMETRIC_REPRESENTATION_CONTEXT(2) 
PARAMETRIC_REPRESENTATION_CONTEXT() REPRESENTATION_CONTEXT('2D SPACE',''
  ) );
#1204 = PCURVE('',#343,#1205);
#1205 = DEFINITIONAL_REPRESENTATION('',(#1206),#1209);
#1206 = B_SPLINE_CURVE_WITH_KNOTS('',1,(#1207,#1208),.UNSPECIFIED.,.F.,
  .F.,(2,2),(-37.43959457608,-3.9),.PIECEWISE_BEZIER_KNOTS.);
#1207 = CARTESIAN_POINT('',(4.,-34.53959457608));
#1208 = CARTESIAN_POINT('',(4.,-1.));
#1209 = ( GEOMETRIC_REPRESENTATION_CONTEXT(2) 
PARAMETRIC_REPRESENTATION_CONTEXT() REPRESENTATION_CONTEXT('2D SPACE',''
  ) );
#1210 = ORIENTED_EDGE('',*,*,#1211,.F.);
#1211 = EDGE_CURVE('',#891,#1191,#1212,.T.);
#1212 = SURFACE_CURVE('',#1213,(#1217,#1223),.PCURVE_S1.);
#1213 = LINE('',#1214,#1215);
#1214 = CARTESIAN_POINT('',(9.,14.5,150.));
#1215 = VECTOR('',#1216,1.);
#1216 = DIRECTION('',(1.,0.,0.));
#1217 = PCURVE('',#266,#1218);
#1218 = DEFINITIONAL_REPRESENTATION('',(#1219),#1222);
#1219 = B_SPLINE_CURVE_WITH_KNOTS('',1,(#1220,#1221),.UNSPECIFIED.,.F.,
  .F.,(2,2),(1.629168699187,3.6),.PIECEWISE_BEZIER_KNOTS.);
#1220 = CARTESIAN_POINT('',(1.629168699187,38.5));
#1221 = CARTESIAN_POINT('',(3.6,38.5));
#1222 = ( GEOMETRIC_REPRESENTATION_CONTEXT(2) 
PARAMETRIC_REPRESENTATION_CONTEXT() REPRESENTATION_CONTEXT('2D SPACE',''
  ) );
#1223 = PCURVE('',#425,#1224);
#1224 = DEFINITIONAL_REPRESENTATION('',(#1225),#1228);
#1225 = B_SPLINE_CURVE_WITH_KNOTS('',1,(#1226,#1227),.UNSPECIFIED.,.F.,
  .F.,(2,2),(1.629168699187,3.6),.PIECEWISE_BEZIER_KNOTS.);
#1226 = CARTESIAN_POINT('',(4.,1.629168699187));
#1227 = CARTESIAN_POINT('',(4.,3.6));
#1228 = ( GEOMETRIC_REPRESENTATION_CONTEXT(2) 
PARAMETRIC_REPRESENTATION_CONTEXT() REPRESENTATION_CONTEXT('2D SPACE',''
  ) );
#1229 = ORIENTED_EDGE('',*,*,#890,.T.);
#1230 = ADVANCED_FACE('',(#1231),#369,.T.);
#1231 = FACE_BOUND('',#1232,.F.);
#1232 = EDGE_LOOP('',(#1233,#1234,#1262,#1311));
#1233 = ORIENTED_EDGE('',*,*,#541,.F.);
#1234 = ORIENTED_EDGE('',*,*,#1235,.F.);
#1235 = EDGE_CURVE('',#1236,#516,#1238,.T.);
#1236 = VERTEX_POINT('',#1237);
#1237 = CARTESIAN_POINT('',(12.6,14.5,209.59861084308));
#1238 = SURFACE_CURVE('',#1239,(#1244,#1251),.PCURVE_S1.);
#1239 = CIRCLE('',#1240,4.270831300813);
#1240 = AXIS2_PLACEMENT_3D('',#1241,#1242,#1243);
#1241 = CARTESIAN_POINT('',(14.9,14.5,206.));
#1242 = DIRECTION('',(-0.,-1.,-0.));
#1243 = DIRECTION('',(-1.,0.,0.));
#1244 = PCURVE('',#369,#1245);
#1245 = DEFINITIONAL_REPRESENTATION('',(#1246),#1250);
#1246 = LINE('',#1247,#1248);
#1247 = CARTESIAN_POINT('',(-6.28318530718,-0.546850950696));
#1248 = VECTOR('',#1249,1.);
#1249 = DIRECTION('',(1.,-0.));
#1250 = ( GEOMETRIC_REPRESENTATION_CONTEXT(2) 
PARAMETRIC_REPRESENTATION_CONTEXT() REPRESENTATION_CONTEXT('2D SPACE',''
  ) );
#1251 = PCURVE('',#530,#1252);
#1252 = DEFINITIONAL_REPRESENTATION('',(#1253),#1261);
#1253 = ( BOUNDED_CURVE() B_SPLINE_CURVE(2,(#1254,#1255,#1256,#1257,
#1258,#1259,#1260),.UNSPECIFIED.,.T.,.F.) B_SPLINE_CURVE_WITH_KNOTS((1,2
    ,2,2,2,1),(-2.094395102393,0.,2.094395102393,4.188790204786,
6.28318530718,8.377580409573),.UNSPECIFIED.) CURVE() 
GEOMETRIC_REPRESENTATION_ITEM() RATIONAL_B_SPLINE_CURVE((1.,0.5,1.,0.5,
1.,0.5,1.)) REPRESENTATION_ITEM('') );
#1254 = CARTESIAN_POINT('',(12.,1.629168699187));
#1255 = CARTESIAN_POINT('',(4.602703196437,1.629168699187));
#1256 = CARTESIAN_POINT('',(8.301351598219,8.035415650406));
#1257 = CARTESIAN_POINT('',(12.,14.441662601625));
#1258 = CARTESIAN_POINT('',(15.698648401781,8.035415650406));
#1259 = CARTESIAN_POINT('',(19.397296803563,1.629168699187));
#1260 = CARTESIAN_POINT('',(12.,1.629168699187));
#1261 = ( GEOMETRIC_REPRESENTATION_CONTEXT(2) 
PARAMETRIC_REPRESENTATION_CONTEXT() REPRESENTATION_CONTEXT('2D SPACE',''
  ) );
#1262 = ORIENTED_EDGE('',*,*,#1263,.T.);
#1263 = EDGE_CURVE('',#1236,#329,#1264,.T.);
#1264 = SURFACE_CURVE('',#1265,(#1270,#1304),.PCURVE_S1.);
#1265 = CIRCLE('',#1266,4.439594576085);
#1266 = AXIS2_PLACEMENT_3D('',#1267,#1268,#1269);
#1267 = CARTESIAN_POINT('',(12.6,11.9,206.));
#1268 = DIRECTION('',(1.,0.,0.));
#1269 = DIRECTION('',(-0.,0.,1.));
#1270 = PCURVE('',#369,#1271);
#1271 = DEFINITIONAL_REPRESENTATION('',(#1272),#1303);
#1272 = B_SPLINE_CURVE_WITH_KNOTS('',8,(#1273,#1274,#1275,#1276,#1277,
    #1278,#1279,#1280,#1281,#1282,#1283,#1284,#1285,#1286,#1287,#1288,
    #1289,#1290,#1291,#1292,#1293,#1294,#1295,#1296,#1297,#1298,#1299,
    #1300,#1301,#1302),.UNSPECIFIED.,.F.,.F.,(9,7,7,7,9),(4.712388980385
    ,4.908738521234,5.25235021772,5.76776776245,6.28318530718),
  .UNSPECIFIED.);
#1273 = CARTESIAN_POINT('',(0.,-1.092801128276));
#1274 = CARTESIAN_POINT('',(-4.73756715528E-02,-1.092801128276));
#1275 = CARTESIAN_POINT('',(-9.475115087862E-02,-1.091472325461));
#1276 = CARTESIAN_POINT('',(-0.141759954888,-1.088814329385));
#1277 = CARTESIAN_POINT('',(-0.188032132341,-1.084848589102));
#1278 = CARTESIAN_POINT('',(-0.233237058552,-1.079616472645));
#1279 = CARTESIAN_POINT('',(-0.277109083366,-1.073175588692));
#1280 = CARTESIAN_POINT('',(-0.319456032428,-1.065594350422));
#1281 = CARTESIAN_POINT('',(-0.431365987973,-1.041808036073));
#1282 = CARTESIAN_POINT('',(-0.497520832865,-1.023399820741));
#1283 = CARTESIAN_POINT('',(-0.557930361048,-1.002108029293));
#1284 = CARTESIAN_POINT('',(-0.612523864486,-0.978366739136));
#1285 = CARTESIAN_POINT('',(-0.661702063882,-0.952566315901));
#1286 = CARTESIAN_POINT('',(-0.705934941715,-0.925028886944));
#1287 = CARTESIAN_POINT('',(-0.745730062467,-0.896022853901));
#1288 = CARTESIAN_POINT('',(-0.835302653562,-0.820386730663));
#1289 = CARTESIAN_POINT('',(-0.880122659109,-0.772196132269));
#1290 = CARTESIAN_POINT('',(-0.917617608207,-0.72194086176));
#1291 = CARTESIAN_POINT('',(-0.949230795069,-0.670124029589));
#1292 = CARTESIAN_POINT('',(-0.975959239536,-0.617089809099));
#1293 = CARTESIAN_POINT('',(-0.998592636713,-0.563098036426));
#1294 = CARTESIAN_POINT('',(-1.017709357362,-0.50834490282));
#1295 = CARTESIAN_POINT('',(-1.049796379142,-0.397629993516));
#1296 = CARTESIAN_POINT('',(-1.062766518276,-0.341668198414));
#1297 = CARTESIAN_POINT('',(-1.073105149963,-0.285258768642));
#1298 = CARTESIAN_POINT('',(-1.081111680853,-0.228518274147));
#1299 = CARTESIAN_POINT('',(-1.086988307634,-0.171541774476));
#1300 = CARTESIAN_POINT('',(-1.090863554171,-0.114412255568));
#1301 = CARTESIAN_POINT('',(-1.092801128276,-5.720612340001E-02));
#1302 = CARTESIAN_POINT('',(-1.092801128276,-3.5527136788E-16));
#1303 = ( GEOMETRIC_REPRESENTATION_CONTEXT(2) 
PARAMETRIC_REPRESENTATION_CONTEXT() REPRESENTATION_CONTEXT('2D SPACE',''
  ) );
#1304 = PCURVE('',#343,#1305);
#1305 = DEFINITIONAL_REPRESENTATION('',(#1306),#1310);
#1306 = CIRCLE('',#1307,4.439594576085);
#1307 = AXIS2_PLACEMENT_2D('',#1308,#1309);
#1308 = CARTESIAN_POINT('',(60.,-30.1));
#1309 = DIRECTION('',(1.,0.));
#1310 = ( GEOMETRIC_REPRESENTATION_CONTEXT(2) 
PARAMETRIC_REPRESENTATION_CONTEXT() REPRESENTATION_CONTEXT('2D SPACE',''
  ) );
#1311 = ORIENTED_EDGE('',*,*,#354,.F.);
#1312 = ADVANCED_FACE('',(#1313),#343,.T.);
#1313 = FACE_BOUND('',#1314,.T.);
#1314 = EDGE_LOOP('',(#1315,#1336,#1337,#1358,#1377,#1378,#1399,#1418,
    #1419,#1420));
#1315 = ORIENTED_EDGE('',*,*,#1316,.F.);
#1316 = EDGE_CURVE('',#1167,#620,#1317,.T.);
#1317 = SURFACE_CURVE('',#1318,(#1322,#1329),.PCURVE_S1.);
#1318 = LINE('',#1319,#1320);
#1319 = CARTESIAN_POINT('',(12.6,-17.2,146.));
#1320 = VECTOR('',#1321,1.);
#1321 = DIRECTION('',(0.,0.,1.));
#1322 = PCURVE('',#343,#1323);
#1323 = DEFINITIONAL_REPRESENTATION('',(#1324),#1328);
#1324 = LINE('',#1325,#1326);
#1325 = CARTESIAN_POINT('',(0.,-1.));
#1326 = VECTOR('',#1327,1.);
#1327 = DIRECTION('',(1.,0.));
#1328 = ( GEOMETRIC_REPRESENTATION_CONTEXT(2) 
PARAMETRIC_REPRESENTATION_CONTEXT() REPRESENTATION_CONTEXT('2D SPACE',''
  ) );
#1329 = PCURVE('',#714,#1330);
#1330 = DEFINITIONAL_REPRESENTATION('',(#1331),#1335);
#1331 = LINE('',#1332,#1333);
#1332 = CARTESIAN_POINT('',(0.,0.));
#1333 = VECTOR('',#1334,1.);
#1334 = DIRECTION('',(0.,1.));
#1335 = ( GEOMETRIC_REPRESENTATION_CONTEXT(2) 
PARAMETRIC_REPRESENTATION_CONTEXT() REPRESENTATION_CONTEXT('2D SPACE',''
  ) );
#1336 = ORIENTED_EDGE('',*,*,#1190,.F.);
#1337 = ORIENTED_EDGE('',*,*,#1338,.T.);
#1338 = EDGE_CURVE('',#1191,#1339,#1341,.T.);
#1339 = VERTEX_POINT('',#1340);
#1340 = CARTESIAN_POINT('',(12.6,14.5,170.));
#1341 = SURFACE_CURVE('',#1342,(#1346,#1352),.PCURVE_S1.);
#1342 = LINE('',#1343,#1344);
#1343 = CARTESIAN_POINT('',(12.6,14.5,146.));
#1344 = VECTOR('',#1345,1.);
#1345 = DIRECTION('',(0.,0.,1.));
#1346 = PCURVE('',#343,#1347);
#1347 = DEFINITIONAL_REPRESENTATION('',(#1348),#1351);
#1348 = B_SPLINE_CURVE_WITH_KNOTS('',1,(#1349,#1350),.UNSPECIFIED.,.F.,
  .F.,(2,2),(2.560405423915,24.),.PIECEWISE_BEZIER_KNOTS.);
#1349 = CARTESIAN_POINT('',(2.560405423915,-32.7));
#1350 = CARTESIAN_POINT('',(24.,-32.7));
#1351 = ( GEOMETRIC_REPRESENTATION_CONTEXT(2) 
PARAMETRIC_REPRESENTATION_CONTEXT() REPRESENTATION_CONTEXT('2D SPACE',''
  ) );
#1352 = PCURVE('',#425,#1353);
#1353 = DEFINITIONAL_REPRESENTATION('',(#1354),#1357);
#1354 = B_SPLINE_CURVE_WITH_KNOTS('',1,(#1355,#1356),.UNSPECIFIED.,.F.,
  .F.,(2,2),(2.560405423915,24.),.PIECEWISE_BEZIER_KNOTS.);
#1355 = CARTESIAN_POINT('',(2.560405423915,3.6));
#1356 = CARTESIAN_POINT('',(24.,3.6));
#1357 = ( GEOMETRIC_REPRESENTATION_CONTEXT(2) 
PARAMETRIC_REPRESENTATION_CONTEXT() REPRESENTATION_CONTEXT('2D SPACE',''
  ) );
#1358 = ORIENTED_EDGE('',*,*,#1359,.F.);
#1359 = EDGE_CURVE('',#437,#1339,#1360,.T.);
#1360 = SURFACE_CURVE('',#1361,(#1365,#1371),.PCURVE_S1.);
#1361 = LINE('',#1362,#1363);
#1362 = CARTESIAN_POINT('',(12.6,-1.85,170.));
#1363 = VECTOR('',#1364,1.);
#1364 = DIRECTION('',(0.,-1.,0.));
#1365 = PCURVE('',#343,#1366);
#1366 = DEFINITIONAL_REPRESENTATION('',(#1367),#1370);
#1367 = B_SPLINE_CURVE_WITH_KNOTS('',1,(#1368,#1369),.UNSPECIFIED.,.F.,
  .F.,(2,2),(-18.18959457608,-16.35),.PIECEWISE_BEZIER_KNOTS.);
#1368 = CARTESIAN_POINT('',(24.,-34.53959457608));
#1369 = CARTESIAN_POINT('',(24.,-32.7));
#1370 = ( GEOMETRIC_REPRESENTATION_CONTEXT(2) 
PARAMETRIC_REPRESENTATION_CONTEXT() REPRESENTATION_CONTEXT('2D SPACE',''
  ) );
#1371 = PCURVE('',#453,#1372);
#1372 = DEFINITIONAL_REPRESENTATION('',(#1373),#1376);
#1373 = B_SPLINE_CURVE_WITH_KNOTS('',1,(#1374,#1375),.UNSPECIFIED.,.F.,
  .F.,(2,2),(-18.18959457608,-16.35),.PIECEWISE_BEZIER_KNOTS.);
#1374 = CARTESIAN_POINT('',(3.6,1.839594576085));
#1375 = CARTESIAN_POINT('',(3.6,0.));
#1376 = ( GEOMETRIC_REPRESENTATION_CONTEXT(2) 
PARAMETRIC_REPRESENTATION_CONTEXT() REPRESENTATION_CONTEXT('2D SPACE',''
  ) );
#1377 = ORIENTED_EDGE('',*,*,#465,.T.);
#1378 = ORIENTED_EDGE('',*,*,#1379,.T.);
#1379 = EDGE_CURVE('',#466,#1380,#1382,.T.);
#1380 = VERTEX_POINT('',#1381);
#1381 = CARTESIAN_POINT('',(12.6,14.5,194.));
#1382 = SURFACE_CURVE('',#1383,(#1387,#1393),.PCURVE_S1.);
#1383 = LINE('',#1384,#1385);
#1384 = CARTESIAN_POINT('',(12.6,-1.85,194.));
#1385 = VECTOR('',#1386,1.);
#1386 = DIRECTION('',(0.,-1.,0.));
#1387 = PCURVE('',#343,#1388);
#1388 = DEFINITIONAL_REPRESENTATION('',(#1389),#1392);
#1389 = B_SPLINE_CURVE_WITH_KNOTS('',1,(#1390,#1391),.UNSPECIFIED.,.F.,
  .F.,(2,2),(-18.18959457608,-16.35),.PIECEWISE_BEZIER_KNOTS.);
#1390 = CARTESIAN_POINT('',(48.,-34.53959457608));
#1391 = CARTESIAN_POINT('',(48.,-32.7));
#1392 = ( GEOMETRIC_REPRESENTATION_CONTEXT(2) 
PARAMETRIC_REPRESENTATION_CONTEXT() REPRESENTATION_CONTEXT('2D SPACE',''
  ) );
#1393 = PCURVE('',#503,#1394);
#1394 = DEFINITIONAL_REPRESENTATION('',(#1395),#1398);
#1395 = B_SPLINE_CURVE_WITH_KNOTS('',1,(#1396,#1397),.UNSPECIFIED.,.F.,
  .F.,(2,2),(-18.18959457608,-16.35),.PIECEWISE_BEZIER_KNOTS.);
#1396 = CARTESIAN_POINT('',(3.6,1.839594576085));
#1397 = CARTESIAN_POINT('',(3.6,0.));
#1398 = ( GEOMETRIC_REPRESENTATION_CONTEXT(2) 
PARAMETRIC_REPRESENTATION_CONTEXT() REPRESENTATION_CONTEXT('2D SPACE',''
  ) );
#1399 = ORIENTED_EDGE('',*,*,#1400,.T.);
#1400 = EDGE_CURVE('',#1380,#1236,#1401,.T.);
#1401 = SURFACE_CURVE('',#1402,(#1406,#1412),.PCURVE_S1.);
#1402 = LINE('',#1403,#1404);
#1403 = CARTESIAN_POINT('',(12.6,14.5,170.));
#1404 = VECTOR('',#1405,1.);
#1405 = DIRECTION('',(0.,0.,1.));
#1406 = PCURVE('',#343,#1407);
#1407 = DEFINITIONAL_REPRESENTATION('',(#1408),#1411);
#1408 = B_SPLINE_CURVE_WITH_KNOTS('',1,(#1409,#1410),.UNSPECIFIED.,.F.,
  .F.,(2,2),(24.,40.439594576085),.PIECEWISE_BEZIER_KNOTS.);
#1409 = CARTESIAN_POINT('',(48.,-32.7));
#1410 = CARTESIAN_POINT('',(64.439594576085,-32.7));
#1411 = ( GEOMETRIC_REPRESENTATION_CONTEXT(2) 
PARAMETRIC_REPRESENTATION_CONTEXT() REPRESENTATION_CONTEXT('2D SPACE',''
  ) );
#1412 = PCURVE('',#530,#1413);
#1413 = DEFINITIONAL_REPRESENTATION('',(#1414),#1417);
#1414 = B_SPLINE_CURVE_WITH_KNOTS('',1,(#1415,#1416),.UNSPECIFIED.,.F.,
  .F.,(2,2),(24.,40.439594576085),.PIECEWISE_BEZIER_KNOTS.);
#1415 = CARTESIAN_POINT('',(0.,3.6));
#1416 = CARTESIAN_POINT('',(16.439594576085,3.6));
#1417 = ( GEOMETRIC_REPRESENTATION_CONTEXT(2) 
PARAMETRIC_REPRESENTATION_CONTEXT() REPRESENTATION_CONTEXT('2D SPACE',''
  ) );
#1418 = ORIENTED_EDGE('',*,*,#1263,.T.);
#1419 = ORIENTED_EDGE('',*,*,#328,.F.);
#1420 = ORIENTED_EDGE('',*,*,#619,.T.);
#1421 = ADVANCED_FACE('',(#1422),#530,.T.);
#1422 = FACE_BOUND('',#1423,.T.);
#1423 = EDGE_LOOP('',(#1424,#1445,#1446,#1447));
#1424 = ORIENTED_EDGE('',*,*,#1425,.F.);
#1425 = EDGE_CURVE('',#487,#1380,#1426,.T.);
#1426 = SURFACE_CURVE('',#1427,(#1431,#1438),.PCURVE_S1.);
#1427 = LINE('',#1428,#1429);
#1428 = CARTESIAN_POINT('',(9.,14.5,194.));
#1429 = VECTOR('',#1430,1.);
#1430 = DIRECTION('',(1.,0.,0.));
#1431 = PCURVE('',#530,#1432);
#1432 = DEFINITIONAL_REPRESENTATION('',(#1433),#1437);
#1433 = LINE('',#1434,#1435);
#1434 = CARTESIAN_POINT('',(0.,0.));
#1435 = VECTOR('',#1436,1.);
#1436 = DIRECTION('',(0.,1.));
#1437 = ( GEOMETRIC_REPRESENTATION_CONTEXT(2) 
PARAMETRIC_REPRESENTATION_CONTEXT() REPRESENTATION_CONTEXT('2D SPACE',''
  ) );
#1438 = PCURVE('',#503,#1439);
#1439 = DEFINITIONAL_REPRESENTATION('',(#1440),#1444);
#1440 = LINE('',#1441,#1442);
#1441 = CARTESIAN_POINT('',(0.,0.));
#1442 = VECTOR('',#1443,1.);
#1443 = DIRECTION('',(1.,0.));
#1444 = ( GEOMETRIC_REPRESENTATION_CONTEXT(2) 
PARAMETRIC_REPRESENTATION_CONTEXT() REPRESENTATION_CONTEXT('2D SPACE',''
  ) );
#1445 = ORIENTED_EDGE('',*,*,#515,.T.);
#1446 = ORIENTED_EDGE('',*,*,#1235,.F.);
#1447 = ORIENTED_EDGE('',*,*,#1400,.F.);
#1448 = ADVANCED_FACE('',(#1449),#503,.T.);
#1449 = FACE_BOUND('',#1450,.T.);
#1450 = EDGE_LOOP('',(#1451,#1452,#1453));
#1451 = ORIENTED_EDGE('',*,*,#486,.T.);
#1452 = ORIENTED_EDGE('',*,*,#1425,.T.);
#1453 = ORIENTED_EDGE('',*,*,#1379,.F.);
#1454 = ADVANCED_FACE('',(#1455),#453,.F.);
#1455 = FACE_BOUND('',#1456,.F.);
#1456 = EDGE_LOOP('',(#1457,#1458,#1479));
#1457 = ORIENTED_EDGE('',*,*,#436,.T.);
#1458 = ORIENTED_EDGE('',*,*,#1459,.T.);
#1459 = EDGE_CURVE('',#411,#1339,#1460,.T.);
#1460 = SURFACE_CURVE('',#1461,(#1465,#1472),.PCURVE_S1.);
#1461 = LINE('',#1462,#1463);
#1462 = CARTESIAN_POINT('',(9.,14.5,170.));
#1463 = VECTOR('',#1464,1.);
#1464 = DIRECTION('',(1.,0.,0.));
#1465 = PCURVE('',#453,#1466);
#1466 = DEFINITIONAL_REPRESENTATION('',(#1467),#1471);
#1467 = LINE('',#1468,#1469);
#1468 = CARTESIAN_POINT('',(0.,0.));
#1469 = VECTOR('',#1470,1.);
#1470 = DIRECTION('',(1.,0.));
#1471 = ( GEOMETRIC_REPRESENTATION_CONTEXT(2) 
PARAMETRIC_REPRESENTATION_CONTEXT() REPRESENTATION_CONTEXT('2D SPACE',''
  ) );
#1472 = PCURVE('',#425,#1473);
#1473 = DEFINITIONAL_REPRESENTATION('',(#1474),#1478);
#1474 = LINE('',#1475,#1476);
#1475 = CARTESIAN_POINT('',(24.,0.));
#1476 = VECTOR('',#1477,1.);
#1477 = DIRECTION('',(0.,1.));
#1478 = ( GEOMETRIC_REPRESENTATION_CONTEXT(2) 
PARAMETRIC_REPRESENTATION_CONTEXT() REPRESENTATION_CONTEXT('2D SPACE',''
  ) );
#1479 = ORIENTED_EDGE('',*,*,#1359,.F.);
#1480 = ADVANCED_FACE('',(#1481),#425,.T.);
#1481 = FACE_BOUND('',#1482,.T.);
#1482 = EDGE_LOOP('',(#1483,#1484,#1485,#1486,#1487));
#1483 = ORIENTED_EDGE('',*,*,#914,.T.);
#1484 = ORIENTED_EDGE('',*,*,#410,.T.);
#1485 = ORIENTED_EDGE('',*,*,#1459,.T.);
#1486 = ORIENTED_EDGE('',*,*,#1338,.F.);
#1487 = ORIENTED_EDGE('',*,*,#1211,.F.);
#1488 = ADVANCED_FACE('',(#1489),#603,.T.);
#1489 = FACE_BOUND('',#1490,.T.);
#1490 = EDGE_LOOP('',(#1491,#1492,#1493,#1513));
#1491 = ORIENTED_EDGE('',*,*,#589,.F.);
#1492 = ORIENTED_EDGE('',*,*,#959,.T.);
#1493 = ORIENTED_EDGE('',*,*,#1494,.T.);
#1494 = EDGE_CURVE('',#960,#838,#1495,.T.);
#1495 = SURFACE_CURVE('',#1496,(#1501,#1507),.PCURVE_S1.);
#1496 = CIRCLE('',#1497,5.);
#1497 = AXIS2_PLACEMENT_3D('',#1498,#1499,#1500);
#1498 = CARTESIAN_POINT('',(36.5,-15.5,153.));
#1499 = DIRECTION('',(-1.,-6.123233995737E-17,0.));
#1500 = DIRECTION('',(6.123233995737E-17,-1.,-0.));
#1501 = PCURVE('',#603,#1502);
#1502 = DEFINITIONAL_REPRESENTATION('',(#1503),#1506);
#1503 = B_SPLINE_CURVE_WITH_KNOTS('',1,(#1504,#1505),.UNSPECIFIED.,.F.,
  .F.,(2,2),(4.712388980385,6.28318530718),.PIECEWISE_BEZIER_KNOTS.);
#1504 = CARTESIAN_POINT('',(1.570796326795,26.6));
#1505 = CARTESIAN_POINT('',(0.,26.6));
#1506 = ( GEOMETRIC_REPRESENTATION_CONTEXT(2) 
PARAMETRIC_REPRESENTATION_CONTEXT() REPRESENTATION_CONTEXT('2D SPACE',''
  ) );
#1507 = PCURVE('',#997,#1508);
#1508 = DEFINITIONAL_REPRESENTATION('',(#1509),#1512);
#1509 = B_SPLINE_CURVE_WITH_KNOTS('',1,(#1510,#1511),.UNSPECIFIED.,.F.,
  .F.,(2,2),(4.712388980385,6.28318530718),.PIECEWISE_BEZIER_KNOTS.);
#1510 = CARTESIAN_POINT('',(-1.570796326795,-1.570796326795));
#1511 = CARTESIAN_POINT('',(-1.570796326795,0.));
#1512 = ( GEOMETRIC_REPRESENTATION_CONTEXT(2) 
PARAMETRIC_REPRESENTATION_CONTEXT() REPRESENTATION_CONTEXT('2D SPACE',''
  ) );
#1513 = ORIENTED_EDGE('',*,*,#865,.F.);
#1514 = ADVANCED_FACE('',(#1515),#798,.T.);
#1515 = FACE_BOUND('',#1516,.F.);
#1516 = EDGE_LOOP('',(#1517,#1518,#1539,#1564));
#1517 = ORIENTED_EDGE('',*,*,#784,.F.);
#1518 = ORIENTED_EDGE('',*,*,#1519,.T.);
#1519 = EDGE_CURVE('',#750,#1520,#1522,.T.);
#1520 = VERTEX_POINT('',#1521);
#1521 = CARTESIAN_POINT('',(36.5,-18.2,210.2083250825));
#1522 = SURFACE_CURVE('',#1523,(#1527,#1533),.PCURVE_S1.);
#1523 = LINE('',#1524,#1525);
#1524 = CARTESIAN_POINT('',(9.9,-18.2,210.2083250825));
#1525 = VECTOR('',#1526,1.);
#1526 = DIRECTION('',(1.,0.,0.));
#1527 = PCURVE('',#798,#1528);
#1528 = DEFINITIONAL_REPRESENTATION('',(#1529),#1532);
#1529 = B_SPLINE_CURVE_WITH_KNOTS('',1,(#1530,#1531),.UNSPECIFIED.,.F.,
  .F.,(2,2),(4.9999994,26.6000006),.PIECEWISE_BEZIER_KNOTS.);
#1530 = CARTESIAN_POINT('',(-1.000359217395,4.9999994));
#1531 = CARTESIAN_POINT('',(-1.000359217395,26.6000006));
#1532 = ( GEOMETRIC_REPRESENTATION_CONTEXT(2) 
PARAMETRIC_REPRESENTATION_CONTEXT() REPRESENTATION_CONTEXT('2D SPACE',''
  ) );
#1533 = PCURVE('',#772,#1534);
#1534 = DEFINITIONAL_REPRESENTATION('',(#1535),#1538);
#1535 = B_SPLINE_CURVE_WITH_KNOTS('',1,(#1536,#1537),.UNSPECIFIED.,.F.,
  .F.,(2,2),(4.9999994,26.6000006),.PIECEWISE_BEZIER_KNOTS.);
#1536 = CARTESIAN_POINT('',(64.2083250825,2.2999994));
#1537 = CARTESIAN_POINT('',(64.2083250825,23.9000006));
#1538 = ( GEOMETRIC_REPRESENTATION_CONTEXT(2) 
PARAMETRIC_REPRESENTATION_CONTEXT() REPRESENTATION_CONTEXT('2D SPACE',''
  ) );
#1539 = ORIENTED_EDGE('',*,*,#1540,.T.);
#1540 = EDGE_CURVE('',#1520,#815,#1541,.T.);
#1541 = SURFACE_CURVE('',#1542,(#1547,#1553),.PCURVE_S1.);
#1542 = CIRCLE('',#1543,5.);
#1543 = AXIS2_PLACEMENT_3D('',#1544,#1545,#1546);
#1544 = CARTESIAN_POINT('',(36.5,-15.5,206.));
#1545 = DIRECTION('',(1.,6.123233995737E-17,0.));
#1546 = DIRECTION('',(6.123233995737E-17,-1.,0.));
#1547 = PCURVE('',#798,#1548);
#1548 = DEFINITIONAL_REPRESENTATION('',(#1549),#1552);
#1549 = B_SPLINE_CURVE_WITH_KNOTS('',1,(#1550,#1551),.UNSPECIFIED.,.F.,
  .F.,(2,2),(4.712388980385,6.28318530718),.PIECEWISE_BEZIER_KNOTS.);
#1550 = CARTESIAN_POINT('',(-1.570796326795,26.6));
#1551 = CARTESIAN_POINT('',(0.,26.6));
#1552 = ( GEOMETRIC_REPRESENTATION_CONTEXT(2) 
PARAMETRIC_REPRESENTATION_CONTEXT() REPRESENTATION_CONTEXT('2D SPACE',''
  ) );
#1553 = PCURVE('',#1554,#1559);
#1554 = SPHERICAL_SURFACE('',#1555,5.);
#1555 = AXIS2_PLACEMENT_3D('',#1556,#1557,#1558);
#1556 = CARTESIAN_POINT('',(36.5,-15.5,206.));
#1557 = DIRECTION('',(-0.,-0.,-1.));
#1558 = DIRECTION('',(1.,0.,0.));
#1559 = DEFINITIONAL_REPRESENTATION('',(#1560),#1563);
#1560 = B_SPLINE_CURVE_WITH_KNOTS('',1,(#1561,#1562),.UNSPECIFIED.,.F.,
  .F.,(2,2),(4.712388980385,6.28318530718),.PIECEWISE_BEZIER_KNOTS.);
#1561 = CARTESIAN_POINT('',(1.570796326795,-1.570796326795));
#1562 = CARTESIAN_POINT('',(1.570796326795,0.));
#1563 = ( GEOMETRIC_REPRESENTATION_CONTEXT(2) 
PARAMETRIC_REPRESENTATION_CONTEXT() REPRESENTATION_CONTEXT('2D SPACE',''
  ) );
#1564 = ORIENTED_EDGE('',*,*,#814,.F.);
#1565 = ADVANCED_FACE('',(#1566),#772,.T.);
#1566 = FACE_BOUND('',#1567,.T.);
#1567 = EDGE_LOOP('',(#1568,#1569,#1590,#1591,#1592,#1622));
#1568 = ORIENTED_EDGE('',*,*,#1145,.F.);
#1569 = ORIENTED_EDGE('',*,*,#1570,.T.);
#1570 = EDGE_CURVE('',#1146,#653,#1571,.T.);
#1571 = SURFACE_CURVE('',#1572,(#1576,#1583),.PCURVE_S1.);
#1572 = LINE('',#1573,#1574);
#1573 = CARTESIAN_POINT('',(13.6,-18.2,146.));
#1574 = VECTOR('',#1575,1.);
#1575 = DIRECTION('',(0.,0.,1.));
#1576 = PCURVE('',#772,#1577);
#1577 = DEFINITIONAL_REPRESENTATION('',(#1578),#1582);
#1578 = LINE('',#1579,#1580);
#1579 = CARTESIAN_POINT('',(0.,1.));
#1580 = VECTOR('',#1581,1.);
#1581 = DIRECTION('',(1.,0.));
#1582 = ( GEOMETRIC_REPRESENTATION_CONTEXT(2) 
PARAMETRIC_REPRESENTATION_CONTEXT() REPRESENTATION_CONTEXT('2D SPACE',''
  ) );
#1583 = PCURVE('',#714,#1584);
#1584 = DEFINITIONAL_REPRESENTATION('',(#1585),#1589);
#1585 = LINE('',#1586,#1587);
#1586 = CARTESIAN_POINT('',(1.570796326795,0.));
#1587 = VECTOR('',#1588,1.);
#1588 = DIRECTION('',(0.,1.));
#1589 = ( GEOMETRIC_REPRESENTATION_CONTEXT(2) 
PARAMETRIC_REPRESENTATION_CONTEXT() REPRESENTATION_CONTEXT('2D SPACE',''
  ) );
#1590 = ORIENTED_EDGE('',*,*,#749,.T.);
#1591 = ORIENTED_EDGE('',*,*,#1519,.T.);
#1592 = ORIENTED_EDGE('',*,*,#1593,.T.);
#1593 = EDGE_CURVE('',#1520,#1594,#1596,.T.);
#1594 = VERTEX_POINT('',#1595);
#1595 = CARTESIAN_POINT('',(37.9,-18.2,209.96862696659));
#1596 = SURFACE_CURVE('',#1597,(#1602,#1609),.PCURVE_S1.);
#1597 = CIRCLE('',#1598,4.2083250825);
#1598 = AXIS2_PLACEMENT_3D('',#1599,#1600,#1601);
#1599 = CARTESIAN_POINT('',(36.5,-18.2,206.));
#1600 = DIRECTION('',(0.,1.,0.));
#1601 = DIRECTION('',(0.,-0.,1.));
#1602 = PCURVE('',#772,#1603);
#1603 = DEFINITIONAL_REPRESENTATION('',(#1604),#1608);
#1604 = CIRCLE('',#1605,4.2083250825);
#1605 = AXIS2_PLACEMENT_2D('',#1606,#1607);
#1606 = CARTESIAN_POINT('',(60.,23.9));
#1607 = DIRECTION('',(1.,0.));
#1608 = ( GEOMETRIC_REPRESENTATION_CONTEXT(2) 
PARAMETRIC_REPRESENTATION_CONTEXT() REPRESENTATION_CONTEXT('2D SPACE',''
  ) );
#1609 = PCURVE('',#1554,#1610);
#1610 = DEFINITIONAL_REPRESENTATION('',(#1611),#1621);
#1611 = B_SPLINE_CURVE_WITH_KNOTS('',8,(#1612,#1613,#1614,#1615,#1616,
    #1617,#1618,#1619,#1620),.UNSPECIFIED.,.F.,.F.,(9,9),(0.,
    0.339137581931),.PIECEWISE_BEZIER_KNOTS.);
#1612 = CARTESIAN_POINT('',(1.570796326795,-1.000359217395));
#1613 = CARTESIAN_POINT('',(1.504722197514,-1.000359217395));
#1614 = CARTESIAN_POINT('',(1.438648159536,-0.997158020057));
#1615 = CARTESIAN_POINT('',(1.373633509,-0.99075583997));
#1616 = CARTESIAN_POINT('',(1.310741295503,-0.981253429403));
#1617 = CARTESIAN_POINT('',(1.250826208601,-0.968857132331));
#1618 = CARTESIAN_POINT('',(1.194356304126,-0.95382487241));
#1619 = CARTESIAN_POINT('',(1.141551442622,-0.936423121111));
#1620 = CARTESIAN_POINT('',(1.092443895416,-0.916909264852));
#1621 = ( GEOMETRIC_REPRESENTATION_CONTEXT(2) 
PARAMETRIC_REPRESENTATION_CONTEXT() REPRESENTATION_CONTEXT('2D SPACE',''
  ) );
#1622 = ORIENTED_EDGE('',*,*,#1623,.F.);
#1623 = EDGE_CURVE('',#1117,#1594,#1624,.T.);
#1624 = SURFACE_CURVE('',#1625,(#1629,#1636),.PCURVE_S1.);
#1625 = LINE('',#1626,#1627);
#1626 = CARTESIAN_POINT('',(37.9,-18.2,146.));
#1627 = VECTOR('',#1628,1.);
#1628 = DIRECTION('',(0.,0.,1.));
#1629 = PCURVE('',#772,#1630);
#1630 = DEFINITIONAL_REPRESENTATION('',(#1631),#1635);
#1631 = LINE('',#1632,#1633);
#1632 = CARTESIAN_POINT('',(0.,25.3));
#1633 = VECTOR('',#1634,1.);
#1634 = DIRECTION('',(1.,0.));
#1635 = ( GEOMETRIC_REPRESENTATION_CONTEXT(2) 
PARAMETRIC_REPRESENTATION_CONTEXT() REPRESENTATION_CONTEXT('2D SPACE',''
  ) );
#1636 = PCURVE('',#1133,#1637);
#1637 = DEFINITIONAL_REPRESENTATION('',(#1638),#1642);
#1638 = LINE('',#1639,#1640);
#1639 = CARTESIAN_POINT('',(-1.570796326795,0.));
#1640 = VECTOR('',#1641,1.);
#1641 = DIRECTION('',(-0.,1.));
#1642 = ( GEOMETRIC_REPRESENTATION_CONTEXT(2) 
PARAMETRIC_REPRESENTATION_CONTEXT() REPRESENTATION_CONTEXT('2D SPACE',''
  ) );
#1643 = ADVANCED_FACE('',(#1644),#714,.F.);
#1644 = FACE_BOUND('',#1645,.F.);
#1645 = EDGE_LOOP('',(#1646,#1647,#1648,#1649));
#1646 = ORIENTED_EDGE('',*,*,#1316,.F.);
#1647 = ORIENTED_EDGE('',*,*,#1166,.T.);
#1648 = ORIENTED_EDGE('',*,*,#1570,.T.);
#1649 = ORIENTED_EDGE('',*,*,#652,.F.);
#1650 = ADVANCED_FACE('',(#1651),#853,.T.);
#1651 = FACE_BOUND('',#1652,.F.);
#1652 = EDGE_LOOP('',(#1653,#1683,#1705,#1706));
#1653 = ORIENTED_EDGE('',*,*,#1654,.F.);
#1654 = EDGE_CURVE('',#1655,#1657,#1659,.T.);
#1655 = VERTEX_POINT('',#1656);
#1656 = CARTESIAN_POINT('',(41.5,-15.5,153.));
#1657 = VERTEX_POINT('',#1658);
#1658 = CARTESIAN_POINT('',(41.5,-15.5,206.));
#1659 = SURFACE_CURVE('',#1660,(#1664,#1671),.PCURVE_S1.);
#1660 = LINE('',#1661,#1662);
#1661 = CARTESIAN_POINT('',(41.5,-15.5,148.));
#1662 = VECTOR('',#1663,1.);
#1663 = DIRECTION('',(0.,0.,1.));
#1664 = PCURVE('',#853,#1665);
#1665 = DEFINITIONAL_REPRESENTATION('',(#1666),#1670);
#1666 = LINE('',#1667,#1668);
#1667 = CARTESIAN_POINT('',(-0.,0.));
#1668 = VECTOR('',#1669,1.);
#1669 = DIRECTION('',(-0.,1.));
#1670 = ( GEOMETRIC_REPRESENTATION_CONTEXT(2) 
PARAMETRIC_REPRESENTATION_CONTEXT() REPRESENTATION_CONTEXT('2D SPACE',''
  ) );
#1671 = PCURVE('',#1672,#1677);
#1672 = PLANE('',#1673);
#1673 = AXIS2_PLACEMENT_3D('',#1674,#1675,#1676);
#1674 = CARTESIAN_POINT('',(41.5,-20.5,148.));
#1675 = DIRECTION('',(1.,0.,0.));
#1676 = DIRECTION('',(0.,0.,1.));
#1677 = DEFINITIONAL_REPRESENTATION('',(#1678),#1682);
#1678 = LINE('',#1679,#1680);
#1679 = CARTESIAN_POINT('',(0.,-5.));
#1680 = VECTOR('',#1681,1.);
#1681 = DIRECTION('',(1.,0.));
#1682 = ( GEOMETRIC_REPRESENTATION_CONTEXT(2) 
PARAMETRIC_REPRESENTATION_CONTEXT() REPRESENTATION_CONTEXT('2D SPACE',''
  ) );
#1683 = ORIENTED_EDGE('',*,*,#1684,.T.);
#1684 = EDGE_CURVE('',#1655,#838,#1685,.T.);
#1685 = SURFACE_CURVE('',#1686,(#1691,#1698),.PCURVE_S1.);
#1686 = CIRCLE('',#1687,5.);
#1687 = AXIS2_PLACEMENT_3D('',#1688,#1689,#1690);
#1688 = CARTESIAN_POINT('',(36.5,-15.5,153.));
#1689 = DIRECTION('',(0.,-0.,-1.));
#1690 = DIRECTION('',(1.,0.,-0.));
#1691 = PCURVE('',#853,#1692);
#1692 = DEFINITIONAL_REPRESENTATION('',(#1693),#1697);
#1693 = LINE('',#1694,#1695);
#1694 = CARTESIAN_POINT('',(-0.,5.));
#1695 = VECTOR('',#1696,1.);
#1696 = DIRECTION('',(-1.,0.));
#1697 = ( GEOMETRIC_REPRESENTATION_CONTEXT(2) 
PARAMETRIC_REPRESENTATION_CONTEXT() REPRESENTATION_CONTEXT('2D SPACE',''
  ) );
#1698 = PCURVE('',#997,#1699);
#1699 = DEFINITIONAL_REPRESENTATION('',(#1700),#1704);
#1700 = LINE('',#1701,#1702);
#1701 = CARTESIAN_POINT('',(-0.,0.));
#1702 = VECTOR('',#1703,1.);
#1703 = DIRECTION('',(-1.,0.));
#1704 = ( GEOMETRIC_REPRESENTATION_CONTEXT(2) 
PARAMETRIC_REPRESENTATION_CONTEXT() REPRESENTATION_CONTEXT('2D SPACE',''
  ) );
#1705 = ORIENTED_EDGE('',*,*,#837,.T.);
#1706 = ORIENTED_EDGE('',*,*,#1707,.F.);
#1707 = EDGE_CURVE('',#1657,#815,#1708,.T.);
#1708 = SURFACE_CURVE('',#1709,(#1714,#1721),.PCURVE_S1.);
#1709 = CIRCLE('',#1710,5.);
#1710 = AXIS2_PLACEMENT_3D('',#1711,#1712,#1713);
#1711 = CARTESIAN_POINT('',(36.5,-15.5,206.));
#1712 = DIRECTION('',(0.,0.,-1.));
#1713 = DIRECTION('',(1.,0.,0.));
#1714 = PCURVE('',#853,#1715);
#1715 = DEFINITIONAL_REPRESENTATION('',(#1716),#1720);
#1716 = LINE('',#1717,#1718);
#1717 = CARTESIAN_POINT('',(-0.,58.));
#1718 = VECTOR('',#1719,1.);
#1719 = DIRECTION('',(-1.,0.));
#1720 = ( GEOMETRIC_REPRESENTATION_CONTEXT(2) 
PARAMETRIC_REPRESENTATION_CONTEXT() REPRESENTATION_CONTEXT('2D SPACE',''
  ) );
#1721 = PCURVE('',#1554,#1722);
#1722 = DEFINITIONAL_REPRESENTATION('',(#1723),#1727);
#1723 = LINE('',#1724,#1725);
#1724 = CARTESIAN_POINT('',(0.,0.));
#1725 = VECTOR('',#1726,1.);
#1726 = DIRECTION('',(1.,0.));
#1727 = ( GEOMETRIC_REPRESENTATION_CONTEXT(2) 
PARAMETRIC_REPRESENTATION_CONTEXT() REPRESENTATION_CONTEXT('2D SPACE',''
  ) );
#1728 = ADVANCED_FACE('',(#1729),#1133,.F.);
#1729 = FACE_BOUND('',#1730,.T.);
#1730 = EDGE_LOOP('',(#1731,#1754,#1755,#1756));
#1731 = ORIENTED_EDGE('',*,*,#1732,.F.);
#1732 = EDGE_CURVE('',#1091,#1733,#1735,.T.);
#1733 = VERTEX_POINT('',#1734);
#1734 = CARTESIAN_POINT('',(38.9,-17.2,210.04351332383));
#1735 = SURFACE_CURVE('',#1736,(#1740,#1747),.PCURVE_S1.);
#1736 = LINE('',#1737,#1738);
#1737 = CARTESIAN_POINT('',(38.9,-17.2,146.));
#1738 = VECTOR('',#1739,1.);
#1739 = DIRECTION('',(0.,0.,1.));
#1740 = PCURVE('',#1133,#1741);
#1741 = DEFINITIONAL_REPRESENTATION('',(#1742),#1746);
#1742 = LINE('',#1743,#1744);
#1743 = CARTESIAN_POINT('',(-0.,0.));
#1744 = VECTOR('',#1745,1.);
#1745 = DIRECTION('',(-0.,1.));
#1746 = ( GEOMETRIC_REPRESENTATION_CONTEXT(2) 
PARAMETRIC_REPRESENTATION_CONTEXT() REPRESENTATION_CONTEXT('2D SPACE',''
  ) );
#1747 = PCURVE('',#1105,#1748);
#1748 = DEFINITIONAL_REPRESENTATION('',(#1749),#1753);
#1749 = LINE('',#1750,#1751);
#1750 = CARTESIAN_POINT('',(0.,-1.));
#1751 = VECTOR('',#1752,1.);
#1752 = DIRECTION('',(1.,0.));
#1753 = ( GEOMETRIC_REPRESENTATION_CONTEXT(2) 
PARAMETRIC_REPRESENTATION_CONTEXT() REPRESENTATION_CONTEXT('2D SPACE',''
  ) );
#1754 = ORIENTED_EDGE('',*,*,#1116,.F.);
#1755 = ORIENTED_EDGE('',*,*,#1623,.T.);
#1756 = ORIENTED_EDGE('',*,*,#1757,.F.);
#1757 = EDGE_CURVE('',#1733,#1594,#1758,.T.);
#1758 = SURFACE_CURVE('',#1759,(#1786,#1816),.PCURVE_S1.);
#1759 = B_SPLINE_CURVE_WITH_KNOTS('',5,(#1760,#1761,#1762,#1763,#1764,
    #1765,#1766,#1767,#1768,#1769,#1770,#1771,#1772,#1773,#1774,#1775,
    #1776,#1777,#1778,#1779,#1780,#1781,#1782,#1783,#1784,#1785),
  .UNSPECIFIED.,.F.,.F.,(6,4,4,4,4,4,6),(0.,0.244401759581,0.35279349543
    ,0.563354480924,0.746100030436,0.835868718846,1.),.UNSPECIFIED.);
#1760 = CARTESIAN_POINT('',(38.9,-17.2,210.04351332383));
#1761 = CARTESIAN_POINT('',(38.9,-17.27297246203,210.01283376981));
#1762 = CARTESIAN_POINT('',(38.893343457395,-17.34661680567,
    209.98388566647));
#1763 = CARTESIAN_POINT('',(38.879787022615,-17.4202628095,
    209.95709958068));
#1764 = CARTESIAN_POINT('',(38.859122681376,-17.49306331686,
    209.93299864435));
#1765 = CARTESIAN_POINT('',(38.819097288938,-17.59547623981,
    209.90281877024));
#1766 = CARTESIAN_POINT('',(38.80541131675,-17.6265761872,
    209.89417449309));
#1767 = CARTESIAN_POINT('',(38.790340578931,-17.65722120109,
    209.88620357575));
#1768 = CARTESIAN_POINT('',(38.773902210408,-17.68731728097,
    209.87894796647));
#1769 = CARTESIAN_POINT('',(38.7215958748,-17.77397320642,
    209.85981633834));
#1770 = CARTESIAN_POINT('',(38.682013150498,-17.82874915135,
    209.85002844963));
#1771 = CARTESIAN_POINT('',(38.637621646207,-17.88035102661,
    209.84336785223));
#1772 = CARTESIAN_POINT('',(38.588870014366,-17.92806375026,
    209.84001916795));
#1773 = CARTESIAN_POINT('',(38.490955425096,-18.00885766769,
    209.83994905443));
#1774 = CARTESIAN_POINT('',(38.442687284359,-18.04304768718,
    209.84241056294));
#1775 = CARTESIAN_POINT('',(38.392093391722,-18.07351679472,
    209.84736770925));
#1776 = CARTESIAN_POINT('',(38.339680693346,-18.10003978849,
    209.85471794654));
#1777 = CARTESIAN_POINT('',(38.259575193301,-18.13355442369,
    209.86899554639));
#1778 = CARTESIAN_POINT('',(38.23287121073,-18.14361810782,
    209.87423576442));
#1779 = CARTESIAN_POINT('',(38.205910093696,-18.1526942963,
    209.87999308574));
#1780 = CARTESIAN_POINT('',(38.178748672463,-18.16077843431,
    209.88624526144));
#1781 = CARTESIAN_POINT('',(38.10151289041,-18.18084332918,
    209.90525897504));
#1782 = CARTESIAN_POINT('',(38.051096335874,-18.19050408242,
    209.91912272083));
#1783 = CARTESIAN_POINT('',(38.000520738817,-18.19686567856,
    209.93441093636));
#1784 = CARTESIAN_POINT('',(37.950074077557,-18.2,209.95096249241));
#1785 = CARTESIAN_POINT('',(37.9,-18.2,209.96862696659));
#1786 = PCURVE('',#1133,#1787);
#1787 = DEFINITIONAL_REPRESENTATION('',(#1788),#1815);
#1788 = B_SPLINE_CURVE_WITH_KNOTS('',5,(#1789,#1790,#1791,#1792,#1793,
    #1794,#1795,#1796,#1797,#1798,#1799,#1800,#1801,#1802,#1803,#1804,
    #1805,#1806,#1807,#1808,#1809,#1810,#1811,#1812,#1813,#1814),
  .UNSPECIFIED.,.F.,.F.,(6,4,4,4,4,4,6),(0.,0.244401759581,0.35279349543
    ,0.563354480924,0.746100030436,0.835868718846,1.),.UNSPECIFIED.);
#1789 = CARTESIAN_POINT('',(0.,64.043513323831));
#1790 = CARTESIAN_POINT('',(-7.297246203207E-02,64.01283376981));
#1791 = CARTESIAN_POINT('',(-0.146617591443,63.983885666475));
#1792 = CARTESIAN_POINT('',(-0.221069780343,63.957099580678));
#1793 = CARTESIAN_POINT('',(-0.296397132688,63.932998644358));
#1794 = CARTESIAN_POINT('',(-0.406353664225,63.902818770242));
#1795 = CARTESIAN_POINT('',(-0.440301700728,63.894174493093));
#1796 = CARTESIAN_POINT('',(-0.474410781895,63.88620357575));
#1797 = CARTESIAN_POINT('',(-0.508671525714,63.878947966478));
#1798 = CARTESIAN_POINT('',(-0.609890111751,63.859816338345));
#1799 = CARTESIAN_POINT('',(-0.677240666954,63.850028449632));
#1800 = CARTESIAN_POINT('',(-0.744978320265,63.84336785223));
#1801 = CARTESIAN_POINT('',(-0.812947721008,63.840019167957));
#1802 = CARTESIAN_POINT('',(-0.939892291136,63.839949054431));
#1803 = CARTESIAN_POINT('',(-0.998882465301,63.842410562945));
#1804 = CARTESIAN_POINT('',(-1.057726683397,63.847367709258));
#1805 = CARTESIAN_POINT('',(-1.116315192386,63.854717946543));
#1806 = CARTESIAN_POINT('',(-1.203149067747,63.868995546394));
#1807 = CARTESIAN_POINT('',(-1.231668028696,63.874235764423));
#1808 = CARTESIAN_POINT('',(-1.260091990269,63.879993085741));
#1809 = CARTESIAN_POINT('',(-1.288413406855,63.886245261446));
#1810 = CARTESIAN_POINT('',(-1.368212943418,63.905258975048));
#1811 = CARTESIAN_POINT('',(-1.419438758632,63.91912272083));
#1812 = CARTESIAN_POINT('',(-1.4702754834,63.93441093636));
#1813 = CARTESIAN_POINT('',(-1.520722249238,63.950962492418));
#1814 = CARTESIAN_POINT('',(-1.570796326795,63.968626966598));
#1815 = ( GEOMETRIC_REPRESENTATION_CONTEXT(2) 
PARAMETRIC_REPRESENTATION_CONTEXT() REPRESENTATION_CONTEXT('2D SPACE',''
  ) );
#1816 = PCURVE('',#1554,#1817);
#1817 = DEFINITIONAL_REPRESENTATION('',(#1818),#1845);
#1818 = B_SPLINE_CURVE_WITH_KNOTS('',5,(#1819,#1820,#1821,#1822,#1823,
    #1824,#1825,#1826,#1827,#1828,#1829,#1830,#1831,#1832,#1833,#1834,
    #1835,#1836,#1837,#1838,#1839,#1840,#1841,#1842,#1843,#1844),
  .UNSPECIFIED.,.F.,.F.,(6,4,4,4,4,4,6),(0.,0.244401759581,0.35279349543
    ,0.563354480924,0.746100030436,0.835868718846,1.),.UNSPECIFIED.);
#1819 = CARTESIAN_POINT('',(0.616296937396,-0.941943223243));
#1820 = CARTESIAN_POINT('',(0.636543632064,-0.93151186193));
#1821 = CARTESIAN_POINT('',(0.657559142435,-0.921856142068));
#1822 = CARTESIAN_POINT('',(0.67928866338,-0.913064929922));
#1823 = CARTESIAN_POINT('',(0.701677580773,-0.905254061878));
#1824 = CARTESIAN_POINT('',(0.734824543906,-0.89556166105));
#1825 = CARTESIAN_POINT('',(0.745121081927,-0.892799455122));
#1826 = CARTESIAN_POINT('',(0.7555222723,-0.890263292198));
#1827 = CARTESIAN_POINT('',(0.766018541267,-0.887962892547));
#1828 = CARTESIAN_POINT('',(0.797151357359,-0.881914198314));
#1829 = CARTESIAN_POINT('',(0.818024180753,-0.878844075285));
#1830 = CARTESIAN_POINT('',(0.839123463655,-0.876764218421));
#1831 = CARTESIAN_POINT('',(0.860348401859,-0.875718458183));
#1832 = CARTESIAN_POINT('',(0.899990434948,-0.875696563247));
#1833 = CARTESIAN_POINT('',(0.918412130455,-0.876465257206));
#1834 = CARTESIAN_POINT('',(0.936754071785,-0.878013137865));
#1835 = CARTESIAN_POINT('',(0.9549476683,-0.880315832502));
#1836 = CARTESIAN_POINT('',(0.981760736775,-0.884815701795));
#1837 = CARTESIAN_POINT('',(0.990542300014,-0.886470599596));
#1838 = CARTESIAN_POINT('',(0.999265939968,-0.888293400461));
#1839 = CARTESIAN_POINT('',(1.007925490421,-0.89027890949));
#1840 = CARTESIAN_POINT('',(1.032221683873,-0.896338781484));
#1841 = CARTESIAN_POINT('',(1.047695610755,-0.900781098616));
#1842 = CARTESIAN_POINT('',(1.062905238308,-0.90571411959));
#1843 = CARTESIAN_POINT('',(1.077827678183,-0.911101221519));
#1844 = CARTESIAN_POINT('',(1.092443895416,-0.916909264852));
#1845 = ( GEOMETRIC_REPRESENTATION_CONTEXT(2) 
PARAMETRIC_REPRESENTATION_CONTEXT() REPRESENTATION_CONTEXT('2D SPACE',''
  ) );
#1846 = ADVANCED_FACE('',(#1847),#1105,.F.);
#1847 = FACE_BOUND('',#1848,.F.);
#1848 = EDGE_LOOP('',(#1849,#1850,#1851,#1872,#1898,#1924,#1950,#1976,
    #2032,#2058));
#1849 = ORIENTED_EDGE('',*,*,#1732,.F.);
#1850 = ORIENTED_EDGE('',*,*,#1090,.F.);
#1851 = ORIENTED_EDGE('',*,*,#1852,.T.);
#1852 = EDGE_CURVE('',#1065,#1853,#1855,.T.);
#1853 = VERTEX_POINT('',#1854);
#1854 = CARTESIAN_POINT('',(38.9,14.5,170.));
#1855 = SURFACE_CURVE('',#1856,(#1860,#1866),.PCURVE_S1.);
#1856 = LINE('',#1857,#1858);
#1857 = CARTESIAN_POINT('',(38.9,14.5,146.));
#1858 = VECTOR('',#1859,1.);
#1859 = DIRECTION('',(0.,0.,1.));
#1860 = PCURVE('',#1105,#1861);
#1861 = DEFINITIONAL_REPRESENTATION('',(#1862),#1865);
#1862 = B_SPLINE_CURVE_WITH_KNOTS('',1,(#1863,#1864),.UNSPECIFIED.,.F.,
  .F.,(2,2),(2.613657560108,24.),.PIECEWISE_BEZIER_KNOTS.);
#1863 = CARTESIAN_POINT('',(2.613657560108,-32.7));
#1864 = CARTESIAN_POINT('',(24.,-32.7));
#1865 = ( GEOMETRIC_REPRESENTATION_CONTEXT(2) 
PARAMETRIC_REPRESENTATION_CONTEXT() REPRESENTATION_CONTEXT('2D SPACE',''
  ) );
#1866 = PCURVE('',#1079,#1867);
#1867 = DEFINITIONAL_REPRESENTATION('',(#1868),#1871);
#1868 = B_SPLINE_CURVE_WITH_KNOTS('',1,(#1869,#1870),.UNSPECIFIED.,.F.,
  .F.,(2,2),(2.613657560108,24.),.PIECEWISE_BEZIER_KNOTS.);
#1869 = CARTESIAN_POINT('',(2.613657560108,29.9));
#1870 = CARTESIAN_POINT('',(24.,29.9));
#1871 = ( GEOMETRIC_REPRESENTATION_CONTEXT(2) 
PARAMETRIC_REPRESENTATION_CONTEXT() REPRESENTATION_CONTEXT('2D SPACE',''
  ) );
#1872 = ORIENTED_EDGE('',*,*,#1873,.F.);
#1873 = EDGE_CURVE('',#1874,#1853,#1876,.T.);
#1874 = VERTEX_POINT('',#1875);
#1875 = CARTESIAN_POINT('',(38.9,16.286342439892,170.));
#1876 = SURFACE_CURVE('',#1877,(#1881,#1887),.PCURVE_S1.);
#1877 = LINE('',#1878,#1879);
#1878 = CARTESIAN_POINT('',(38.9,-1.85,170.));
#1879 = VECTOR('',#1880,1.);
#1880 = DIRECTION('',(0.,-1.,0.));
#1881 = PCURVE('',#1105,#1882);
#1882 = DEFINITIONAL_REPRESENTATION('',(#1883),#1886);
#1883 = B_SPLINE_CURVE_WITH_KNOTS('',1,(#1884,#1885),.UNSPECIFIED.,.F.,
  .F.,(2,2),(-18.13634243989,-16.35),.PIECEWISE_BEZIER_KNOTS.);
#1884 = CARTESIAN_POINT('',(24.,-34.48634243989));
#1885 = CARTESIAN_POINT('',(24.,-32.7));
#1886 = ( GEOMETRIC_REPRESENTATION_CONTEXT(2) 
PARAMETRIC_REPRESENTATION_CONTEXT() REPRESENTATION_CONTEXT('2D SPACE',''
  ) );
#1887 = PCURVE('',#1888,#1893);
#1888 = PLANE('',#1889);
#1889 = AXIS2_PLACEMENT_3D('',#1890,#1891,#1892);
#1890 = CARTESIAN_POINT('',(9.,14.5,170.));
#1891 = DIRECTION('',(0.,0.,1.));
#1892 = DIRECTION('',(1.,0.,0.));
#1893 = DEFINITIONAL_REPRESENTATION('',(#1894),#1897);
#1894 = B_SPLINE_CURVE_WITH_KNOTS('',1,(#1895,#1896),.UNSPECIFIED.,.F.,
  .F.,(2,2),(-18.13634243989,-16.35),.PIECEWISE_BEZIER_KNOTS.);
#1895 = CARTESIAN_POINT('',(29.9,1.786342439892));
#1896 = CARTESIAN_POINT('',(29.9,0.));
#1897 = ( GEOMETRIC_REPRESENTATION_CONTEXT(2) 
PARAMETRIC_REPRESENTATION_CONTEXT() REPRESENTATION_CONTEXT('2D SPACE',''
  ) );
#1898 = ORIENTED_EDGE('',*,*,#1899,.T.);
#1899 = EDGE_CURVE('',#1874,#1900,#1902,.T.);
#1900 = VERTEX_POINT('',#1901);
#1901 = CARTESIAN_POINT('',(38.9,16.286342439892,194.));
#1902 = SURFACE_CURVE('',#1903,(#1907,#1913),.PCURVE_S1.);
#1903 = LINE('',#1904,#1905);
#1904 = CARTESIAN_POINT('',(38.9,16.286342439892,148.));
#1905 = VECTOR('',#1906,1.);
#1906 = DIRECTION('',(0.,0.,1.));
#1907 = PCURVE('',#1105,#1908);
#1908 = DEFINITIONAL_REPRESENTATION('',(#1909),#1912);
#1909 = B_SPLINE_CURVE_WITH_KNOTS('',1,(#1910,#1911),.UNSPECIFIED.,.F.,
  .F.,(2,2),(4.9999994,58.0000006),.PIECEWISE_BEZIER_KNOTS.);
#1910 = CARTESIAN_POINT('',(6.9999994,-34.48634243989));
#1911 = CARTESIAN_POINT('',(60.0000006,-34.48634243989));
#1912 = ( GEOMETRIC_REPRESENTATION_CONTEXT(2) 
PARAMETRIC_REPRESENTATION_CONTEXT() REPRESENTATION_CONTEXT('2D SPACE',''
  ) );
#1913 = PCURVE('',#1914,#1919);
#1914 = CYLINDRICAL_SURFACE('',#1915,5.);
#1915 = AXIS2_PLACEMENT_3D('',#1916,#1917,#1918);
#1916 = CARTESIAN_POINT('',(36.5,11.9,148.));
#1917 = DIRECTION('',(0.,0.,1.));
#1918 = DIRECTION('',(1.,0.,-0.));
#1919 = DEFINITIONAL_REPRESENTATION('',(#1920),#1923);
#1920 = B_SPLINE_CURVE_WITH_KNOTS('',1,(#1921,#1922),.UNSPECIFIED.,.F.,
  .F.,(2,2),(4.9999994,58.0000006),.PIECEWISE_BEZIER_KNOTS.);
#1921 = CARTESIAN_POINT('',(1.07014161439,4.9999994));
#1922 = CARTESIAN_POINT('',(1.07014161439,58.0000006));
#1923 = ( GEOMETRIC_REPRESENTATION_CONTEXT(2) 
PARAMETRIC_REPRESENTATION_CONTEXT() REPRESENTATION_CONTEXT('2D SPACE',''
  ) );
#1924 = ORIENTED_EDGE('',*,*,#1925,.T.);
#1925 = EDGE_CURVE('',#1900,#1926,#1928,.T.);
#1926 = VERTEX_POINT('',#1927);
#1927 = CARTESIAN_POINT('',(38.9,14.5,194.));
#1928 = SURFACE_CURVE('',#1929,(#1933,#1939),.PCURVE_S1.);
#1929 = LINE('',#1930,#1931);
#1930 = CARTESIAN_POINT('',(38.9,-1.85,194.));
#1931 = VECTOR('',#1932,1.);
#1932 = DIRECTION('',(0.,-1.,0.));
#1933 = PCURVE('',#1105,#1934);
#1934 = DEFINITIONAL_REPRESENTATION('',(#1935),#1938);
#1935 = B_SPLINE_CURVE_WITH_KNOTS('',1,(#1936,#1937),.UNSPECIFIED.,.F.,
  .F.,(2,2),(-18.13634243989,-16.35),.PIECEWISE_BEZIER_KNOTS.);
#1936 = CARTESIAN_POINT('',(48.,-34.48634243989));
#1937 = CARTESIAN_POINT('',(48.,-32.7));
#1938 = ( GEOMETRIC_REPRESENTATION_CONTEXT(2) 
PARAMETRIC_REPRESENTATION_CONTEXT() REPRESENTATION_CONTEXT('2D SPACE',''
  ) );
#1939 = PCURVE('',#1940,#1945);
#1940 = PLANE('',#1941);
#1941 = AXIS2_PLACEMENT_3D('',#1942,#1943,#1944);
#1942 = CARTESIAN_POINT('',(9.,14.5,194.));
#1943 = DIRECTION('',(0.,0.,1.));
#1944 = DIRECTION('',(1.,0.,0.));
#1945 = DEFINITIONAL_REPRESENTATION('',(#1946),#1949);
#1946 = B_SPLINE_CURVE_WITH_KNOTS('',1,(#1947,#1948),.UNSPECIFIED.,.F.,
  .F.,(2,2),(-18.13634243989,-16.35),.PIECEWISE_BEZIER_KNOTS.);
#1947 = CARTESIAN_POINT('',(29.9,1.786342439892));
#1948 = CARTESIAN_POINT('',(29.9,0.));
#1949 = ( GEOMETRIC_REPRESENTATION_CONTEXT(2) 
PARAMETRIC_REPRESENTATION_CONTEXT() REPRESENTATION_CONTEXT('2D SPACE',''
  ) );
#1950 = ORIENTED_EDGE('',*,*,#1951,.T.);
#1951 = EDGE_CURVE('',#1926,#1952,#1954,.T.);
#1952 = VERTEX_POINT('',#1953);
#1953 = CARTESIAN_POINT('',(38.9,14.5,209.53270434653));
#1954 = SURFACE_CURVE('',#1955,(#1959,#1965),.PCURVE_S1.);
#1955 = LINE('',#1956,#1957);
#1956 = CARTESIAN_POINT('',(38.9,14.5,170.));
#1957 = VECTOR('',#1958,1.);
#1958 = DIRECTION('',(0.,0.,1.));
#1959 = PCURVE('',#1105,#1960);
#1960 = DEFINITIONAL_REPRESENTATION('',(#1961),#1964);
#1961 = B_SPLINE_CURVE_WITH_KNOTS('',1,(#1962,#1963),.UNSPECIFIED.,.F.,
  .F.,(2,2),(24.,40.386342439892),.PIECEWISE_BEZIER_KNOTS.);
#1962 = CARTESIAN_POINT('',(48.,-32.7));
#1963 = CARTESIAN_POINT('',(64.386342439892,-32.7));
#1964 = ( GEOMETRIC_REPRESENTATION_CONTEXT(2) 
PARAMETRIC_REPRESENTATION_CONTEXT() REPRESENTATION_CONTEXT('2D SPACE',''
  ) );
#1965 = PCURVE('',#1966,#1971);
#1966 = PLANE('',#1967);
#1967 = AXIS2_PLACEMENT_3D('',#1968,#1969,#1970);
#1968 = CARTESIAN_POINT('',(9.,14.5,194.));
#1969 = DIRECTION('',(0.,1.,0.));
#1970 = DIRECTION('',(0.,0.,1.));
#1971 = DEFINITIONAL_REPRESENTATION('',(#1972),#1975);
#1972 = B_SPLINE_CURVE_WITH_KNOTS('',1,(#1973,#1974),.UNSPECIFIED.,.F.,
  .F.,(2,2),(24.,40.386342439892),.PIECEWISE_BEZIER_KNOTS.);
#1973 = CARTESIAN_POINT('',(0.,29.9));
#1974 = CARTESIAN_POINT('',(16.386342439892,29.9));
#1975 = ( GEOMETRIC_REPRESENTATION_CONTEXT(2) 
PARAMETRIC_REPRESENTATION_CONTEXT() REPRESENTATION_CONTEXT('2D SPACE',''
  ) );
#1976 = ORIENTED_EDGE('',*,*,#1977,.T.);
#1977 = EDGE_CURVE('',#1952,#1978,#1980,.T.);
#1978 = VERTEX_POINT('',#1979);
#1979 = CARTESIAN_POINT('',(38.9,11.9,210.38634243989));
#1980 = SURFACE_CURVE('',#1981,(#1986,#1993),.PCURVE_S1.);
#1981 = CIRCLE('',#1982,4.386342439892);
#1982 = AXIS2_PLACEMENT_3D('',#1983,#1984,#1985);
#1983 = CARTESIAN_POINT('',(38.9,11.9,206.));
#1984 = DIRECTION('',(1.,0.,0.));
#1985 = DIRECTION('',(-0.,0.,1.));
#1986 = PCURVE('',#1105,#1987);
#1987 = DEFINITIONAL_REPRESENTATION('',(#1988),#1992);
#1988 = CIRCLE('',#1989,4.386342439892);
#1989 = AXIS2_PLACEMENT_2D('',#1990,#1991);
#1990 = CARTESIAN_POINT('',(60.,-30.1));
#1991 = DIRECTION('',(1.,0.));
#1992 = ( GEOMETRIC_REPRESENTATION_CONTEXT(2) 
PARAMETRIC_REPRESENTATION_CONTEXT() REPRESENTATION_CONTEXT('2D SPACE',''
  ) );
#1993 = PCURVE('',#1994,#1999);
#1994 = SPHERICAL_SURFACE('',#1995,5.);
#1995 = AXIS2_PLACEMENT_3D('',#1996,#1997,#1998);
#1996 = CARTESIAN_POINT('',(36.5,11.9,206.));
#1997 = DIRECTION('',(-0.,-1.,-0.));
#1998 = DIRECTION('',(1.,-0.,0.));
#1999 = DEFINITIONAL_REPRESENTATION('',(#2000),#2031);
#2000 = B_SPLINE_CURVE_WITH_KNOTS('',8,(#2001,#2002,#2003,#2004,#2005,
    #2006,#2007,#2008,#2009,#2010,#2011,#2012,#2013,#2014,#2015,#2016,
    #2017,#2018,#2019,#2020,#2021,#2022,#2023,#2024,#2025,#2026,#2027,
    #2028,#2029,#2030),.UNSPECIFIED.,.F.,.F.,(9,7,7,7,9),(4.712388980385
    ,4.908738521234,5.25235021772,5.76776776245,6.28318530718),
  .UNSPECIFIED.);
#2001 = CARTESIAN_POINT('',(0.,-1.07014161439));
#2002 = CARTESIAN_POINT('',(4.485710021255E-02,-1.07014161439));
#2003 = CARTESIAN_POINT('',(8.971404264613E-02,-1.068883435148));
#2004 = CARTESIAN_POINT('',(0.13425542947,-1.066366792906));
#2005 = CARTESIAN_POINT('',(0.178163151759,-1.062609980103));
#2006 = CARTESIAN_POINT('',(0.221149499488,-1.057648478957));
#2007 = CARTESIAN_POINT('',(0.262977712665,-1.05153208361));
#2008 = CARTESIAN_POINT('',(0.303469973621,-1.044320530859));
#2009 = CARTESIAN_POINT('',(0.410810357393,-1.02165257949));
#2010 = CARTESIAN_POINT('',(0.474648346295,-1.004069263183));
#2011 = CARTESIAN_POINT('',(0.533353197605,-0.983671103687));
#2012 = CARTESIAN_POINT('',(0.586770951921,-0.960849048962));
#2013 = CARTESIAN_POINT('',(0.63517644669,-0.935966446192));
#2014 = CARTESIAN_POINT('',(0.678945694338,-0.909329560986));
#2015 = CARTESIAN_POINT('',(0.718505060923,-0.881197697016));
#2016 = CARTESIAN_POINT('',(0.807906710669,-0.80766976245));
#2017 = CARTESIAN_POINT('',(0.853000676447,-0.760674561126));
#2018 = CARTESIAN_POINT('',(0.890939660421,-0.7115298046));
#2019 = CARTESIAN_POINT('',(0.92305515509,-0.660745945683));
#2020 = CARTESIAN_POINT('',(0.95029588395,-0.608676669877));
#2021 = CARTESIAN_POINT('',(0.973418779302,-0.555591831388));
#2022 = CARTESIAN_POINT('',(0.99298700428,-0.501696876467));
#2023 = CARTESIAN_POINT('',(1.025881661963,-0.392617662999));
#2024 = CARTESIAN_POINT('',(1.039208087859,-0.33743350862));
#2025 = CARTESIAN_POINT('',(1.049845564527,-0.281769338331));
#2026 = CARTESIAN_POINT('',(1.058092200899,-0.22575035145));
#2027 = CARTESIAN_POINT('',(1.064149077356,-0.169477678527));
#2028 = CARTESIAN_POINT('',(1.068143917351,-0.113039775198));
#2029 = CARTESIAN_POINT('',(1.07014161439,-5.651994626781E-02));
#2030 = CARTESIAN_POINT('',(1.07014161439,-3.5527136788E-16));
#2031 = ( GEOMETRIC_REPRESENTATION_CONTEXT(2) 
PARAMETRIC_REPRESENTATION_CONTEXT() REPRESENTATION_CONTEXT('2D SPACE',''
  ) );
#2032 = ORIENTED_EDGE('',*,*,#2033,.F.);
#2033 = EDGE_CURVE('',#2034,#1978,#2036,.T.);
#2034 = VERTEX_POINT('',#2035);
#2035 = CARTESIAN_POINT('',(38.9,-15.5,210.38634243989));
#2036 = SURFACE_CURVE('',#2037,(#2041,#2047),.PCURVE_S1.);
#2037 = LINE('',#2038,#2039);
#2038 = CARTESIAN_POINT('',(38.9,-20.5,210.38634243989));
#2039 = VECTOR('',#2040,1.);
#2040 = DIRECTION('',(0.,1.,0.));
#2041 = PCURVE('',#1105,#2042);
#2042 = DEFINITIONAL_REPRESENTATION('',(#2043),#2046);
#2043 = B_SPLINE_CURVE_WITH_KNOTS('',1,(#2044,#2045),.UNSPECIFIED.,.F.,
  .F.,(2,2),(4.9999994,32.4000006),.PIECEWISE_BEZIER_KNOTS.);
#2044 = CARTESIAN_POINT('',(64.386342439892,-2.6999994));
#2045 = CARTESIAN_POINT('',(64.386342439892,-30.1000006));
#2046 = ( GEOMETRIC_REPRESENTATION_CONTEXT(2) 
PARAMETRIC_REPRESENTATION_CONTEXT() REPRESENTATION_CONTEXT('2D SPACE',''
  ) );
#2047 = PCURVE('',#2048,#2053);
#2048 = CYLINDRICAL_SURFACE('',#2049,5.);
#2049 = AXIS2_PLACEMENT_3D('',#2050,#2051,#2052);
#2050 = CARTESIAN_POINT('',(36.5,-20.5,206.));
#2051 = DIRECTION('',(0.,1.,0.));
#2052 = DIRECTION('',(1.,0.,-0.));
#2053 = DEFINITIONAL_REPRESENTATION('',(#2054),#2057);
#2054 = B_SPLINE_CURVE_WITH_KNOTS('',1,(#2055,#2056),.UNSPECIFIED.,.F.,
  .F.,(2,2),(4.9999994,32.4000006),.PIECEWISE_BEZIER_KNOTS.);
#2055 = CARTESIAN_POINT('',(-1.07014161439,4.9999994));
#2056 = CARTESIAN_POINT('',(-1.07014161439,32.4000006));
#2057 = ( GEOMETRIC_REPRESENTATION_CONTEXT(2) 
PARAMETRIC_REPRESENTATION_CONTEXT() REPRESENTATION_CONTEXT('2D SPACE',''
  ) );
#2058 = ORIENTED_EDGE('',*,*,#2059,.T.);
#2059 = EDGE_CURVE('',#2034,#1733,#2060,.T.);
#2060 = SURFACE_CURVE('',#2061,(#2066,#2073),.PCURVE_S1.);
#2061 = CIRCLE('',#2062,4.386342439892);
#2062 = AXIS2_PLACEMENT_3D('',#2063,#2064,#2065);
#2063 = CARTESIAN_POINT('',(38.9,-15.5,206.));
#2064 = DIRECTION('',(1.,0.,0.));
#2065 = DIRECTION('',(-0.,0.,1.));
#2066 = PCURVE('',#1105,#2067);
#2067 = DEFINITIONAL_REPRESENTATION('',(#2068),#2072);
#2068 = CIRCLE('',#2069,4.386342439892);
#2069 = AXIS2_PLACEMENT_2D('',#2070,#2071);
#2070 = CARTESIAN_POINT('',(60.,-2.7));
#2071 = DIRECTION('',(1.,0.));
#2072 = ( GEOMETRIC_REPRESENTATION_CONTEXT(2) 
PARAMETRIC_REPRESENTATION_CONTEXT() REPRESENTATION_CONTEXT('2D SPACE',''
  ) );
#2073 = PCURVE('',#1554,#2074);
#2074 = DEFINITIONAL_REPRESENTATION('',(#2075),#2088);
#2075 = B_SPLINE_CURVE_WITH_KNOTS('',6,(#2076,#2077,#2078,#2079,#2080,
    #2081,#2082,#2083,#2084,#2085,#2086,#2087),.UNSPECIFIED.,.F.,.F.,(7,
    5,7),(0.,0.198995225302,0.397990450605),.UNSPECIFIED.);
#2076 = CARTESIAN_POINT('',(0.,-1.07014161439));
#2077 = CARTESIAN_POINT('',(6.061536125553E-02,-1.07014161439));
#2078 = CARTESIAN_POINT('',(0.121230411246,-1.067729303231));
#2079 = CARTESIAN_POINT('',(0.180925906431,-1.062903804958));
#2080 = CARTESIAN_POINT('',(0.238769075053,-1.05575587047));
#2081 = CARTESIAN_POINT('',(0.294144515221,-1.046453586845));
#2082 = CARTESIAN_POINT('',(0.399261379834,-1.023914141373));
#2083 = CARTESIAN_POINT('',(0.449003017674,-1.010677103314));
#2084 = CARTESIAN_POINT('',(0.495575319221,-0.995660610959));
#2085 = CARTESIAN_POINT('',(0.538902859032,-0.979075704904));
#2086 = CARTESIAN_POINT('',(0.579088158442,-0.961113671736));
#2087 = CARTESIAN_POINT('',(0.616296937396,-0.941943223243));
#2088 = ( GEOMETRIC_REPRESENTATION_CONTEXT(2) 
PARAMETRIC_REPRESENTATION_CONTEXT() REPRESENTATION_CONTEXT('2D SPACE',''
  ) );
#2089 = ADVANCED_FACE('',(#2090),#1079,.T.);
#2090 = FACE_BOUND('',#2091,.T.);
#2091 = EDGE_LOOP('',(#2092,#2093,#2116,#2137,#2176));
#2092 = ORIENTED_EDGE('',*,*,#1852,.T.);
#2093 = ORIENTED_EDGE('',*,*,#2094,.T.);
#2094 = EDGE_CURVE('',#1853,#2095,#2097,.T.);
#2095 = VERTEX_POINT('',#2096);
#2096 = CARTESIAN_POINT('',(40.770831300813,14.5,170.));
#2097 = SURFACE_CURVE('',#2098,(#2102,#2109),.PCURVE_S1.);
#2098 = LINE('',#2099,#2100);
#2099 = CARTESIAN_POINT('',(9.,14.5,170.));
#2100 = VECTOR('',#2101,1.);
#2101 = DIRECTION('',(1.,0.,0.));
#2102 = PCURVE('',#1079,#2103);
#2103 = DEFINITIONAL_REPRESENTATION('',(#2104),#2108);
#2104 = LINE('',#2105,#2106);
#2105 = CARTESIAN_POINT('',(24.,0.));
#2106 = VECTOR('',#2107,1.);
#2107 = DIRECTION('',(0.,1.));
#2108 = ( GEOMETRIC_REPRESENTATION_CONTEXT(2) 
PARAMETRIC_REPRESENTATION_CONTEXT() REPRESENTATION_CONTEXT('2D SPACE',''
  ) );
#2109 = PCURVE('',#1888,#2110);
#2110 = DEFINITIONAL_REPRESENTATION('',(#2111),#2115);
#2111 = LINE('',#2112,#2113);
#2112 = CARTESIAN_POINT('',(0.,0.));
#2113 = VECTOR('',#2114,1.);
#2114 = DIRECTION('',(1.,0.));
#2115 = ( GEOMETRIC_REPRESENTATION_CONTEXT(2) 
PARAMETRIC_REPRESENTATION_CONTEXT() REPRESENTATION_CONTEXT('2D SPACE',''
  ) );
#2116 = ORIENTED_EDGE('',*,*,#2117,.F.);
#2117 = EDGE_CURVE('',#2118,#2095,#2120,.T.);
#2118 = VERTEX_POINT('',#2119);
#2119 = CARTESIAN_POINT('',(40.770831300813,14.5,153.));
#2120 = SURFACE_CURVE('',#2121,(#2125,#2131),.PCURVE_S1.);
#2121 = LINE('',#2122,#2123);
#2122 = CARTESIAN_POINT('',(40.770831300813,14.5,148.));
#2123 = VECTOR('',#2124,1.);
#2124 = DIRECTION('',(0.,0.,1.));
#2125 = PCURVE('',#1079,#2126);
#2126 = DEFINITIONAL_REPRESENTATION('',(#2127),#2130);
#2127 = B_SPLINE_CURVE_WITH_KNOTS('',1,(#2128,#2129),.UNSPECIFIED.,.F.,
  .F.,(2,2),(4.9999994,24.4),.PIECEWISE_BEZIER_KNOTS.);
#2128 = CARTESIAN_POINT('',(6.9999994,31.770831300813));
#2129 = CARTESIAN_POINT('',(26.4,31.770831300813));
#2130 = ( GEOMETRIC_REPRESENTATION_CONTEXT(2) 
PARAMETRIC_REPRESENTATION_CONTEXT() REPRESENTATION_CONTEXT('2D SPACE',''
  ) );
#2131 = PCURVE('',#1914,#2132);
#2132 = DEFINITIONAL_REPRESENTATION('',(#2133),#2136);
#2133 = B_SPLINE_CURVE_WITH_KNOTS('',1,(#2134,#2135),.UNSPECIFIED.,.F.,
  .F.,(2,2),(4.9999994,24.4),.PIECEWISE_BEZIER_KNOTS.);
#2134 = CARTESIAN_POINT('',(0.546850950696,4.9999994));
#2135 = CARTESIAN_POINT('',(0.546850950696,24.4));
#2136 = ( GEOMETRIC_REPRESENTATION_CONTEXT(2) 
PARAMETRIC_REPRESENTATION_CONTEXT() REPRESENTATION_CONTEXT('2D SPACE',''
  ) );
#2137 = ORIENTED_EDGE('',*,*,#2138,.T.);
#2138 = EDGE_CURVE('',#2118,#1036,#2139,.T.);
#2139 = SURFACE_CURVE('',#2140,(#2145,#2152),.PCURVE_S1.);
#2140 = CIRCLE('',#2141,4.270831300813);
#2141 = AXIS2_PLACEMENT_3D('',#2142,#2143,#2144);
#2142 = CARTESIAN_POINT('',(36.5,14.5,153.));
#2143 = DIRECTION('',(0.,1.,0.));
#2144 = DIRECTION('',(0.,-0.,1.));
#2145 = PCURVE('',#1079,#2146);
#2146 = DEFINITIONAL_REPRESENTATION('',(#2147),#2151);
#2147 = CIRCLE('',#2148,4.270831300813);
#2148 = AXIS2_PLACEMENT_2D('',#2149,#2150);
#2149 = CARTESIAN_POINT('',(7.,27.5));
#2150 = DIRECTION('',(1.,0.));
#2151 = ( GEOMETRIC_REPRESENTATION_CONTEXT(2) 
PARAMETRIC_REPRESENTATION_CONTEXT() REPRESENTATION_CONTEXT('2D SPACE',''
  ) );
#2152 = PCURVE('',#1052,#2153);
#2153 = DEFINITIONAL_REPRESENTATION('',(#2154),#2175);
#2154 = B_SPLINE_CURVE_WITH_KNOTS('',7,(#2155,#2156,#2157,#2158,#2159,
    #2160,#2161,#2162,#2163,#2164,#2165,#2166,#2167,#2168,#2169,#2170,
    #2171,#2172,#2173,#2174),.UNSPECIFIED.,.F.,.F.,(8,6,6,8),(
    1.570796326795,2.186401804842,2.494204543866,2.80200728289),
  .UNSPECIFIED.);
#2155 = CARTESIAN_POINT('',(0.546850950696,0.));
#2156 = CARTESIAN_POINT('',(0.546850950696,-7.511848984561E-02));
#2157 = CARTESIAN_POINT('',(0.550858781792,-0.150237013419));
#2158 = CARTESIAN_POINT('',(0.558873904117,-0.225098713496));
#2159 = CARTESIAN_POINT('',(0.571154555969,-0.299448010969));
#2160 = CARTESIAN_POINT('',(0.588210672105,-0.372980709379));
#2161 = CARTESIAN_POINT('',(0.61091433773,-0.445310130726));
#2162 = CARTESIAN_POINT('',(0.655626594133,-0.551062014909));
#2163 = CARTESIAN_POINT('',(0.672306621699,-0.585855600106));
#2164 = CARTESIAN_POINT('',(0.690945398088,-0.620113954795));
#2165 = CARTESIAN_POINT('',(0.711759084916,-0.65374402151));
#2166 = CARTESIAN_POINT('',(0.735009701317,-0.686632636863));
#2167 = CARTESIAN_POINT('',(0.761004398367,-0.71863916131));
#2168 = CARTESIAN_POINT('',(0.819158612265,-0.78053278824));
#2169 = CARTESIAN_POINT('',(0.851317707613,-0.810420111261));
#2170 = CARTESIAN_POINT('',(0.886897545851,-0.83906923355));
#2171 = CARTESIAN_POINT('',(0.926258095158,-0.866268729345));
#2172 = CARTESIAN_POINT('',(0.969772351894,-0.891756520914));
#2173 = CARTESIAN_POINT('',(1.017728385581,-0.915222044385));
#2174 = CARTESIAN_POINT('',(1.07014161439,-0.936328517918));
#2175 = ( GEOMETRIC_REPRESENTATION_CONTEXT(2) 
PARAMETRIC_REPRESENTATION_CONTEXT() REPRESENTATION_CONTEXT('2D SPACE',''
  ) );
#2176 = ORIENTED_EDGE('',*,*,#1064,.F.);
#2177 = ADVANCED_FACE('',(#2178),#1052,.T.);
#2178 = FACE_BOUND('',#2179,.T.);
#2179 = EDGE_LOOP('',(#2180,#2202,#2203,#2204));
#2180 = ORIENTED_EDGE('',*,*,#2181,.F.);
#2181 = EDGE_CURVE('',#1010,#2182,#2184,.T.);
#2182 = VERTEX_POINT('',#2183);
#2183 = CARTESIAN_POINT('',(41.5,11.9,153.));
#2184 = SURFACE_CURVE('',#2185,(#2190,#2196),.PCURVE_S1.);
#2185 = CIRCLE('',#2186,5.);
#2186 = AXIS2_PLACEMENT_3D('',#2187,#2188,#2189);
#2187 = CARTESIAN_POINT('',(36.5,11.9,153.));
#2188 = DIRECTION('',(0.,-1.,0.));
#2189 = DIRECTION('',(1.,0.,0.));
#2190 = PCURVE('',#1052,#2191);
#2191 = DEFINITIONAL_REPRESENTATION('',(#2192),#2195);
#2192 = B_SPLINE_CURVE_WITH_KNOTS('',1,(#2193,#2194),.UNSPECIFIED.,.F.,
  .F.,(2,2),(4.712388980385,6.28318530718),.PIECEWISE_BEZIER_KNOTS.);
#2193 = CARTESIAN_POINT('',(0.,-1.570796326795));
#2194 = CARTESIAN_POINT('',(0.,0.));
#2195 = ( GEOMETRIC_REPRESENTATION_CONTEXT(2) 
PARAMETRIC_REPRESENTATION_CONTEXT() REPRESENTATION_CONTEXT('2D SPACE',''
  ) );
#2196 = PCURVE('',#1024,#2197);
#2197 = DEFINITIONAL_REPRESENTATION('',(#2198),#2201);
#2198 = B_SPLINE_CURVE_WITH_KNOTS('',1,(#2199,#2200),.UNSPECIFIED.,.F.,
  .F.,(2,2),(4.712388980385,6.28318530718),.PIECEWISE_BEZIER_KNOTS.);
#2199 = CARTESIAN_POINT('',(1.570796326795,32.4));
#2200 = CARTESIAN_POINT('',(0.,32.4));
#2201 = ( GEOMETRIC_REPRESENTATION_CONTEXT(2) 
PARAMETRIC_REPRESENTATION_CONTEXT() REPRESENTATION_CONTEXT('2D SPACE',''
  ) );
#2202 = ORIENTED_EDGE('',*,*,#1035,.T.);
#2203 = ORIENTED_EDGE('',*,*,#2138,.F.);
#2204 = ORIENTED_EDGE('',*,*,#2205,.F.);
#2205 = EDGE_CURVE('',#2182,#2118,#2206,.T.);
#2206 = SURFACE_CURVE('',#2207,(#2212,#2219),.PCURVE_S1.);
#2207 = CIRCLE('',#2208,5.);
#2208 = AXIS2_PLACEMENT_3D('',#2209,#2210,#2211);
#2209 = CARTESIAN_POINT('',(36.5,11.9,153.));
#2210 = DIRECTION('',(0.,0.,1.));
#2211 = DIRECTION('',(1.,0.,-0.));
#2212 = PCURVE('',#1052,#2213);
#2213 = DEFINITIONAL_REPRESENTATION('',(#2214),#2218);
#2214 = LINE('',#2215,#2216);
#2215 = CARTESIAN_POINT('',(0.,0.));
#2216 = VECTOR('',#2217,1.);
#2217 = DIRECTION('',(1.,0.));
#2218 = ( GEOMETRIC_REPRESENTATION_CONTEXT(2) 
PARAMETRIC_REPRESENTATION_CONTEXT() REPRESENTATION_CONTEXT('2D SPACE',''
  ) );
#2219 = PCURVE('',#1914,#2220);
#2220 = DEFINITIONAL_REPRESENTATION('',(#2221),#2225);
#2221 = LINE('',#2222,#2223);
#2222 = CARTESIAN_POINT('',(0.,5.));
#2223 = VECTOR('',#2224,1.);
#2224 = DIRECTION('',(1.,0.));
#2225 = ( GEOMETRIC_REPRESENTATION_CONTEXT(2) 
PARAMETRIC_REPRESENTATION_CONTEXT() REPRESENTATION_CONTEXT('2D SPACE',''
  ) );
#2226 = ADVANCED_FACE('',(#2227),#1024,.T.);
#2227 = FACE_BOUND('',#2228,.T.);
#2228 = EDGE_LOOP('',(#2229,#2249,#2250,#2251));
#2229 = ORIENTED_EDGE('',*,*,#2230,.F.);
#2230 = EDGE_CURVE('',#981,#1655,#2231,.T.);
#2231 = SURFACE_CURVE('',#2232,(#2237,#2243),.PCURVE_S1.);
#2232 = CIRCLE('',#2233,5.);
#2233 = AXIS2_PLACEMENT_3D('',#2234,#2235,#2236);
#2234 = CARTESIAN_POINT('',(36.5,-15.5,153.));
#2235 = DIRECTION('',(0.,-1.,0.));
#2236 = DIRECTION('',(1.,0.,0.));
#2237 = PCURVE('',#1024,#2238);
#2238 = DEFINITIONAL_REPRESENTATION('',(#2239),#2242);
#2239 = B_SPLINE_CURVE_WITH_KNOTS('',1,(#2240,#2241),.UNSPECIFIED.,.F.,
  .F.,(2,2),(4.712388980385,6.28318530718),.PIECEWISE_BEZIER_KNOTS.);
#2240 = CARTESIAN_POINT('',(1.570796326795,5.));
#2241 = CARTESIAN_POINT('',(0.,5.));
#2242 = ( GEOMETRIC_REPRESENTATION_CONTEXT(2) 
PARAMETRIC_REPRESENTATION_CONTEXT() REPRESENTATION_CONTEXT('2D SPACE',''
  ) );
#2243 = PCURVE('',#997,#2244);
#2244 = DEFINITIONAL_REPRESENTATION('',(#2245),#2248);
#2245 = B_SPLINE_CURVE_WITH_KNOTS('',1,(#2246,#2247),.UNSPECIFIED.,.F.,
  .F.,(2,2),(4.712388980385,6.28318530718),.PIECEWISE_BEZIER_KNOTS.);
#2246 = CARTESIAN_POINT('',(0.,-1.570796326795));
#2247 = CARTESIAN_POINT('',(0.,0.));
#2248 = ( GEOMETRIC_REPRESENTATION_CONTEXT(2) 
PARAMETRIC_REPRESENTATION_CONTEXT() REPRESENTATION_CONTEXT('2D SPACE',''
  ) );
#2249 = ORIENTED_EDGE('',*,*,#1009,.T.);
#2250 = ORIENTED_EDGE('',*,*,#2181,.T.);
#2251 = ORIENTED_EDGE('',*,*,#2252,.F.);
#2252 = EDGE_CURVE('',#1655,#2182,#2253,.T.);
#2253 = SURFACE_CURVE('',#2254,(#2258,#2265),.PCURVE_S1.);
#2254 = LINE('',#2255,#2256);
#2255 = CARTESIAN_POINT('',(41.5,-20.5,153.));
#2256 = VECTOR('',#2257,1.);
#2257 = DIRECTION('',(0.,1.,0.));
#2258 = PCURVE('',#1024,#2259);
#2259 = DEFINITIONAL_REPRESENTATION('',(#2260),#2264);
#2260 = LINE('',#2261,#2262);
#2261 = CARTESIAN_POINT('',(0.,0.));
#2262 = VECTOR('',#2263,1.);
#2263 = DIRECTION('',(0.,1.));
#2264 = ( GEOMETRIC_REPRESENTATION_CONTEXT(2) 
PARAMETRIC_REPRESENTATION_CONTEXT() REPRESENTATION_CONTEXT('2D SPACE',''
  ) );
#2265 = PCURVE('',#1672,#2266);
#2266 = DEFINITIONAL_REPRESENTATION('',(#2267),#2271);
#2267 = LINE('',#2268,#2269);
#2268 = CARTESIAN_POINT('',(5.,0.));
#2269 = VECTOR('',#2270,1.);
#2270 = DIRECTION('',(0.,-1.));
#2271 = ( GEOMETRIC_REPRESENTATION_CONTEXT(2) 
PARAMETRIC_REPRESENTATION_CONTEXT() REPRESENTATION_CONTEXT('2D SPACE',''
  ) );
#2272 = ADVANCED_FACE('',(#2273),#997,.T.);
#2273 = FACE_BOUND('',#2274,.F.);
#2274 = EDGE_LOOP('',(#2275,#2276,#2277,#2278));
#2275 = ORIENTED_EDGE('',*,*,#2230,.F.);
#2276 = ORIENTED_EDGE('',*,*,#980,.F.);
#2277 = ORIENTED_EDGE('',*,*,#1494,.T.);
#2278 = ORIENTED_EDGE('',*,*,#1684,.F.);
#2279 = ADVANCED_FACE('',(#2280),#1554,.T.);
#2280 = FACE_BOUND('',#2281,.T.);
#2281 = EDGE_LOOP('',(#2282,#2302,#2303,#2304,#2305,#2306));
#2282 = ORIENTED_EDGE('',*,*,#2283,.F.);
#2283 = EDGE_CURVE('',#2034,#1657,#2284,.T.);
#2284 = SURFACE_CURVE('',#2285,(#2290,#2296),.PCURVE_S1.);
#2285 = CIRCLE('',#2286,5.);
#2286 = AXIS2_PLACEMENT_3D('',#2287,#2288,#2289);
#2287 = CARTESIAN_POINT('',(36.5,-15.5,206.));
#2288 = DIRECTION('',(-0.,1.,0.));
#2289 = DIRECTION('',(1.,0.,0.));
#2290 = PCURVE('',#1554,#2291);
#2291 = DEFINITIONAL_REPRESENTATION('',(#2292),#2295);
#2292 = B_SPLINE_CURVE_WITH_KNOTS('',1,(#2293,#2294),.UNSPECIFIED.,.F.,
  .F.,(2,2),(4.712388980385,6.28318530718),.PIECEWISE_BEZIER_KNOTS.);
#2293 = CARTESIAN_POINT('',(0.,-1.570796326795));
#2294 = CARTESIAN_POINT('',(0.,0.));
#2295 = ( GEOMETRIC_REPRESENTATION_CONTEXT(2) 
PARAMETRIC_REPRESENTATION_CONTEXT() REPRESENTATION_CONTEXT('2D SPACE',''
  ) );
#2296 = PCURVE('',#2048,#2297);
#2297 = DEFINITIONAL_REPRESENTATION('',(#2298),#2301);
#2298 = B_SPLINE_CURVE_WITH_KNOTS('',1,(#2299,#2300),.UNSPECIFIED.,.F.,
  .F.,(2,2),(4.712388980385,6.28318530718),.PIECEWISE_BEZIER_KNOTS.);
#2299 = CARTESIAN_POINT('',(-1.570796326795,5.));
#2300 = CARTESIAN_POINT('',(0.,5.));
#2301 = ( GEOMETRIC_REPRESENTATION_CONTEXT(2) 
PARAMETRIC_REPRESENTATION_CONTEXT() REPRESENTATION_CONTEXT('2D SPACE',''
  ) );
#2302 = ORIENTED_EDGE('',*,*,#2059,.T.);
#2303 = ORIENTED_EDGE('',*,*,#1757,.T.);
#2304 = ORIENTED_EDGE('',*,*,#1593,.F.);
#2305 = ORIENTED_EDGE('',*,*,#1540,.T.);
#2306 = ORIENTED_EDGE('',*,*,#1707,.F.);
#2307 = ADVANCED_FACE('',(#2308),#1672,.T.);
#2308 = FACE_BOUND('',#2309,.T.);
#2309 = EDGE_LOOP('',(#2310,#2311,#2312,#2335));
#2310 = ORIENTED_EDGE('',*,*,#1654,.F.);
#2311 = ORIENTED_EDGE('',*,*,#2252,.T.);
#2312 = ORIENTED_EDGE('',*,*,#2313,.T.);
#2313 = EDGE_CURVE('',#2182,#2314,#2316,.T.);
#2314 = VERTEX_POINT('',#2315);
#2315 = CARTESIAN_POINT('',(41.5,11.9,206.));
#2316 = SURFACE_CURVE('',#2317,(#2321,#2328),.PCURVE_S1.);
#2317 = LINE('',#2318,#2319);
#2318 = CARTESIAN_POINT('',(41.5,11.9,148.));
#2319 = VECTOR('',#2320,1.);
#2320 = DIRECTION('',(0.,0.,1.));
#2321 = PCURVE('',#1672,#2322);
#2322 = DEFINITIONAL_REPRESENTATION('',(#2323),#2327);
#2323 = LINE('',#2324,#2325);
#2324 = CARTESIAN_POINT('',(0.,-32.4));
#2325 = VECTOR('',#2326,1.);
#2326 = DIRECTION('',(1.,0.));
#2327 = ( GEOMETRIC_REPRESENTATION_CONTEXT(2) 
PARAMETRIC_REPRESENTATION_CONTEXT() REPRESENTATION_CONTEXT('2D SPACE',''
  ) );
#2328 = PCURVE('',#1914,#2329);
#2329 = DEFINITIONAL_REPRESENTATION('',(#2330),#2334);
#2330 = LINE('',#2331,#2332);
#2331 = CARTESIAN_POINT('',(0.,0.));
#2332 = VECTOR('',#2333,1.);
#2333 = DIRECTION('',(0.,1.));
#2334 = ( GEOMETRIC_REPRESENTATION_CONTEXT(2) 
PARAMETRIC_REPRESENTATION_CONTEXT() REPRESENTATION_CONTEXT('2D SPACE',''
  ) );
#2335 = ORIENTED_EDGE('',*,*,#2336,.F.);
#2336 = EDGE_CURVE('',#1657,#2314,#2337,.T.);
#2337 = SURFACE_CURVE('',#2338,(#2342,#2349),.PCURVE_S1.);
#2338 = LINE('',#2339,#2340);
#2339 = CARTESIAN_POINT('',(41.5,-20.5,206.));
#2340 = VECTOR('',#2341,1.);
#2341 = DIRECTION('',(0.,1.,0.));
#2342 = PCURVE('',#1672,#2343);
#2343 = DEFINITIONAL_REPRESENTATION('',(#2344),#2348);
#2344 = LINE('',#2345,#2346);
#2345 = CARTESIAN_POINT('',(58.,0.));
#2346 = VECTOR('',#2347,1.);
#2347 = DIRECTION('',(0.,-1.));
#2348 = ( GEOMETRIC_REPRESENTATION_CONTEXT(2) 
PARAMETRIC_REPRESENTATION_CONTEXT() REPRESENTATION_CONTEXT('2D SPACE',''
  ) );
#2349 = PCURVE('',#2048,#2350);
#2350 = DEFINITIONAL_REPRESENTATION('',(#2351),#2355);
#2351 = LINE('',#2352,#2353);
#2352 = CARTESIAN_POINT('',(-0.,0.));
#2353 = VECTOR('',#2354,1.);
#2354 = DIRECTION('',(-0.,1.));
#2355 = ( GEOMETRIC_REPRESENTATION_CONTEXT(2) 
PARAMETRIC_REPRESENTATION_CONTEXT() REPRESENTATION_CONTEXT('2D SPACE',''
  ) );
#2356 = ADVANCED_FACE('',(#2357),#2048,.T.);
#2357 = FACE_BOUND('',#2358,.F.);
#2358 = EDGE_LOOP('',(#2359,#2360,#2361,#2383));
#2359 = ORIENTED_EDGE('',*,*,#2283,.F.);
#2360 = ORIENTED_EDGE('',*,*,#2033,.T.);
#2361 = ORIENTED_EDGE('',*,*,#2362,.F.);
#2362 = EDGE_CURVE('',#2314,#1978,#2363,.T.);
#2363 = SURFACE_CURVE('',#2364,(#2369,#2376),.PCURVE_S1.);
#2364 = CIRCLE('',#2365,5.);
#2365 = AXIS2_PLACEMENT_3D('',#2366,#2367,#2368);
#2366 = CARTESIAN_POINT('',(36.5,11.9,206.));
#2367 = DIRECTION('',(-0.,-1.,0.));
#2368 = DIRECTION('',(1.,-0.,0.));
#2369 = PCURVE('',#2048,#2370);
#2370 = DEFINITIONAL_REPRESENTATION('',(#2371),#2375);
#2371 = LINE('',#2372,#2373);
#2372 = CARTESIAN_POINT('',(-0.,32.4));
#2373 = VECTOR('',#2374,1.);
#2374 = DIRECTION('',(-1.,0.));
#2375 = ( GEOMETRIC_REPRESENTATION_CONTEXT(2) 
PARAMETRIC_REPRESENTATION_CONTEXT() REPRESENTATION_CONTEXT('2D SPACE',''
  ) );
#2376 = PCURVE('',#1994,#2377);
#2377 = DEFINITIONAL_REPRESENTATION('',(#2378),#2382);
#2378 = LINE('',#2379,#2380);
#2379 = CARTESIAN_POINT('',(0.,0.));
#2380 = VECTOR('',#2381,1.);
#2381 = DIRECTION('',(1.,0.));
#2382 = ( GEOMETRIC_REPRESENTATION_CONTEXT(2) 
PARAMETRIC_REPRESENTATION_CONTEXT() REPRESENTATION_CONTEXT('2D SPACE',''
  ) );
#2383 = ORIENTED_EDGE('',*,*,#2336,.F.);
#2384 = ADVANCED_FACE('',(#2385),#1994,.T.);
#2385 = FACE_BOUND('',#2386,.T.);
#2386 = EDGE_LOOP('',(#2387,#2409,#2435,#2436));
#2387 = ORIENTED_EDGE('',*,*,#2388,.F.);
#2388 = EDGE_CURVE('',#2389,#2314,#2391,.T.);
#2389 = VERTEX_POINT('',#2390);
#2390 = CARTESIAN_POINT('',(40.770831300813,14.5,206.));
#2391 = SURFACE_CURVE('',#2392,(#2397,#2403),.PCURVE_S1.);
#2392 = CIRCLE('',#2393,5.);
#2393 = AXIS2_PLACEMENT_3D('',#2394,#2395,#2396);
#2394 = CARTESIAN_POINT('',(36.5,11.9,206.));
#2395 = DIRECTION('',(0.,0.,-1.));
#2396 = DIRECTION('',(1.,0.,0.));
#2397 = PCURVE('',#1994,#2398);
#2398 = DEFINITIONAL_REPRESENTATION('',(#2399),#2402);
#2399 = B_SPLINE_CURVE_WITH_KNOTS('',1,(#2400,#2401),.UNSPECIFIED.,.F.,
  .F.,(2,2),(4.712388980385,6.28318530718),.PIECEWISE_BEZIER_KNOTS.);
#2400 = CARTESIAN_POINT('',(0.,-1.570796326795));
#2401 = CARTESIAN_POINT('',(0.,0.));
#2402 = ( GEOMETRIC_REPRESENTATION_CONTEXT(2) 
PARAMETRIC_REPRESENTATION_CONTEXT() REPRESENTATION_CONTEXT('2D SPACE',''
  ) );
#2403 = PCURVE('',#1914,#2404);
#2404 = DEFINITIONAL_REPRESENTATION('',(#2405),#2408);
#2405 = B_SPLINE_CURVE_WITH_KNOTS('',1,(#2406,#2407),.UNSPECIFIED.,.F.,
  .F.,(2,2),(4.712388980385,6.28318530718),.PIECEWISE_BEZIER_KNOTS.);
#2406 = CARTESIAN_POINT('',(1.570796326795,58.));
#2407 = CARTESIAN_POINT('',(0.,58.));
#2408 = ( GEOMETRIC_REPRESENTATION_CONTEXT(2) 
PARAMETRIC_REPRESENTATION_CONTEXT() REPRESENTATION_CONTEXT('2D SPACE',''
  ) );
#2409 = ORIENTED_EDGE('',*,*,#2410,.T.);
#2410 = EDGE_CURVE('',#2389,#1952,#2411,.T.);
#2411 = SURFACE_CURVE('',#2412,(#2417,#2424),.PCURVE_S1.);
#2412 = CIRCLE('',#2413,4.270831300813);
#2413 = AXIS2_PLACEMENT_3D('',#2414,#2415,#2416);
#2414 = CARTESIAN_POINT('',(36.5,14.5,206.));
#2415 = DIRECTION('',(-0.,-1.,0.));
#2416 = DIRECTION('',(1.,-0.,0.));
#2417 = PCURVE('',#1994,#2418);
#2418 = DEFINITIONAL_REPRESENTATION('',(#2419),#2423);
#2419 = LINE('',#2420,#2421);
#2420 = CARTESIAN_POINT('',(0.,-0.546850950696));
#2421 = VECTOR('',#2422,1.);
#2422 = DIRECTION('',(1.,0.));
#2423 = ( GEOMETRIC_REPRESENTATION_CONTEXT(2) 
PARAMETRIC_REPRESENTATION_CONTEXT() REPRESENTATION_CONTEXT('2D SPACE',''
  ) );
#2424 = PCURVE('',#1966,#2425);
#2425 = DEFINITIONAL_REPRESENTATION('',(#2426),#2434);
#2426 = ( BOUNDED_CURVE() B_SPLINE_CURVE(2,(#2427,#2428,#2429,#2430,
#2431,#2432,#2433),.UNSPECIFIED.,.T.,.F.) B_SPLINE_CURVE_WITH_KNOTS((1,2
    ,2,2,2,1),(-2.094395102393,0.,2.094395102393,4.188790204786,
6.28318530718,8.377580409573),.UNSPECIFIED.) CURVE() 
GEOMETRIC_REPRESENTATION_ITEM() RATIONAL_B_SPLINE_CURVE((1.,0.5,1.,0.5,
1.,0.5,1.)) REPRESENTATION_ITEM('') );
#2427 = CARTESIAN_POINT('',(12.,31.770831300813));
#2428 = CARTESIAN_POINT('',(19.397296803563,31.770831300813));
#2429 = CARTESIAN_POINT('',(15.698648401781,25.364584349594));
#2430 = CARTESIAN_POINT('',(12.,18.958337398375));
#2431 = CARTESIAN_POINT('',(8.301351598219,25.364584349594));
#2432 = CARTESIAN_POINT('',(4.602703196437,31.770831300813));
#2433 = CARTESIAN_POINT('',(12.,31.770831300813));
#2434 = ( GEOMETRIC_REPRESENTATION_CONTEXT(2) 
PARAMETRIC_REPRESENTATION_CONTEXT() REPRESENTATION_CONTEXT('2D SPACE',''
  ) );
#2435 = ORIENTED_EDGE('',*,*,#1977,.T.);
#2436 = ORIENTED_EDGE('',*,*,#2362,.F.);
#2437 = ADVANCED_FACE('',(#2438),#1966,.T.);
#2438 = FACE_BOUND('',#2439,.T.);
#2439 = EDGE_LOOP('',(#2440,#2463,#2464,#2465));
#2440 = ORIENTED_EDGE('',*,*,#2441,.F.);
#2441 = EDGE_CURVE('',#1926,#2442,#2444,.T.);
#2442 = VERTEX_POINT('',#2443);
#2443 = CARTESIAN_POINT('',(40.770831300813,14.5,194.));
#2444 = SURFACE_CURVE('',#2445,(#2449,#2456),.PCURVE_S1.);
#2445 = LINE('',#2446,#2447);
#2446 = CARTESIAN_POINT('',(9.,14.5,194.));
#2447 = VECTOR('',#2448,1.);
#2448 = DIRECTION('',(1.,0.,0.));
#2449 = PCURVE('',#1966,#2450);
#2450 = DEFINITIONAL_REPRESENTATION('',(#2451),#2455);
#2451 = LINE('',#2452,#2453);
#2452 = CARTESIAN_POINT('',(0.,0.));
#2453 = VECTOR('',#2454,1.);
#2454 = DIRECTION('',(0.,1.));
#2455 = ( GEOMETRIC_REPRESENTATION_CONTEXT(2) 
PARAMETRIC_REPRESENTATION_CONTEXT() REPRESENTATION_CONTEXT('2D SPACE',''
  ) );
#2456 = PCURVE('',#1940,#2457);
#2457 = DEFINITIONAL_REPRESENTATION('',(#2458),#2462);
#2458 = LINE('',#2459,#2460);
#2459 = CARTESIAN_POINT('',(0.,0.));
#2460 = VECTOR('',#2461,1.);
#2461 = DIRECTION('',(1.,0.));
#2462 = ( GEOMETRIC_REPRESENTATION_CONTEXT(2) 
PARAMETRIC_REPRESENTATION_CONTEXT() REPRESENTATION_CONTEXT('2D SPACE',''
  ) );
#2463 = ORIENTED_EDGE('',*,*,#1951,.T.);
#2464 = ORIENTED_EDGE('',*,*,#2410,.F.);
#2465 = ORIENTED_EDGE('',*,*,#2466,.F.);
#2466 = EDGE_CURVE('',#2442,#2389,#2467,.T.);
#2467 = SURFACE_CURVE('',#2468,(#2472,#2478),.PCURVE_S1.);
#2468 = LINE('',#2469,#2470);
#2469 = CARTESIAN_POINT('',(40.770831300813,14.5,148.));
#2470 = VECTOR('',#2471,1.);
#2471 = DIRECTION('',(0.,0.,1.));
#2472 = PCURVE('',#1966,#2473);
#2473 = DEFINITIONAL_REPRESENTATION('',(#2474),#2477);
#2474 = B_SPLINE_CURVE_WITH_KNOTS('',1,(#2475,#2476),.UNSPECIFIED.,.F.,
  .F.,(2,2),(43.6,58.0000006),.PIECEWISE_BEZIER_KNOTS.);
#2475 = CARTESIAN_POINT('',(-2.4,31.770831300813));
#2476 = CARTESIAN_POINT('',(12.0000006,31.770831300813));
#2477 = ( GEOMETRIC_REPRESENTATION_CONTEXT(2) 
PARAMETRIC_REPRESENTATION_CONTEXT() REPRESENTATION_CONTEXT('2D SPACE',''
  ) );
#2478 = PCURVE('',#1914,#2479);
#2479 = DEFINITIONAL_REPRESENTATION('',(#2480),#2483);
#2480 = B_SPLINE_CURVE_WITH_KNOTS('',1,(#2481,#2482),.UNSPECIFIED.,.F.,
  .F.,(2,2),(43.6,58.0000006),.PIECEWISE_BEZIER_KNOTS.);
#2481 = CARTESIAN_POINT('',(0.546850950696,43.6));
#2482 = CARTESIAN_POINT('',(0.546850950696,58.0000006));
#2483 = ( GEOMETRIC_REPRESENTATION_CONTEXT(2) 
PARAMETRIC_REPRESENTATION_CONTEXT() REPRESENTATION_CONTEXT('2D SPACE',''
  ) );
#2484 = ADVANCED_FACE('',(#2485),#1940,.T.);
#2485 = FACE_BOUND('',#2486,.T.);
#2486 = EDGE_LOOP('',(#2487,#2488,#2510));
#2487 = ORIENTED_EDGE('',*,*,#2441,.T.);
#2488 = ORIENTED_EDGE('',*,*,#2489,.T.);
#2489 = EDGE_CURVE('',#2442,#1900,#2490,.T.);
#2490 = SURFACE_CURVE('',#2491,(#2496,#2503),.PCURVE_S1.);
#2491 = CIRCLE('',#2492,5.);
#2492 = AXIS2_PLACEMENT_3D('',#2493,#2494,#2495);
#2493 = CARTESIAN_POINT('',(36.5,11.9,194.));
#2494 = DIRECTION('',(0.,0.,1.));
#2495 = DIRECTION('',(1.,0.,-0.));
#2496 = PCURVE('',#1940,#2497);
#2497 = DEFINITIONAL_REPRESENTATION('',(#2498),#2502);
#2498 = CIRCLE('',#2499,5.);
#2499 = AXIS2_PLACEMENT_2D('',#2500,#2501);
#2500 = CARTESIAN_POINT('',(27.5,-2.6));
#2501 = DIRECTION('',(1.,0.));
#2502 = ( GEOMETRIC_REPRESENTATION_CONTEXT(2) 
PARAMETRIC_REPRESENTATION_CONTEXT() REPRESENTATION_CONTEXT('2D SPACE',''
  ) );
#2503 = PCURVE('',#1914,#2504);
#2504 = DEFINITIONAL_REPRESENTATION('',(#2505),#2509);
#2505 = LINE('',#2506,#2507);
#2506 = CARTESIAN_POINT('',(0.,46.));
#2507 = VECTOR('',#2508,1.);
#2508 = DIRECTION('',(1.,0.));
#2509 = ( GEOMETRIC_REPRESENTATION_CONTEXT(2) 
PARAMETRIC_REPRESENTATION_CONTEXT() REPRESENTATION_CONTEXT('2D SPACE',''
  ) );
#2510 = ORIENTED_EDGE('',*,*,#1925,.T.);
#2511 = ADVANCED_FACE('',(#2512),#1914,.T.);
#2512 = FACE_BOUND('',#2513,.T.);
#2513 = EDGE_LOOP('',(#2514,#2515,#2516,#2517,#2539,#2540,#2541,#2542));
#2514 = ORIENTED_EDGE('',*,*,#2313,.F.);
#2515 = ORIENTED_EDGE('',*,*,#2205,.T.);
#2516 = ORIENTED_EDGE('',*,*,#2117,.T.);
#2517 = ORIENTED_EDGE('',*,*,#2518,.T.);
#2518 = EDGE_CURVE('',#2095,#1874,#2519,.T.);
#2519 = SURFACE_CURVE('',#2520,(#2525,#2532),.PCURVE_S1.);
#2520 = CIRCLE('',#2521,5.);
#2521 = AXIS2_PLACEMENT_3D('',#2522,#2523,#2524);
#2522 = CARTESIAN_POINT('',(36.5,11.9,170.));
#2523 = DIRECTION('',(0.,0.,1.));
#2524 = DIRECTION('',(1.,0.,-0.));
#2525 = PCURVE('',#1914,#2526);
#2526 = DEFINITIONAL_REPRESENTATION('',(#2527),#2531);
#2527 = LINE('',#2528,#2529);
#2528 = CARTESIAN_POINT('',(0.,22.));
#2529 = VECTOR('',#2530,1.);
#2530 = DIRECTION('',(1.,0.));
#2531 = ( GEOMETRIC_REPRESENTATION_CONTEXT(2) 
PARAMETRIC_REPRESENTATION_CONTEXT() REPRESENTATION_CONTEXT('2D SPACE',''
  ) );
#2532 = PCURVE('',#1888,#2533);
#2533 = DEFINITIONAL_REPRESENTATION('',(#2534),#2538);
#2534 = CIRCLE('',#2535,5.);
#2535 = AXIS2_PLACEMENT_2D('',#2536,#2537);
#2536 = CARTESIAN_POINT('',(27.5,-2.6));
#2537 = DIRECTION('',(1.,0.));
#2538 = ( GEOMETRIC_REPRESENTATION_CONTEXT(2) 
PARAMETRIC_REPRESENTATION_CONTEXT() REPRESENTATION_CONTEXT('2D SPACE',''
  ) );
#2539 = ORIENTED_EDGE('',*,*,#1899,.T.);
#2540 = ORIENTED_EDGE('',*,*,#2489,.F.);
#2541 = ORIENTED_EDGE('',*,*,#2466,.T.);
#2542 = ORIENTED_EDGE('',*,*,#2388,.T.);
#2543 = ADVANCED_FACE('',(#2544),#1888,.F.);
#2544 = FACE_BOUND('',#2545,.F.);
#2545 = EDGE_LOOP('',(#2546,#2547,#2548));
#2546 = ORIENTED_EDGE('',*,*,#2094,.T.);
#2547 = ORIENTED_EDGE('',*,*,#2518,.T.);
#2548 = ORIENTED_EDGE('',*,*,#1873,.T.);
#2549 = ( GEOMETRIC_REPRESENTATION_CONTEXT(3) 
GLOBAL_UNCERTAINTY_ASSIGNED_CONTEXT((#2553)) 
GLOBAL_UNIT_ASSIGNED_CONTEXT((#2550,#2551,#2552)) REPRESENTATION_CONTEXT
('Context #1','3D Context with UNIT and UNCERTAINTY') );
#2550 = ( LENGTH_UNIT() NAMED_UNIT(*) SI_UNIT(.MILLI.,.METRE.) );
#2551 = ( NAMED_UNIT(*) PLANE_ANGLE_UNIT() SI_UNIT($,.RADIAN.) );
#2552 = ( NAMED_UNIT(*) SI_UNIT($,.STERADIAN.) SOLID_ANGLE_UNIT() );
#2553 = UNCERTAINTY_MEASURE_WITH_UNIT(LENGTH_MEASURE(1.E-07),#2550,
  'distance_accuracy_value','confusion accuracy');
#2554 = PRODUCT_RELATED_PRODUCT_CATEGORY('part',$,(#7));
ENDSEC;
END-ISO-10303-21;
