ISO-10303-21;
HEADER;
FILE_DESCRIPTION(('Open CASCADE Model'),'2;1');
FILE_NAME('Open CASCADE Shape Model','2026-09-15T16:06:35',('Author'),(
    'Open CASCADE'),'Open CASCADE STEP processor 7.9','Open CASCADE 7.9'
  ,'Unknown');
FILE_SCHEMA(('AUTOMOTIVE_DESIGN { 1 0 10303 214 1 1 1 1 }'));
ENDSEC;
DATA;
#1 = APPLICATION_PROTOCOL_DEFINITION('international standard',
  'automotive_design',2000,#2);
#2 = APPLICATION_CONTEXT(
  'core data for automotive mechanical design processes');
#3 = SHAPE_DEFINITION_REPRESENTATION(#4,#10);
#4 = PRODUCT_DEFINITION_SHAPE('','',#5);
#5 = PRODUCT_DEFINITION('design','',#6,#9);
#6 = PRODUCT_DEFINITION_FORMATION('','',#7);
#7 = PRODUCT('Open CASCADE STEP translator 7.9 13',
  'Open CASCADE STEP translator 7.9 13','',(#8));
#8 = PRODUCT_CONTEXT('',#2,'mechanical');
#9 = PRODUCT_DEFINITION_CONTEXT('part definition',#2,'design');
#10 = ADVANCED_BREP_SHAPE_REPRESENTATION('',(#11,#15),#1858);
#11 = AXIS2_PLACEMENT_3D('',#12,#13,#14);
#12 = CARTESIAN_POINT('',(0.,0.,0.));
#13 = DIRECTION('',(0.,0.,1.));
#14 = DIRECTION('',(1.,0.,-0.));
#15 = MANIFOLD_SOLID_BREP('',#16);
#16 = CLOSED_SHELL('',(#17,#1598,#1845,#1849,#1854));
#17 = ADVANCED_FACE('',(#18),#34,.T.);
#18 = FACE_BOUND('',#19,.T.);
#19 = EDGE_LOOP('',(#20,#233,#739,#1016,#1520,#1547,#1597));
#20 = ORIENTED_EDGE('',*,*,#21,.T.);
#21 = EDGE_CURVE('',#22,#24,#26,.T.);
#22 = VERTEX_POINT('',#23);
#23 = CARTESIAN_POINT('',(-54.36626257692,26.334216804675,
    131.33934410736));
#24 = VERTEX_POINT('',#25);
#25 = CARTESIAN_POINT('',(-54.40497530462,26.347676081482,
    130.98240876311));
#26 = SURFACE_CURVE('',#27,(#33,#148),.PCURVE_S1.);
#27 = B_SPLINE_CURVE_WITH_KNOTS('',4,(#28,#29,#30,#31,#32),
  .UNSPECIFIED.,.F.,.F.,(5,5),(0.,1.),.PIECEWISE_BEZIER_KNOTS.);
#28 = CARTESIAN_POINT('',(-54.36626257692,26.334216804675,
    131.33934410736));
#29 = CARTESIAN_POINT('',(-54.3753964341,26.339087953571,131.2501176624)
  );
#30 = CARTESIAN_POINT('',(-54.38490225801,26.342953488086,
    131.16087437469));
#31 = CARTESIAN_POINT('',(-54.39476675498,26.345815101604,
    131.07163232915));
#32 = CARTESIAN_POINT('',(-54.40497530462,26.347676081482,
    130.98240876311));
#33 = PCURVE('',#34,#140);
#34 = ( BOUNDED_SURFACE() B_SPLINE_SURFACE(14,6,(
    (#35,#36,#37,#38,#39,#40,#41)
    ,(#42,#43,#44,#45,#46,#47,#48)
    ,(#49,#50,#51,#52,#53,#54,#55)
    ,(#56,#57,#58,#59,#60,#61,#62)
    ,(#63,#64,#65,#66,#67,#68,#69)
    ,(#70,#71,#72,#73,#74,#75,#76)
    ,(#77,#78,#79,#80,#81,#82,#83)
    ,(#84,#85,#86,#87,#88,#89,#90)
    ,(#91,#92,#93,#94,#95,#96,#97)
    ,(#98,#99,#100,#101,#102,#103,#104)
    ,(#105,#106,#107,#108,#109,#110,#111)
    ,(#112,#113,#114,#115,#116,#117,#118)
    ,(#119,#120,#121,#122,#123,#124,#125)
    ,(#126,#127,#128,#129,#130,#131,#132)
    ,(#133,#134,#135,#136,#137,#138,#139
)),.UNSPECIFIED.,.T.,.F.,.F.) B_SPLINE_SURFACE_WITH_KNOTS((15,15),(7,7),
  (0.,1.),(0.,1.),.PIECEWISE_BEZIER_KNOTS.) 
GEOMETRIC_REPRESENTATION_ITEM() RATIONAL_B_SPLINE_SURFACE((
    (1.,1.,1.,1.,1.,1.,1.)
    ,(1.,1.,1.,1.,1.,1.,1.)
    ,(1.,1.,1.,1.,1.,1.,1.)
    ,(1.,1.,1.,1.,1.,1.,1.)
    ,(1.,1.,1.,1.,1.,1.,1.)
    ,(1.,1.,1.,1.,1.,1.,1.)
    ,(1.,1.,1.,1.,1.,1.,1.)
    ,(1.,1.,1.,1.,1.,1.,1.)
    ,(1.,1.,1.,1.,1.,1.,1.)
    ,(1.,1.,1.,1.,1.,1.,1.)
    ,(1.,1.,1.,1.,1.,1.,1.)
    ,(1.,1.,1.,1.,1.,1.,1.)
    ,(1.,1.,1.,1.,1.,1.,1.)
    ,(1.,1.,1.,1.,1.,1.,1.)
,(1.,1.,1.,1.,1.,1.,1.))) REPRESENTATION_ITEM('') SURFACE() );
#35 = CARTESIAN_POINT('',(-38.,31.,129.));
#36 = CARTESIAN_POINT('',(-31.74979762138,-6.16472730149,145.26682048193
    ));
#37 = CARTESIAN_POINT('',(-128.9524230124,96.453151992249,
    105.39414458143));
#38 = CARTESIAN_POINT('',(-72.96298356134,-8.120973917569,
    130.18133518668));
#39 = CARTESIAN_POINT('',(-122.6265574783,24.094544175361,
    144.03681586254));
#40 = CARTESIAN_POINT('',(-115.1586296877,7.302918694752,166.72922282099
    ));
#41 = CARTESIAN_POINT('',(-113.,1.2,186.));
#42 = CARTESIAN_POINT('',(-38.,31.000000000001,119.57522203922));
#43 = CARTESIAN_POINT('',(-31.92886323167,-6.164727301474,
    157.32159981714));
#44 = CARTESIAN_POINT('',(-122.4298576352,96.453151992207,
    56.043992869154));
#45 = CARTESIAN_POINT('',(-89.82032852846,-8.120973917509,
    149.13627355086));
#46 = CARTESIAN_POINT('',(-122.3336917349,24.094544175335,
    136.32680976097));
#47 = CARTESIAN_POINT('',(-118.4155464473,7.30291869476,167.86604561104)
  );
#48 = CARTESIAN_POINT('',(-113.4014485793,1.2,186.0446053977));
#49 = CARTESIAN_POINT('',(-38.,24.275654802819,110.15044059955));
#50 = CARTESIAN_POINT('',(-32.10792890806,-4.827504679157,
    169.37638360194));
#51 = CARTESIAN_POINT('',(-115.9072898504,75.531067770757,6.693822940809
    ));
#52 = CARTESIAN_POINT('',(-106.6776797179,-6.359405812711,168.0912189116
    ));
#53 = CARTESIAN_POINT('',(-122.0408258834,18.868082300437,
    128.61680081352));
#54 = CARTESIAN_POINT('',(-121.6724644091,5.718815328819,169.0028688207)
  );
#55 = CARTESIAN_POINT('',(-113.8028973068,0.939701312743,186.08921081187
    ));
#56 = CARTESIAN_POINT('',(-38.,10.826955811995,103.11079372196));
#57 = CARTESIAN_POINT('',(-32.24167833635,-2.153105102856,178.3804567017
    ));
#58 = CARTESIAN_POINT('',(-111.0353918405,33.686976295781,
    -30.16727265813));
#59 = CARTESIAN_POINT('',(-119.2689318786,-2.836389704173,
    182.24922594643));
#60 = CARTESIAN_POINT('',(-121.8220757522,8.415244036853,122.8579680214)
  );
#61 = CARTESIAN_POINT('',(-124.1051523719,2.550560795386,169.85199556274
    ));
#62 = CARTESIAN_POINT('',(-114.1027511867,0.419118143637,186.12252790963
    ));
#63 = CARTESIAN_POINT('',(-38.,-7.33492905681,100.84115048764));
#64 = CARTESIAN_POINT('',(-32.28480031259,1.458757500297,181.28344799453
    ));
#65 = CARTESIAN_POINT('',(-109.46464965,-22.82209698928,-42.05160971189)
  );
#66 = CARTESIAN_POINT('',(-123.3284608258,1.921812291376,186.81389025921
    ));
#67 = CARTESIAN_POINT('',(-121.7515488119,-5.701253653795,
    121.00127036153));
#68 = CARTESIAN_POINT('',(-124.8894720788,-1.727834472691,170.125761392)
  );
#69 = CARTESIAN_POINT('',(-114.1994266793,-0.283968818783,
    186.13326963103));
#70 = CARTESIAN_POINT('',(-38.,-26.18804547264,104.8714859188));
#71 = CARTESIAN_POINT('',(-32.20822615061,5.207542814104,176.12844015596
    ));
#72 = CARTESIAN_POINT('',(-112.2539064847,-81.48068682183,
    -20.94791201219));
#73 = CARTESIAN_POINT('',(-116.119722861,6.859707022267,178.70815450627)
  );
#74 = CARTESIAN_POINT('',(-121.8767875375,-20.35396162254,
    124.29831469441));
#75 = CARTESIAN_POINT('',(-123.4967106719,-6.169587641191,
    169.63961973556));
#76 = CARTESIAN_POINT('',(-114.0277544722,-1.013648321405,
    186.11419494136));
#77 = CARTESIAN_POINT('',(-38.,-40.58029275123,115.01640984942));
#78 = CARTESIAN_POINT('',(-32.01547816206,8.070316258151,163.15255681188
    ));
#79 = CARTESIAN_POINT('',(-119.2748601729,-126.2621420269,
    32.173077912493));
#80 = CARTESIAN_POINT('',(-97.97431051529,10.631806940172,
    158.30487194406));
#81 = CARTESIAN_POINT('',(-122.1920311117,-31.54160183935,
    132.59744128733));
#82 = CARTESIAN_POINT('',(-119.9909333568,-9.559408548454,
    168.41593247461));
#83 = CARTESIAN_POINT('',(-113.5956312629,-1.570982339347,
    186.06618125144));
#84 = CARTESIAN_POINT('',(-38.,-45.99868666368,128.99999999974));
#85 = CARTESIAN_POINT('',(-31.74979762136,9.14689569573,145.26682048277)
  );
#86 = CARTESIAN_POINT('',(-128.9524230122,-143.1188445688,
    105.39414457927));
#87 = CARTESIAN_POINT('',(-72.96298356196,12.048834380429,
    130.18133518763));
#88 = CARTESIAN_POINT('',(-122.6265574781,-35.75119528067,144.0368158622
    ));
#89 = CARTESIAN_POINT('',(-115.1586296879,-10.83676563233,
    166.72922282104));
#90 = CARTESIAN_POINT('',(-113.,-1.780439975542,186.));
#91 = CARTESIAN_POINT('',(-38.,-40.58029275127,142.98359015103));
#92 = CARTESIAN_POINT('',(-31.48411708072,8.070316258099,127.38108415051
    ));
#93 = CARTESIAN_POINT('',(-138.6299858524,-126.262142027,178.6152112542)
  );
#94 = CARTESIAN_POINT('',(-47.95165660622,10.631806940281,
    102.05779842769));
#95 = CARTESIAN_POINT('',(-123.0610838451,-31.54160183941,
    155.47619043831));
#96 = CARTESIAN_POINT('',(-110.3263260184,-9.559408548444,
    165.04251316729));
#97 = CARTESIAN_POINT('',(-112.404368737,-1.570982339347,185.93381874855
    ));
#98 = CARTESIAN_POINT('',(-38.,-26.18804547259,153.12851408084));
#99 = CARTESIAN_POINT('',(-31.29136909213,5.207542814196,114.40520080904
    ));
#100 = CARTESIAN_POINT('',(-145.6509395399,-81.48068682175,
    231.73620117209));
#101 = CARTESIAN_POINT('',(-29.80624426247,6.859707022141,
    81.654515868376));
#102 = CARTESIAN_POINT('',(-123.3763274188,-20.35396162246,
    163.77531703021));
#103 = CARTESIAN_POINT('',(-106.8205487037,-6.169587641201,
    163.8188259065));
#104 = CARTESIAN_POINT('',(-111.9722455277,-1.013648321406,
    185.88580505863));
#105 = CARTESIAN_POINT('',(-38.,-7.334929056856,157.15884951258));
#106 = CARTESIAN_POINT('',(-31.21479493016,1.458757500215,109.2501929687
    ));
#107 = CARTESIAN_POINT('',(-148.4401963751,-22.82209698934,
    252.83989887646));
#108 = CARTESIAN_POINT('',(-22.59750629626,1.92181229148,73.548780113514
    ));
#109 = CARTESIAN_POINT('',(-123.5015661447,-5.701253653866,
    167.07236136375));
#110 = CARTESIAN_POINT('',(-105.4277872966,-1.727834472683,
    163.33268424996));
#111 = CARTESIAN_POINT('',(-111.8005733206,-0.283968818782,
    185.86673036896));
#112 = CARTESIAN_POINT('',(-38.,10.826955812023,154.88920627792));
#113 = CARTESIAN_POINT('',(-31.25791690639,-2.1531051028,112.15318426245
    ));
#114 = CARTESIAN_POINT('',(-146.8694541843,33.686976295803,
    240.95556182018));
#115 = CARTESIAN_POINT('',(-26.65703524431,-2.836389704223,
    78.113444427226));
#116 = CARTESIAN_POINT('',(-123.4310392043,8.41524403689,165.21566370359
    ));
#117 = CARTESIAN_POINT('',(-106.2121070037,2.550560795382,
    163.60645007925));
#118 = CARTESIAN_POINT('',(-111.8972488132,0.419118143636,
    185.87747209036));
#119 = CARTESIAN_POINT('',(-38.,24.275654802807,147.84955940048));
#120 = CARTESIAN_POINT('',(-31.39166633472,-4.827504679181,
    121.15725736183));
#121 = CARTESIAN_POINT('',(-141.9975561745,75.531067770749,
    204.0944662223));
#122 = CARTESIAN_POINT('',(-39.24828740462,-6.359405812692,
    92.271451461705));
#123 = CARTESIAN_POINT('',(-123.2122890731,18.868082300422,
    159.45683091157));
#124 = CARTESIAN_POINT('',(-108.6447949664,5.718815328821,
    164.45557682128));
#125 = CARTESIAN_POINT('',(-112.1971026931,0.939701312744,
    185.91078918812));
#126 = CARTESIAN_POINT('',(-38.,31.000000000003,138.42477796076));
#127 = CARTESIAN_POINT('',(-31.5707320111,-6.164727301464,
    133.21204114675));
#128 = CARTESIAN_POINT('',(-135.4749883896,96.4531519922,154.74429629363
    ));
#129 = CARTESIAN_POINT('',(-56.10563859425,-8.120973917505,
    111.22639682254));
#130 = CARTESIAN_POINT('',(-122.9194232216,24.094544175334,
    151.74682196409));
#131 = CARTESIAN_POINT('',(-111.9017129282,7.30291869476,165.59240003095
    ));
#132 = CARTESIAN_POINT('',(-112.5985514206,1.2,185.95539460229));
#133 = CARTESIAN_POINT('',(-38.,31.,129.));
#134 = CARTESIAN_POINT('',(-31.74979762136,-6.164727301488,
    145.26682048193));
#135 = CARTESIAN_POINT('',(-128.9524230125,96.453151992244,
    105.39414458142));
#136 = CARTESIAN_POINT('',(-72.9629835613,-8.120973917565,
    130.18133518669));
#137 = CARTESIAN_POINT('',(-122.6265574783,24.094544175359,
    144.03681586253));
#138 = CARTESIAN_POINT('',(-115.1586296877,7.302918694753,
    166.72922282099));
#139 = CARTESIAN_POINT('',(-113.,1.2,186.));
#140 = DEFINITIONAL_REPRESENTATION('',(#141),#147);
#141 = B_SPLINE_CURVE_WITH_KNOTS('',4,(#142,#143,#144,#145,#146),
  .UNSPECIFIED.,.F.,.F.,(5,5),(0.,1.),.PIECEWISE_BEZIER_KNOTS.);
#142 = CARTESIAN_POINT('',(0.,0.155169351766));
#143 = CARTESIAN_POINT('',(9.042551960837E-04,0.155248960426));
#144 = CARTESIAN_POINT('',(1.807091053075E-03,0.155330628708));
#145 = CARTESIAN_POINT('',(2.70836752158E-03,0.155414270262));
#146 = CARTESIAN_POINT('',(3.607961387238E-03,0.155499791934));
#147 = ( GEOMETRIC_REPRESENTATION_CONTEXT(2) 
PARAMETRIC_REPRESENTATION_CONTEXT() REPRESENTATION_CONTEXT('2D SPACE',''
  ) );
#148 = PCURVE('',#149,#225);
#149 = ( BOUNDED_SURFACE() B_SPLINE_SURFACE(14,4,(
    (#150,#151,#152,#153,#154)
    ,(#155,#156,#157,#158,#159)
    ,(#160,#161,#162,#163,#164)
    ,(#165,#166,#167,#168,#169)
    ,(#170,#171,#172,#173,#174)
    ,(#175,#176,#177,#178,#179)
    ,(#180,#181,#182,#183,#184)
    ,(#185,#186,#187,#188,#189)
    ,(#190,#191,#192,#193,#194)
    ,(#195,#196,#197,#198,#199)
    ,(#200,#201,#202,#203,#204)
    ,(#205,#206,#207,#208,#209)
    ,(#210,#211,#212,#213,#214)
    ,(#215,#216,#217,#218,#219)
    ,(#220,#221,#222,#223,#224
)),.UNSPECIFIED.,.T.,.F.,.F.) B_SPLINE_SURFACE_WITH_KNOTS((15,15),(5,5),
  (0.,1.),(0.,1.),.PIECEWISE_BEZIER_KNOTS.) 
GEOMETRIC_REPRESENTATION_ITEM() RATIONAL_B_SPLINE_SURFACE((
    (1.,1.,1.,1.,1.)
    ,(1.,1.,1.,1.,1.)
    ,(1.,1.,1.,1.,1.)
    ,(1.,1.,1.,1.,1.)
    ,(1.,1.,1.,1.,1.)
    ,(1.,1.,1.,1.,1.)
    ,(1.,1.,1.,1.,1.)
    ,(1.,1.,1.,1.,1.)
    ,(1.,1.,1.,1.,1.)
    ,(1.,1.,1.,1.,1.)
    ,(1.,1.,1.,1.,1.)
    ,(1.,1.,1.,1.,1.)
    ,(1.,1.,1.,1.,1.)
    ,(1.,1.,1.,1.,1.)
,(1.,1.,1.,1.,1.))) REPRESENTATION_ITEM('') SURFACE() );
#150 = CARTESIAN_POINT('',(-38.,28.,129.));
#151 = CARTESIAN_POINT('',(-56.25362365524,18.230963396872,
    140.63405749156));
#152 = CARTESIAN_POINT('',(-98.89195932476,47.114285449302,106.455183738
    ));
#153 = CARTESIAN_POINT('',(-110.2595114004,16.392613994903,
    142.12815681945));
#154 = CARTESIAN_POINT('',(-107.,3.2,158.));
#155 = CARTESIAN_POINT('',(-38.,28.,120.92161889076));
#156 = CARTESIAN_POINT('',(-52.55736306236,18.230963396859,
    138.1776064894));
#157 = CARTESIAN_POINT('',(-103.4399233558,47.114285449323,
    86.228781520317));
#158 = CARTESIAN_POINT('',(-115.8893112591,16.392613994902,
    145.38425057098));
#159 = CARTESIAN_POINT('',(-107.8953168353,3.2,157.93604879747));
#160 = CARTESIAN_POINT('',(-38.,21.926397886419,112.84323479962));
#161 = CARTESIAN_POINT('',(-48.86110110511,14.276407964437,
    135.7211545805));
#162 = CARTESIAN_POINT('',(-107.9878890656,36.894515145519,
    66.00237183664));
#163 = CARTESIAN_POINT('',(-121.5191131958,12.836826460322,
    148.64034552441));
#164 = CARTESIAN_POINT('',(-108.7906340011,2.505870167316,
    157.87209757134));
#165 = CARTESIAN_POINT('',(-38.,9.779185894696,106.80925176169));
#166 = CARTESIAN_POINT('',(-46.10025417061,6.36726857582,133.88635829151
    ));
#167 = CARTESIAN_POINT('',(-111.384898621,16.455013194342,
    50.894670646276));
#168 = CARTESIAN_POINT('',(-125.7241780962,5.725188260324,
    151.07241875802));
#169 = CARTESIAN_POINT('',(-109.4593727651,1.117648383031,
    157.82433051677));
#170 = CARTESIAN_POINT('',(-38.,-6.62509721258,104.86384327511));
#171 = CARTESIAN_POINT('',(-45.21013316383,-4.313581213284,
    133.29480404787));
#172 = CARTESIAN_POINT('',(-112.4801239766,-11.14786840536,
    46.023816697401));
#173 = CARTESIAN_POINT('',(-127.0799275062,-3.878521077024,
    151.85654027093));
#174 = CARTESIAN_POINT('',(-109.674979945,-0.757250183421,
    157.80893000392));
#175 = CARTESIAN_POINT('',(-38.,-23.65371849146,108.31841650184));
#176 = CARTESIAN_POINT('',(-46.79077199614,-15.4012072707,
    134.34526078553));
#177 = CARTESIAN_POINT('',(-110.5352696096,-39.80070820574,
    54.673270917032));
#178 = CARTESIAN_POINT('',(-124.6724456605,-13.84841365032,
    150.46413080849));
#179 = CARTESIAN_POINT('',(-109.2921139318,-2.703062190413,
    157.83627757629));
#180 = CARTESIAN_POINT('',(-38.,-36.65316764621,117.0140655852));
#181 = CARTESIAN_POINT('',(-50.76946334547,-23.8648777897,
    136.98940886612));
#182 = CARTESIAN_POINT('',(-105.6397962812,-61.67503505787,
    76.445169708045));
#183 = CARTESIAN_POINT('',(-118.6124735795,-21.45808219456,
    146.95923938742));
#184 = CARTESIAN_POINT('',(-108.3283860619,-4.189286238259,
    157.90511528128));
#185 = CARTESIAN_POINT('',(-38.,-41.5472008576,128.9999999998));
#186 = CARTESIAN_POINT('',(-56.25362365517,-27.05187408233,
    140.63405749157));
#187 = CARTESIAN_POINT('',(-98.89195932481,-69.90897521045,
    106.45518373739));
#188 = CARTESIAN_POINT('',(-110.2595114007,-24.32445148589,
    142.12815681954));
#189 = CARTESIAN_POINT('',(-107.,-4.747839934779,158.));
#190 = CARTESIAN_POINT('',(-38.,-36.65316764623,140.98593441515));
#191 = CARTESIAN_POINT('',(-61.73778396513,-23.86487778977,
    144.27870611697));
#192 = CARTESIAN_POINT('',(-92.14412236817,-61.67503505783,
    136.46519776908));
#193 = CARTESIAN_POINT('',(-101.9065492209,-21.45808219459,
    137.29707425133));
#194 = CARTESIAN_POINT('',(-105.671613938,-4.189286238258,
    158.09488471871));
#195 = CARTESIAN_POINT('',(-38.,-23.65371849142,149.68158349787));
#196 = CARTESIAN_POINT('',(-65.71647531424,-15.40120727059,
    146.9228541976));
#197 = CARTESIAN_POINT('',(-87.24864903993,-39.80070820581,
    158.23709655812));
#198 = CARTESIAN_POINT('',(-95.84657714066,-13.84841365028,
    133.79218283054));
#199 = CARTESIAN_POINT('',(-104.7078860681,-2.703062190415,
    158.1637224237));
#200 = CARTESIAN_POINT('',(-38.,-6.625097212612,153.13615672506));
#201 = CARTESIAN_POINT('',(-67.29711414671,-4.313581213378,
    147.97331093523));
#202 = CARTESIAN_POINT('',(-85.30379467283,-11.1478684053,
    166.88655077914));
#203 = CARTESIAN_POINT('',(-93.4390952945,-3.878521077056,132.3997733679
    ));
#204 = CARTESIAN_POINT('',(-104.3250200549,-0.757250183419,
    158.19106999607));
#205 = CARTESIAN_POINT('',(-38.,9.779185894715,151.19074823822));
#206 = CARTESIAN_POINT('',(-66.40699313983,6.367268575876,147.3817566916
    ));
#207 = CARTESIAN_POINT('',(-86.3990200285,16.455013194304,
    162.01569682946));
#208 = CARTESIAN_POINT('',(-94.79484470475,5.725188260344,
    133.18389488093));
#209 = CARTESIAN_POINT('',(-104.5406272348,1.11764838303,158.17566948322
    ));
#210 = CARTESIAN_POINT('',(-38.,21.926397886412,145.15676520041));
#211 = CARTESIAN_POINT('',(-63.64614620538,14.276407964414,
    145.54696040261));
#212 = CARTESIAN_POINT('',(-89.79602958388,36.894515145535,
    146.90799563946));
#213 = CARTESIAN_POINT('',(-98.99990960501,12.836826460314,
    135.61596811448));
#214 = CARTESIAN_POINT('',(-105.2093659988,2.505870167316,
    158.12790242865));
#215 = CARTESIAN_POINT('',(-38.,28.000000000002,137.07838110922));
#216 = CARTESIAN_POINT('',(-59.94988424811,18.230963396864,
    143.09050849371));
#217 = CARTESIAN_POINT('',(-94.34399529371,47.114285449319,
    126.68158595566));
#218 = CARTESIAN_POINT('',(-104.6297115417,16.392613994904,
    138.87206306793));
#219 = CARTESIAN_POINT('',(-106.1046831646,3.2,158.06395120252));
#220 = CARTESIAN_POINT('',(-38.,28.,129.));
#221 = CARTESIAN_POINT('',(-56.25362365524,18.230963396872,
    140.63405749156));
#222 = CARTESIAN_POINT('',(-98.89195932477,47.114285449302,106.455183738
    ));
#223 = CARTESIAN_POINT('',(-110.2595114004,16.392613994903,
    142.12815681945));
#224 = CARTESIAN_POINT('',(-107.,3.2,158.));
#225 = DEFINITIONAL_REPRESENTATION('',(#226),#232);
#226 = B_SPLINE_CURVE_WITH_KNOTS('',4,(#227,#228,#229,#230,#231),
  .UNSPECIFIED.,.F.,.F.,(5,5),(0.,1.),.PIECEWISE_BEZIER_KNOTS.);
#227 = CARTESIAN_POINT('',(0.996539416265,0.176856937131));
#228 = CARTESIAN_POINT('',(0.997405758286,0.177033131348));
#229 = CARTESIAN_POINT('',(0.998271375532,0.177212558443));
#230 = CARTESIAN_POINT('',(0.999136156326,0.177395060759));
#231 = CARTESIAN_POINT('',(1.,0.177580470629));
#232 = ( GEOMETRIC_REPRESENTATION_CONTEXT(2) 
PARAMETRIC_REPRESENTATION_CONTEXT() REPRESENTATION_CONTEXT('2D SPACE',''
  ) );
#233 = ORIENTED_EDGE('',*,*,#234,.T.);
#234 = EDGE_CURVE('',#24,#235,#237,.T.);
#235 = VERTEX_POINT('',#236);
#236 = CARTESIAN_POINT('',(-54.58400845739,26.292045232584,
    129.64831763822));
#237 = SURFACE_CURVE('',#238,(#403,#571),.PCURVE_S1.);
#238 = B_SPLINE_CURVE_WITH_KNOTS('',7,(#239,#240,#241,#242,#243,#244,
    #245,#246,#247,#248,#249,#250,#251,#252,#253,#254,#255,#256,#257,
    #258,#259,#260,#261,#262,#263,#264,#265,#266,#267,#268,#269,#270,
    #271,#272,#273,#274,#275,#276,#277,#278,#279,#280,#281,#282,#283,
    #284,#285,#286,#287,#288,#289,#290,#291,#292,#293,#294,#295,#296,
    #297,#298,#299,#300,#301,#302,#303,#304,#305,#306,#307,#308,#309,
    #310,#311,#312,#313,#314,#315,#316,#317,#318,#319,#320,#321,#322,
    #323,#324,#325,#326,#327,#328,#329,#330,#331,#332,#333,#334,#335,
    #336,#337,#338,#339,#340,#341,#342,#343,#344,#345,#346,#347,#348,
    #349,#350,#351,#352,#353,#354,#355,#356,#357,#358,#359,#360,#361,
    #362,#363,#364,#365,#366,#367,#368,#369,#370,#371,#372,#373,#374,
    #375,#376,#377,#378,#379,#380,#381,#382,#383,#384,#385,#386,#387,
    #388,#389,#390,#391,#392,#393,#394,#395,#396,#397,#398,#399,#400,
    #401,#402),.UNSPECIFIED.,.F.,.F.,(8,6,6,6,6,6,6,6,6,6,6,6,6,6,6,6,6,
    6,6,6,6,6,6,6,6,6,6,8),(0.,2.99386091783E-02,6.44853510586E-02,
    0.107752033074,0.143045468589,0.171613295169,0.254051511694,
    0.338018867156,0.367485300067,0.403036333356,0.447564750617,
    0.483081655692,0.498274023244,0.520398874868,0.538862349866,
    0.548420945659,0.569482035669,0.606896154052,0.641725060354,
    0.670966888738,0.75545274425,0.839421360543,0.868673573424,
    0.903499790519,0.941281108109,0.962313420793,0.990337259443,1.),
  .UNSPECIFIED.);
#239 = CARTESIAN_POINT('',(-54.40497530462,26.347676081482,
    130.98240876311));
#240 = CARTESIAN_POINT('',(-54.47156215216,26.359814606763,
    130.4004354261));
#241 = CARTESIAN_POINT('',(-54.55095839398,26.334702819766,
    129.81913185471));
#242 = CARTESIAN_POINT('',(-54.64068490438,26.272891492959,
    129.24149817246));
#243 = CARTESIAN_POINT('',(-54.73770765175,26.175690177902,
    128.66990840671));
#244 = CARTESIAN_POINT('',(-54.83928085479,26.044718685562,
    128.10630979668));
#245 = CARTESIAN_POINT('',(-54.94318334377,25.881795696673,
    127.5522771589));
#246 = CARTESIAN_POINT('',(-55.16825271545,25.466070511499,
    126.38217030524));
#247 = CARTESIAN_POINT('',(-55.289608791,25.203309062985,125.76971466807
    ));
#248 = CARTESIAN_POINT('',(-55.40907250304,24.903384520927,
    125.17354560073));
#249 = CARTESIAN_POINT('',(-55.52483277845,24.569319710541,
    124.59506575676));
#250 = CARTESIAN_POINT('',(-55.63585695066,24.204131678302,
    124.03526517404));
#251 = CARTESIAN_POINT('',(-55.74157844056,23.810701219629,
    123.49473479408));
#252 = CARTESIAN_POINT('',(-55.96724221369,22.866781382704,
    122.32120269058));
#253 = CARTESIAN_POINT('',(-56.08400652901,22.301834694506,
    121.69944572095));
#254 = CARTESIAN_POINT('',(-56.19163491652,21.701851181503,
    121.10881314309));
#255 = CARTESIAN_POINT('',(-56.29040083069,21.071465111239,
    120.54920791354));
#256 = CARTESIAN_POINT('',(-56.38085845776,20.414754846556,
    120.02014327697));
#257 = CARTESIAN_POINT('',(-56.46362190074,19.735125990872,
    119.5208337611));
#258 = CARTESIAN_POINT('',(-56.60110516195,18.464269522253,
    118.66649298289));
#259 = CARTESIAN_POINT('',(-56.658168101,17.879938523538,118.30190042513
    ));
#260 = CARTESIAN_POINT('',(-56.71087624676,17.283712986999,
    117.95603778012));
#261 = CARTESIAN_POINT('',(-56.75956002217,16.676925255997,
    117.62842009008));
#262 = CARTESIAN_POINT('',(-56.80452809308,16.060740059541,
    117.31857162531));
#263 = CARTESIAN_POINT('',(-56.84606230415,15.436153771267,
    117.02602676509));
#264 = CARTESIAN_POINT('',(-56.91545495767,14.292299528362,
    116.52717259753));
#265 = CARTESIAN_POINT('',(-56.94441045774,13.775665694198,
    116.31506397488));
#266 = CARTESIAN_POINT('',(-56.97141228376,13.2545449559,116.11377058888
    ));
#267 = CARTESIAN_POINT('',(-56.99658000183,12.72935040213,
    115.92307595366));
#268 = CARTESIAN_POINT('',(-57.02002071566,12.200456081571,
    115.74277990492));
#269 = CARTESIAN_POINT('',(-57.04183020668,11.668197664258,
    115.57269698563));
#270 = CARTESIAN_POINT('',(-57.12056947641,9.588086148121,
    114.95082139522));
#271 = CARTESIAN_POINT('',(-57.16615512092,8.018273192148,
    114.57275173933));
#272 = CARTESIAN_POINT('',(-57.20094489489,6.429948807352,114.2740316348
    ));
#273 = CARTESIAN_POINT('',(-57.2262184985,4.828741869961,114.0519742679)
  );
#274 = CARTESIAN_POINT('',(-57.24278627696,3.219553101861,
    113.90469537319));
#275 = CARTESIAN_POINT('',(-57.2510584659,1.606552684544,113.83115915807
    ));
#276 = CARTESIAN_POINT('',(-57.2509975089,-1.650170126977,
    113.83170099519));
#277 = CARTESIAN_POINT('',(-57.24235357113,-3.29302838556,
    113.90854204244));
#278 = CARTESIAN_POINT('',(-57.22510188762,-4.93184586324,
    114.06188653788));
#279 = CARTESIAN_POINT('',(-57.19879861939,-6.562212769131,
    114.29285783867));
#280 = CARTESIAN_POINT('',(-57.16256859221,-8.178912306131,
    114.60349187296));
#281 = CARTESIAN_POINT('',(-57.11502942259,-9.775925203619,
    114.99667556248));
#282 = CARTESIAN_POINT('',(-57.03245225122,-11.89731541464,
    115.64582239711));
#283 = CARTESIAN_POINT('',(-57.00933077063,-12.44502729428,
    115.82518393225));
#284 = CARTESIAN_POINT('',(-56.98444209743,-12.98904920663,
    116.01547308571));
#285 = CARTESIAN_POINT('',(-56.95767789987,-13.52900332983,
    116.21689796205));
#286 = CARTESIAN_POINT('',(-56.92891684085,-14.06446649516,
    116.4296830406));
#287 = CARTESIAN_POINT('',(-56.89802329193,-14.59496940348,
    116.65407103354));
#288 = CARTESIAN_POINT('',(-56.82481791975,-15.75343632027,
    117.17536317099));
#289 = CARTESIAN_POINT('',(-56.78146814447,-16.37886642064,
    117.47765692616));
#290 = CARTESIAN_POINT('',(-56.73452955375,-16.99540931204,
    117.79767785261));
#291 = CARTESIAN_POINT('',(-56.68370783268,-17.6020015024,
    118.13591216246));
#292 = CARTESIAN_POINT('',(-56.62867912028,-18.19739898757,
    118.49284890085));
#293 = CARTESIAN_POINT('',(-56.56909712493,-18.78017886535,
    118.86897785648));
#294 = CARTESIAN_POINT('',(-56.42383751827,-20.06086672031,
    119.76056853254));
#295 = CARTESIAN_POINT('',(-56.33539369152,-20.75050005044,
    120.28710247827));
#296 = CARTESIAN_POINT('',(-56.23856844479,-21.41464629861,
    120.84544613983));
#297 = CARTESIAN_POINT('',(-56.1327140561,-22.04940130878,
    121.43640161281));
#298 = CARTESIAN_POINT('',(-56.0172834526,-22.65008701283,
    122.06038199617));
#299 = CARTESIAN_POINT('',(-55.89212786216,-23.21141181185,
    122.71729502587));
#300 = CARTESIAN_POINT('',(-55.65111304172,-24.13941576592,
    123.95614344122));
#301 = CARTESIAN_POINT('',(-55.53852247903,-24.52241358941,
    124.52623816626));
#302 = CARTESIAN_POINT('',(-55.42070798704,-24.873714363,125.11631333732
    ));
#303 = CARTESIAN_POINT('',(-55.29854534626,-25.19010303128,125.725528954
    ));
#304 = CARTESIAN_POINT('',(-55.17351479165,-25.468266524,126.35256345999
    ));
#305 = CARTESIAN_POINT('',(-55.04811020204,-25.70494011666,
    126.99561765589));
#306 = CARTESIAN_POINT('',(-54.87344400805,-25.97930875645,
    127.93320008152));
#307 = CARTESIAN_POINT('',(-54.82167767982,-26.05336360589,
    128.21658459383));
#308 = CARTESIAN_POINT('',(-54.77074194272,-26.1190377516,
    128.50226556913));
#309 = CARTESIAN_POINT('',(-54.7209401791,-26.17610262407,
    128.79002893163));
#310 = CARTESIAN_POINT('',(-54.67260355914,-26.22434277627,
    129.07963469103));
#311 = CARTESIAN_POINT('',(-54.6260826384,-26.26356221465,
    129.37081428556));
#312 = CARTESIAN_POINT('',(-54.51716001881,-26.33732176188,
    130.08917203522));
#313 = CARTESIAN_POINT('',(-54.45719196201,-26.36156525589,
    130.51782003157));
#314 = CARTESIAN_POINT('',(-54.40294875019,-26.36578430438,
    130.94821936145));
#315 = CARTESIAN_POINT('',(-54.35557571636,-26.34958967443,
    131.37928439993));
#316 = CARTESIAN_POINT('',(-54.31610496361,-26.31277697046,
    131.8098232018));
#317 = CARTESIAN_POINT('',(-54.28530182407,-26.25539462369,
    132.23852466528));
#318 = CARTESIAN_POINT('',(-54.24531079779,-26.11312463698,
    133.0189658251));
#319 = CARTESIAN_POINT('',(-54.23338638341,-26.03434522179,
    133.37178339684));
#320 = CARTESIAN_POINT('',(-54.22793524361,-25.94172508963,
    133.72156030023));
#321 = CARTESIAN_POINT('',(-54.22895534079,-25.83562422211,
    134.06756016218));
#322 = CARTESIAN_POINT('',(-54.2362283428,-25.71651569467,
    134.40914082803));
#323 = CARTESIAN_POINT('',(-54.24935369843,-25.58496202646,
    134.74574712422));
#324 = CARTESIAN_POINT('',(-54.27738749751,-25.36737216341,
    135.24834537813));
#325 = CARTESIAN_POINT('',(-54.28838323151,-25.28998007467,
    135.41833446289));
#326 = CARTESIAN_POINT('',(-54.3007421448,-25.20950208101,
    135.58681197896));
#327 = CARTESIAN_POINT('',(-54.31438694783,-25.12602465863,
    135.75372786096));
#328 = CARTESIAN_POINT('',(-54.32923546098,-25.03963535307,
    135.91904077603));
#329 = CARTESIAN_POINT('',(-54.34520302417,-24.95042157831,
    136.08271733174));
#330 = CARTESIAN_POINT('',(-54.39966620903,-24.65586513183,
    136.60170743013));
#331 = CARTESIAN_POINT('',(-54.44214727618,-24.4399758855,
    136.95059523942));
#332 = CARTESIAN_POINT('',(-54.4887414983,-24.21170981486,
    137.29114437367));
#333 = CARTESIAN_POINT('',(-54.53853691247,-23.97195466097,
    137.62324066318));
#334 = CARTESIAN_POINT('',(-54.59070789047,-23.72154543962,
    137.94687009195));
#335 = CARTESIAN_POINT('',(-54.64455496972,-23.4612395269,138.2620953692
    ));
#336 = CARTESIAN_POINT('',(-54.79708753699,-22.71287227474,
    139.11432799795));
#337 = CARTESIAN_POINT('',(-54.89809622481,-22.20505331075,
    139.63332331026));
#338 = CARTESIAN_POINT('',(-54.99925086406,-21.6719134404,
    140.12686114484));
#339 = CARTESIAN_POINT('',(-55.09838617735,-21.11667842229,
    140.59576391518));
#340 = CARTESIAN_POINT('',(-55.19427413755,-20.54213830649,
    141.04088900422));
#341 = CARTESIAN_POINT('',(-55.2861895241,-19.95058993735,
    141.46314863984));
#342 = CARTESIAN_POINT('',(-55.45529720051,-18.77892528356,
    142.23616202751));
#343 = CARTESIAN_POINT('',(-55.53304886465,-18.20096644099,
    142.58975982076));
#344 = CARTESIAN_POINT('',(-55.60671963314,-17.61143539859,
    142.92499655727));
#345 = CARTESIAN_POINT('',(-55.67623269613,-17.01166427612,
    143.24249730119));
#346 = CARTESIAN_POINT('',(-55.74162907531,-16.40280844617,
    143.5428364957));
#347 = CARTESIAN_POINT('',(-55.80300374847,-15.78584896881,
    143.82655607474));
#348 = CARTESIAN_POINT('',(-55.90875050278,-14.63746790979,
    144.31883740299));
#349 = CARTESIAN_POINT('',(-55.95426737207,-14.10822781595,
    144.53214393314));
#350 = CARTESIAN_POINT('',(-55.99711528176,-13.57435993577,
    144.73437300286));
#351 = CARTESIAN_POINT('',(-56.03738034153,-13.03630954249,
    144.92578798681));
#352 = CARTESIAN_POINT('',(-56.07515267222,-12.49447614235,
    145.10662705153));
#353 = CARTESIAN_POINT('',(-56.11052123307,-11.94921459593,
    145.27710731765));
#354 = CARTESIAN_POINT('',(-56.23905009384,-9.816454470899,
    145.9006317926));
#355 = CARTESIAN_POINT('',(-56.31512346505,-8.206633464482,
    146.27886545287));
#356 = CARTESIAN_POINT('',(-56.37388522164,-6.578153289079,
    146.57724644374));
#357 = CARTESIAN_POINT('',(-56.4169191908,-4.936789448717,
    146.79873979681));
#358 = CARTESIAN_POINT('',(-56.44521042211,-3.287512423149,
    146.94543303116));
#359 = CARTESIAN_POINT('',(-56.45929636236,-1.634482993593,
    147.01845162547));
#360 = CARTESIAN_POINT('',(-56.45901741409,1.662302924124,
    147.01700555073));
#361 = CARTESIAN_POINT('',(-56.44482627996,3.305156638173,
    146.94344136872));
#362 = CARTESIAN_POINT('',(-56.41659623358,4.944256831136,
    146.79708685365));
#363 = CARTESIAN_POINT('',(-56.37379686304,6.575514776294,
    146.57683144712));
#364 = CARTESIAN_POINT('',(-56.31545967815,8.194051525655,
    146.28062524221));
#365 = CARTESIAN_POINT('',(-56.24003309975,9.79420188355,145.90555705447
    ));
#366 = CARTESIAN_POINT('',(-56.11251938976,11.918048162986,
    145.28674847609));
#367 = CARTESIAN_POINT('',(-56.07725514305,12.46366821454,
    145.11671256483));
#368 = CARTESIAN_POINT('',(-56.03958895475,13.005871805569,
    144.93631919426));
#369 = CARTESIAN_POINT('',(-55.99943187665,13.544304933991,
    144.74535173144));
#370 = CARTESIAN_POINT('',(-55.95669369165,14.078569114888,
    144.54357248738));
#371 = CARTESIAN_POINT('',(-55.91128802625,14.608220261865,
    144.33071856607));
#372 = CARTESIAN_POINT('',(-55.80581187573,15.757267242823,
    143.83955152666));
#373 = CARTESIAN_POINT('',(-55.74460034191,16.374494780072,
    143.55650881186));
#374 = CARTESIAN_POINT('',(-55.67937116971,16.983651142351,
    143.2568665015));
#375 = CARTESIAN_POINT('',(-55.61002807948,17.583759390933,
    142.94008415635));
#376 = CARTESIAN_POINT('',(-55.53652783425,18.173669149382,
    142.60558870707));
#377 = CARTESIAN_POINT('',(-55.45894343029,18.752054140108,
    142.25275642388));
#378 = CARTESIAN_POINT('',(-55.28929770547,19.930722804122,
    141.47743235042));
#379 = CARTESIAN_POINT('',(-55.19658948643,20.528552541145,
    141.05166683342));
#380 = CARTESIAN_POINT('',(-55.09981336553,21.109091212351,
    140.60260380135));
#381 = CARTESIAN_POINT('',(-54.99970775905,21.669980037659,
    140.12930369725));
#382 = CARTESIAN_POINT('',(-54.89752920238,22.208347472581,
    139.63088414629));
#383 = CARTESIAN_POINT('',(-54.79551073979,22.720869871446,
    139.10649905536));
#384 = CARTESIAN_POINT('',(-54.64221305263,23.472578877404,
    138.24844526292));
#385 = CARTESIAN_POINT('',(-54.5884989521,23.732166029402,
    137.93334079995));
#386 = CARTESIAN_POINT('',(-54.53647726074,23.981860827693,
    137.60985298723));
#387 = CARTESIAN_POINT('',(-54.48684742033,24.220907322173,
    137.27792081849));
#388 = CARTESIAN_POINT('',(-54.44043405688,24.448472378079,
    136.93756026521));
#389 = CARTESIAN_POINT('',(-54.3981467974,24.66367065665,136.58888774159
    ));
#390 = CARTESIAN_POINT('',(-54.31124446265,25.134647516933,
    135.75684043297));
#391 = CARTESIAN_POINT('',(-54.27051636953,25.380199877962,
    135.26710455835));
#392 = CARTESIAN_POINT('',(-54.24087145951,25.599945855789,
    134.76379809377));
#393 = CARTESIAN_POINT('',(-54.224418644,25.791616356799,134.24820944226
    ));
#394 = CARTESIAN_POINT('',(-54.22278108887,25.95318054521,
    133.72214879533));
#395 = CARTESIAN_POINT('',(-54.23631629692,26.083077338079,
    133.18805242611));
#396 = CARTESIAN_POINT('',(-54.27390584878,26.214144436613,
    132.46326004152));
#397 = CARTESIAN_POINT('',(-54.28525911381,26.243899080958,
    132.27681637993));
#398 = CARTESIAN_POINT('',(-54.29829872791,26.269772487972,
    132.08987661578));
#399 = CARTESIAN_POINT('',(-54.31298076127,26.291745230398,
    131.90255150277));
#400 = CARTESIAN_POINT('',(-54.32924848926,26.30980829658,
    131.71494993366));
#401 = CARTESIAN_POINT('',(-54.34703446249,26.323962319311,
    131.52717900925));
#402 = CARTESIAN_POINT('',(-54.36626257691,26.334216804675,
    131.33934410736));
#403 = PCURVE('',#34,#404);
#404 = DEFINITIONAL_REPRESENTATION('',(#405),#570);
#405 = B_SPLINE_CURVE_WITH_KNOTS('',7,(#406,#407,#408,#409,#410,#411,
    #412,#413,#414,#415,#416,#417,#418,#419,#420,#421,#422,#423,#424,
    #425,#426,#427,#428,#429,#430,#431,#432,#433,#434,#435,#436,#437,
    #438,#439,#440,#441,#442,#443,#444,#445,#446,#447,#448,#449,#450,
    #451,#452,#453,#454,#455,#456,#457,#458,#459,#460,#461,#462,#463,
    #464,#465,#466,#467,#468,#469,#470,#471,#472,#473,#474,#475,#476,
    #477,#478,#479,#480,#481,#482,#483,#484,#485,#486,#487,#488,#489,
    #490,#491,#492,#493,#494,#495,#496,#497,#498,#499,#500,#501,#502,
    #503,#504,#505,#506,#507,#508,#509,#510,#511,#512,#513,#514,#515,
    #516,#517,#518,#519,#520,#521,#522,#523,#524,#525,#526,#527,#528,
    #529,#530,#531,#532,#533,#534,#535,#536,#537,#538,#539,#540,#541,
    #542,#543,#544,#545,#546,#547,#548,#549,#550,#551,#552,#553,#554,
    #555,#556,#557,#558,#559,#560,#561,#562,#563,#564,#565,#566,#567,
    #568,#569),.UNSPECIFIED.,.F.,.F.,(8,6,6,6,6,6,6,6,6,6,6,6,6,6,6,6,6,
    6,6,6,6,6,6,6,6,6,6,8),(0.,2.99386091783E-02,6.44853510586E-02,
    0.107752033074,0.143045468589,0.171613295169,0.254051511694,
    0.338018867156,0.367485300067,0.403036333356,0.447564750617,
    0.483081655692,0.498274023244,0.520398874868,0.538862349866,
    0.548420945659,0.569482035669,0.606896154052,0.641725060354,
    0.670966888738,0.75545274425,0.839421360543,0.868673573424,
    0.903499790519,0.941281108109,0.962313420793,0.990337259443,1.),
  .UNSPECIFIED.);
#406 = CARTESIAN_POINT('',(3.607961387238E-03,0.155499791934));
#407 = CARTESIAN_POINT('',(9.475689278457E-03,0.156057619927));
#408 = CARTESIAN_POINT('',(1.52809648716E-02,0.156685452322));
#409 = CARTESIAN_POINT('',(2.100210321305E-02,0.157367469057));
#410 = CARTESIAN_POINT('',(2.662767815928E-02,0.158085140592));
#411 = CARTESIAN_POINT('',(3.215269500352E-02,0.158822121138));
#412 = CARTESIAN_POINT('',(3.757562381746E-02,0.159565424207));
#413 = CARTESIAN_POINT('',(4.903854892092E-02,0.161158571161));
#414 = CARTESIAN_POINT('',(5.504462946218E-02,0.162007155512));
#415 = CARTESIAN_POINT('',(6.091730565283E-02,0.162835497125));
#416 = CARTESIAN_POINT('',(6.666112322533E-02,0.163633598635));
#417 = CARTESIAN_POINT('',(7.228112844346E-02,0.164396075676));
#418 = CARTESIAN_POINT('',(7.778305153645E-02,0.165120258807));
#419 = CARTESIAN_POINT('',(8.992438795604E-02,0.16666348662));
#420 = CARTESIAN_POINT('',(9.649884653925E-02,0.167460121193));
#421 = CARTESIAN_POINT('',(0.102910872941,0.168194052954));
#422 = CARTESIAN_POINT('',(0.109172559665,0.168867918714));
#423 = CARTESIAN_POINT('',(0.115295215579,0.169485819726));
#424 = CARTESIAN_POINT('',(0.121290383372,0.17005206017));
#425 = CARTESIAN_POINT('',(0.131967344741,0.170994399647));
#426 = CARTESIAN_POINT('',(0.13668669625,0.171386214617));
#427 = CARTESIAN_POINT('',(0.14133503988,0.171748849784));
#428 = CARTESIAN_POINT('',(0.145917905788,0.172084503765));
#429 = CARTESIAN_POINT('',(0.150440329212,0.172395201837));
#430 = CARTESIAN_POINT('',(0.154907129977,0.172682778428));
#431 = CARTESIAN_POINT('',(0.162897714194,0.173164236458));
#432 = CARTESIAN_POINT('',(0.16643882666,0.173365523221));
#433 = CARTESIAN_POINT('',(0.169948998035,0.1735535836));
#434 = CARTESIAN_POINT('',(0.173430487501,0.173729189504));
#435 = CARTESIAN_POINT('',(0.176885404476,0.173893029782));
#436 = CARTESIAN_POINT('',(0.180315768297,0.174045718958));
#437 = CARTESIAN_POINT('',(0.193557456519,0.174597826023));
#438 = CARTESIAN_POINT('',(0.203200214707,0.174919425433));
#439 = CARTESIAN_POINT('',(0.212703883347,0.175166043829));
#440 = CARTESIAN_POINT('',(0.222105623398,0.175345792295));
#441 = CARTESIAN_POINT('',(0.231439453248,0.175463827122));
#442 = CARTESIAN_POINT('',(0.240738219701,0.175522760632));
#443 = CARTESIAN_POINT('',(0.259513235183,0.175522326353));
#444 = CARTESIAN_POINT('',(0.268984483165,0.175460744414));
#445 = CARTESIAN_POINT('',(0.278493075048,0.175337838721));
#446 = CARTESIAN_POINT('',(0.288073687888,0.175150783044));
#447 = CARTESIAN_POINT('',(0.297762328024,0.174894007545));
#448 = CARTESIAN_POINT('',(0.307598334554,0.174558752411));
#449 = CARTESIAN_POINT('',(0.321160700417,0.173980064269));
#450 = CARTESIAN_POINT('',(0.324708354944,0.173818292159));
#451 = CARTESIAN_POINT('',(0.328282813592,0.173644452685));
#452 = CARTESIAN_POINT('',(0.331886322494,0.173457850427));
#453 = CARTESIAN_POINT('',(0.335521230837,0.173257704394));
#454 = CARTESIAN_POINT('',(0.339190062883,0.17304313797));
#455 = CARTESIAN_POINT('',(0.34736628161,0.172535712632));
#456 = CARTESIAN_POINT('',(0.351890123,0.172235853125));
#457 = CARTESIAN_POINT('',(0.356472180917,0.171911853781));
#458 = CARTESIAN_POINT('',(0.361117527663,0.171561790621));
#459 = CARTESIAN_POINT('',(0.36583140844,0.171183532528));
#460 = CARTESIAN_POINT('',(0.37061954159,0.170774769696));
#461 = CARTESIAN_POINT('',(0.381587090229,0.169779874533));
#462 = CARTESIAN_POINT('',(0.387810928718,0.169175181717));
#463 = CARTESIAN_POINT('',(0.394174209531,0.168514151547));
#464 = CARTESIAN_POINT('',(0.400689657688,0.167792176072));
#465 = CARTESIAN_POINT('',(0.407369660447,0.16700505951));
#466 = CARTESIAN_POINT('',(0.414227407641,0.166150734166));
#467 = CARTESIAN_POINT('',(0.426901882666,0.164500154949));
#468 = CARTESIAN_POINT('',(0.432647289318,0.163727302745));
#469 = CARTESIAN_POINT('',(0.438521273977,0.162915786713));
#470 = CARTESIAN_POINT('',(0.444529793464,0.162070023061));
#471 = CARTESIAN_POINT('',(0.450677833827,0.161197978194));
#472 = CARTESIAN_POINT('',(0.456969447585,0.160313683906));
#473 = CARTESIAN_POINT('',(0.466155959023,0.159062251842));
#474 = CARTESIAN_POINT('',(0.468934248395,0.158688763604));
#475 = CARTESIAN_POINT('',(0.471738456904,0.158318270314));
#476 = CARTESIAN_POINT('',(0.474568277649,0.157952556206));
#477 = CARTESIAN_POINT('',(0.477423128204,0.157593589129));
#478 = CARTESIAN_POINT('',(0.480302066157,0.157243476205));
#479 = CARTESIAN_POINT('',(0.487429397989,0.156410642932));
#480 = CARTESIAN_POINT('',(0.491703651185,0.155940263983));
#481 = CARTESIAN_POINT('',(0.496021499943,0.155500085023));
#482 = CARTESIAN_POINT('',(0.500376445359,0.155097215649));
#483 = CARTESIAN_POINT('',(0.504759778625,0.154738251083));
#484 = CARTESIAN_POINT('',(0.509160196082,0.154428364329));
#485 = CARTESIAN_POINT('',(0.517238490547,0.153954966094));
#486 = CARTESIAN_POINT('',(0.520916278483,0.153775675007));
#487 = CARTESIAN_POINT('',(0.524588971626,0.153634102617));
#488 = CARTESIAN_POINT('',(0.528248874096,0.153530692278));
#489 = CARTESIAN_POINT('',(0.531888825117,0.153464594217));
#490 = CARTESIAN_POINT('',(0.535502332384,0.15343384816));
#491 = CARTESIAN_POINT('',(0.540937791438,0.153436842448));
#492 = CARTESIAN_POINT('',(0.542783356836,0.153446632461));
#493 = CARTESIAN_POINT('',(0.544619678386,0.15346482572));
#494 = CARTESIAN_POINT('',(0.546446133267,0.153491008871));
#495 = CARTESIAN_POINT('',(0.548262194563,0.153524735005));
#496 = CARTESIAN_POINT('',(0.550067427539,0.153565537911));
#497 = CARTESIAN_POINT('',(0.555814453793,0.153717404001));
#498 = CARTESIAN_POINT('',(0.559712987322,0.153853925774));
#499 = CARTESIAN_POINT('',(0.563553694532,0.154017460485));
#500 = CARTESIAN_POINT('',(0.567334920544,0.154202827637));
#501 = CARTESIAN_POINT('',(0.571056393385,0.154405273283));
#502 = CARTESIAN_POINT('',(0.574718944969,0.154620721107));
#503 = CARTESIAN_POINT('',(0.584729078125,0.155245416944));
#504 = CARTESIAN_POINT('',(0.590951365271,0.155675140168));
#505 = CARTESIAN_POINT('',(0.597002059243,0.156115573054));
#506 = CARTESIAN_POINT('',(0.602893618562,0.156553611705));
#507 = CARTESIAN_POINT('',(0.608638604132,0.156981552184));
#508 = CARTESIAN_POINT('',(0.614249758228,0.15739460477));
#509 = CARTESIAN_POINT('',(0.624851482338,0.158158274154));
#510 = CARTESIAN_POINT('',(0.629857031135,0.158511144943));
#511 = CARTESIAN_POINT('',(0.634766905864,0.158846509519));
#512 = CARTESIAN_POINT('',(0.639589644202,0.159163532515));
#513 = CARTESIAN_POINT('',(0.644332871006,0.159462105489));
#514 = CARTESIAN_POINT('',(0.649003666544,0.15974247083));
#515 = CARTESIAN_POINT('',(0.657475210143,0.1602256249));
#516 = CARTESIAN_POINT('',(0.661295142533,0.160433627005));
#517 = CARTESIAN_POINT('',(0.665072486768,0.160629405156));
#518 = CARTESIAN_POINT('',(0.668810721117,0.160813317644));
#519 = CARTESIAN_POINT('',(0.672513017048,0.160985763134));
#520 = CARTESIAN_POINT('',(0.676182338369,0.161147147966));
#521 = CARTESIAN_POINT('',(0.690335962239,0.161733276428));
#522 = CARTESIAN_POINT('',(0.700595109298,0.162079409749));
#523 = CARTESIAN_POINT('',(0.710672771148,0.162345979955));
#524 = CARTESIAN_POINT('',(0.720619087142,0.162540820834));
#525 = CARTESIAN_POINT('',(0.730478880378,0.162668762133));
#526 = CARTESIAN_POINT('',(0.740294220526,0.162732467572));
#527 = CARTESIAN_POINT('',(0.7598709778,0.162731206012));
#528 = CARTESIAN_POINT('',(0.769626988983,0.162667024905));
#529 = CARTESIAN_POINT('',(0.779427310297,0.162539357326));
#530 = CARTESIAN_POINT('',(0.789313293107,0.16234557482));
#531 = CARTESIAN_POINT('',(0.799328969531,0.162080928232));
#532 = CARTESIAN_POINT('',(0.809523605983,0.161737745858));
#533 = CARTESIAN_POINT('',(0.823608405416,0.161156264599));
#534 = CARTESIAN_POINT('',(0.827277442282,0.160995360274));
#535 = CARTESIAN_POINT('',(0.830979357526,0.160823403577));
#536 = CARTESIAN_POINT('',(0.83471711081,0.160639987884));
#537 = CARTESIAN_POINT('',(0.838493868951,0.160444713603));
#538 = CARTESIAN_POINT('',(0.842313104841,0.160237220517));
#539 = CARTESIAN_POINT('',(0.850780876743,0.159755299092));
#540 = CARTESIAN_POINT('',(0.85544849305,0.159475673305));
#541 = CARTESIAN_POINT('',(0.86018829917,0.159177852769));
#542 = CARTESIAN_POINT('',(0.865007354725,0.1588615864));
#543 = CARTESIAN_POINT('',(0.869913262869,0.158526968586));
#544 = CARTESIAN_POINT('',(0.874914537798,0.158174811369));
#545 = CARTESIAN_POINT('',(0.885560972403,0.157408566962));
#546 = CARTESIAN_POINT('',(0.891223425889,0.156991865968));
#547 = CARTESIAN_POINT('',(0.897022085561,0.156559872467));
#548 = CARTESIAN_POINT('',(0.902970064494,0.156117469972));
#549 = CARTESIAN_POINT('',(0.909080290844,0.155672545344));
#550 = CARTESIAN_POINT('',(0.915365599222,0.155238612408));
#551 = CARTESIAN_POINT('',(0.925439818069,0.154611329648));
#552 = CARTESIAN_POINT('',(0.929099533453,0.154396641711));
#553 = CARTESIAN_POINT('',(0.93281803776,0.154195042303));
#554 = CARTESIAN_POINT('',(0.936596138323,0.154010606449));
#555 = CARTESIAN_POINT('',(0.94043353571,0.153848080946));
#556 = CARTESIAN_POINT('',(0.944328545551,0.153712631317));
#557 = CARTESIAN_POINT('',(0.953539733677,0.153471583498));
#558 = CARTESIAN_POINT('',(0.958899185275,0.153390842371));
#559 = CARTESIAN_POINT('',(0.964345166477,0.153379059273));
#560 = CARTESIAN_POINT('',(0.969861580867,0.153447589959));
#561 = CARTESIAN_POINT('',(0.975426311143,0.153604588757));
#562 = CARTESIAN_POINT('',(0.981012689508,0.153850539051));
#563 = CARTESIAN_POINT('',(0.988513080413,0.154292720671));
#564 = CARTESIAN_POINT('',(0.99043540169,0.154415963527));
#565 = CARTESIAN_POINT('',(0.992355879147,0.15454884161));
#566 = CARTESIAN_POINT('',(0.994273495589,0.154691037127));
#567 = CARTESIAN_POINT('',(0.996187300396,0.154842160654));
#568 = CARTESIAN_POINT('',(0.998096408606,0.15500176378));
#569 = CARTESIAN_POINT('',(1.,0.155169351766));
#570 = ( GEOMETRIC_REPRESENTATION_CONTEXT(2) 
PARAMETRIC_REPRESENTATION_CONTEXT() REPRESENTATION_CONTEXT('2D SPACE',''
  ) );
#571 = PCURVE('',#149,#572);
#572 = DEFINITIONAL_REPRESENTATION('',(#573),#738);
#573 = B_SPLINE_CURVE_WITH_KNOTS('',7,(#574,#575,#576,#577,#578,#579,
    #580,#581,#582,#583,#584,#585,#586,#587,#588,#589,#590,#591,#592,
    #593,#594,#595,#596,#597,#598,#599,#600,#601,#602,#603,#604,#605,
    #606,#607,#608,#609,#610,#611,#612,#613,#614,#615,#616,#617,#618,
    #619,#620,#621,#622,#623,#624,#625,#626,#627,#628,#629,#630,#631,
    #632,#633,#634,#635,#636,#637,#638,#639,#640,#641,#642,#643,#644,
    #645,#646,#647,#648,#649,#650,#651,#652,#653,#654,#655,#656,#657,
    #658,#659,#660,#661,#662,#663,#664,#665,#666,#667,#668,#669,#670,
    #671,#672,#673,#674,#675,#676,#677,#678,#679,#680,#681,#682,#683,
    #684,#685,#686,#687,#688,#689,#690,#691,#692,#693,#694,#695,#696,
    #697,#698,#699,#700,#701,#702,#703,#704,#705,#706,#707,#708,#709,
    #710,#711,#712,#713,#714,#715,#716,#717,#718,#719,#720,#721,#722,
    #723,#724,#725,#726,#727,#728,#729,#730,#731,#732,#733,#734,#735,
    #736,#737),.UNSPECIFIED.,.F.,.F.,(8,6,6,6,6,6,6,6,6,6,6,6,6,6,6,6,6,
    6,6,6,6,6,6,6,6,6,6,8),(0.,2.99386091783E-02,6.44853510586E-02,
    0.107752033074,0.143045468589,0.171613295169,0.254051511694,
    0.338018867156,0.367485300067,0.403036333356,0.447564750617,
    0.483081655692,0.498274023244,0.520398874868,0.538862349866,
    0.548420945659,0.569482035669,0.606896154052,0.641725060354,
    0.670966888738,0.75545274425,0.839421360543,0.868673573424,
    0.903499790519,0.941281108109,0.962313420793,0.990337259443,1.),
  .UNSPECIFIED.);
#574 = CARTESIAN_POINT('',(0.,0.177580470629));
#575 = CARTESIAN_POINT('',(5.634542589234E-03,0.178789834069));
#576 = CARTESIAN_POINT('',(1.123437416837E-02,0.18010746791));
#577 = CARTESIAN_POINT('',(1.678168727255E-02,0.181504863083));
#578 = CARTESIAN_POINT('',(2.226595137686E-02,0.182949759921));
#579 = CARTESIAN_POINT('',(2.76806086786E-02,0.184414273175));
#580 = CARTESIAN_POINT('',(3.302167824082E-02,0.185876631355));
#581 = CARTESIAN_POINT('',(4.436346503898E-02,0.188986460896));
#582 = CARTESIAN_POINT('',(5.033876831901E-02,0.190627682774));
#583 = CARTESIAN_POINT('',(5.621037218235E-02,0.192218888661));
#584 = CARTESIAN_POINT('',(6.19777591536E-02,0.193744326327));
#585 = CARTESIAN_POINT('',(6.764150590382E-02,0.195196150019));
#586 = CARTESIAN_POINT('',(7.320353731062E-02,0.196571072602));
#587 = CARTESIAN_POINT('',(8.551008683764E-02,0.199494501668));
#588 = CARTESIAN_POINT('',(9.219716144949E-02,0.200998818006));
#589 = CARTESIAN_POINT('',(9.873639149159E-02,0.20238211579));
#590 = CARTESIAN_POINT('',(0.105135394093,0.203650816772));
#591 = CARTESIAN_POINT('',(0.111402299781,0.204813475291));
#592 = CARTESIAN_POINT('',(0.117546426022,0.205878691043));
#593 = CARTESIAN_POINT('',(0.128499559444,0.207651463477));
#594 = CARTESIAN_POINT('',(0.133345048085,0.208388581576));
#595 = CARTESIAN_POINT('',(0.138120744887,0.209070969301));
#596 = CARTESIAN_POINT('',(0.142831574839,0.209702829169));
#597 = CARTESIAN_POINT('',(0.147482157502,0.210287983319));
#598 = CARTESIAN_POINT('',(0.152077032217,0.210829865976));
#599 = CARTESIAN_POINT('',(0.160298843599,0.211737571133));
#600 = CARTESIAN_POINT('',(0.163943204897,0.212117252738));
#601 = CARTESIAN_POINT('',(0.167556333425,0.212472171206));
#602 = CARTESIAN_POINT('',(0.171140419298,0.212803759436));
#603 = CARTESIAN_POINT('',(0.174697529838,0.213113291272));
#604 = CARTESIAN_POINT('',(0.178229662873,0.213401900019));
#605 = CARTESIAN_POINT('',(0.191865118955,0.214445974815));
#606 = CARTESIAN_POINT('',(0.20179661893,0.215055288368));
#607 = CARTESIAN_POINT('',(0.211585326038,0.215523295146));
#608 = CARTESIAN_POINT('',(0.221269117722,0.21586477676));
#609 = CARTESIAN_POINT('',(0.230882876163,0.216089148414));
#610 = CARTESIAN_POINT('',(0.240460486251,0.216201173749));
#611 = CARTESIAN_POINT('',(0.259798509001,0.216200348226));
#612 = CARTESIAN_POINT('',(0.269553773273,0.216083288603));
#613 = CARTESIAN_POINT('',(0.279347536307,0.215849658803));
#614 = CARTESIAN_POINT('',(0.289215572609,0.215494305568));
#615 = CARTESIAN_POINT('',(0.299194791003,0.215007056907));
#616 = CARTESIAN_POINT('',(0.309325275586,0.214371951168));
#617 = CARTESIAN_POINT('',(0.323290606803,0.213277801627));
#618 = CARTESIAN_POINT('',(0.326943394859,0.212972083386));
#619 = CARTESIAN_POINT('',(0.330623431604,0.212643729266));
#620 = CARTESIAN_POINT('',(0.334332934584,0.212291456003));
#621 = CARTESIAN_POINT('',(0.338074199504,0.211913818168));
#622 = CARTESIAN_POINT('',(0.341849664199,0.211509186543));
#623 = CARTESIAN_POINT('',(0.350261495005,0.210552759775));
#624 = CARTESIAN_POINT('',(0.35491437462,0.209987861591));
#625 = CARTESIAN_POINT('',(0.359625458531,0.209377787907));
#626 = CARTESIAN_POINT('',(0.364399486084,0.208718922815));
#627 = CARTESIAN_POINT('',(0.369241228947,0.208007233248));
#628 = CARTESIAN_POINT('',(0.374155730307,0.20723829314));
#629 = CARTESIAN_POINT('',(0.385402371536,0.205366631792));
#630 = CARTESIAN_POINT('',(0.391777497077,0.20422896315));
#631 = CARTESIAN_POINT('',(0.39828626582,0.202984859319));
#632 = CARTESIAN_POINT('',(0.40493872266,0.201625003154));
#633 = CARTESIAN_POINT('',(0.411743390146,0.200140419297));
#634 = CARTESIAN_POINT('',(0.41870801682,0.198525341759));
#635 = CARTESIAN_POINT('',(0.431529346561,0.195392914811));
#636 = CARTESIAN_POINT('',(0.437323883097,0.193922245089));
#637 = CARTESIAN_POINT('',(0.443227232471,0.192372565295));
#638 = CARTESIAN_POINT('',(0.449240858537,0.190749993464));
#639 = CARTESIAN_POINT('',(0.455364560269,0.189066664688));
#640 = CARTESIAN_POINT('',(0.461596767844,0.187345198912));
#641 = CARTESIAN_POINT('',(0.47064242259,0.184880672745));
#642 = CARTESIAN_POINT('',(0.47337133047,0.184141471859));
#643 = CARTESIAN_POINT('',(0.476118651612,0.183404036258));
#644 = CARTESIAN_POINT('',(0.478883799804,0.182671373661));
#645 = CARTESIAN_POINT('',(0.481665992227,0.18194683273));
#646 = CARTESIAN_POINT('',(0.48446419862,0.18123403495));
#647 = CARTESIAN_POINT('',(0.491373541555,0.179521417094));
#648 = CARTESIAN_POINT('',(0.495501538348,0.178538943708));
#649 = CARTESIAN_POINT('',(0.499656325918,0.177601232174));
#650 = CARTESIAN_POINT('',(0.503832239125,0.176720827423));
#651 = CARTESIAN_POINT('',(0.508022316907,0.175909621303));
#652 = CARTESIAN_POINT('',(0.512217911973,0.175177322183));
#653 = CARTESIAN_POINT('',(0.519905225877,0.17398933929));
#654 = CARTESIAN_POINT('',(0.523399334953,0.173507820651));
#655 = CARTESIAN_POINT('',(0.526884406329,0.173088671732));
#656 = CARTESIAN_POINT('',(0.530354846957,0.172733323161));
#657 = CARTESIAN_POINT('',(0.533805607,0.172441003248));
#658 = CARTESIAN_POINT('',(0.53723213851,0.172209023124));
#659 = CARTESIAN_POINT('',(0.542389679886,0.171942628718));
#660 = CARTESIAN_POINT('',(0.544141474605,0.171866884454));
#661 = CARTESIAN_POINT('',(0.545885281127,0.171805723224));
#662 = CARTESIAN_POINT('',(0.547620678829,0.171758515172));
#663 = CARTESIAN_POINT('',(0.549347318186,0.171724567258));
#664 = CARTESIAN_POINT('',(0.551064916138,0.171703147281));
#665 = CARTESIAN_POINT('',(0.55653734047,0.1716722681));
#666 = CARTESIAN_POINT('',(0.560256285536,0.171708222631));
#667 = CARTESIAN_POINT('',(0.563928030326,0.171793345419));
#668 = CARTESIAN_POINT('',(0.567551656068,0.171919255051));
#669 = CARTESIAN_POINT('',(0.571127130101,0.172078169719));
#670 = CARTESIAN_POINT('',(0.574655158802,0.17226335052));
#671 = CARTESIAN_POINT('',(0.584322742798,0.172834418998));
#672 = CARTESIAN_POINT('',(0.590361096354,0.173264411672));
#673 = CARTESIAN_POINT('',(0.59626114838,0.173726698085));
#674 = CARTESIAN_POINT('',(0.602031484407,0.174199016665));
#675 = CARTESIAN_POINT('',(0.607680764578,0.174667997465));
#676 = CARTESIAN_POINT('',(0.613218184347,0.17512507067));
#677 = CARTESIAN_POINT('',(0.623714014521,0.175974895424));
#678 = CARTESIAN_POINT('',(0.628684895616,0.176369806784));
#679 = CARTESIAN_POINT('',(0.63357399455,0.176745781426));
#680 = CARTESIAN_POINT('',(0.638387732355,0.177101015108));
#681 = CARTESIAN_POINT('',(0.643131975749,0.177434956086));
#682 = CARTESIAN_POINT('',(0.647812358809,0.177747671104));
#683 = CARTESIAN_POINT('',(0.656315081366,0.17828481374));
#684 = CARTESIAN_POINT('',(0.660154432108,0.178515335449));
#685 = CARTESIAN_POINT('',(0.663955669774,0.178731524513));
#686 = CARTESIAN_POINT('',(0.667721675898,0.17893382209));
#687 = CARTESIAN_POINT('',(0.671455121925,0.179122755191));
#688 = CARTESIAN_POINT('',(0.675158548768,0.179298878793));
#689 = CARTESIAN_POINT('',(0.689454890623,0.179936089106));
#690 = CARTESIAN_POINT('',(0.699841644936,0.180306769007));
#691 = CARTESIAN_POINT('',(0.710059777723,0.180588148545));
#692 = CARTESIAN_POINT('',(0.720154853119,0.180791819696));
#693 = CARTESIAN_POINT('',(0.730168338476,0.180924828909));
#694 = CARTESIAN_POINT('',(0.740139835516,0.180991071249));
#695 = CARTESIAN_POINT('',(0.76002799056,0.180989759499));
#696 = CARTESIAN_POINT('',(0.769939162876,0.180923022759));
#697 = CARTESIAN_POINT('',(0.7798921851,0.180790283576));
#698 = CARTESIAN_POINT('',(0.789925977549,0.180587698338));
#699 = CARTESIAN_POINT('',(0.800081275092,0.180308337139));
#700 = CARTESIAN_POINT('',(0.81040284926,0.179940852286));
#701 = CARTESIAN_POINT('',(0.82463022312,0.17930882201));
#702 = CARTESIAN_POINT('',(0.828333518866,0.17913325808));
#703 = CARTESIAN_POINT('',(0.832066752228,0.178944897578));
#704 = CARTESIAN_POINT('',(0.835832461848,0.178743184684));
#705 = CARTESIAN_POINT('',(0.839633316728,0.178527590449));
#706 = CARTESIAN_POINT('',(0.84347219561,0.178297670099));
#707 = CARTESIAN_POINT('',(0.851971684587,0.177761972349));
#708 = CARTESIAN_POINT('',(0.856649218384,0.17745011881));
#709 = CARTESIAN_POINT('',(0.86139041863,0.177117048529));
#710 = CARTESIAN_POINT('',(0.866200906527,0.176762679099));
#711 = CARTESIAN_POINT('',(0.871086536464,0.176387537689));
#712 = CARTESIAN_POINT('',(0.876053716462,0.175993388591));
#713 = CARTESIAN_POINT('',(0.886595086301,0.17514051436));
#714 = CARTESIAN_POINT('',(0.892183701344,0.174679270503));
#715 = CARTESIAN_POINT('',(0.897886196559,0.174205686975));
#716 = CARTESIAN_POINT('',(0.903712037923,0.173728507985));
#717 = CARTESIAN_POINT('',(0.909670134028,0.173261424779));
#718 = CARTESIAN_POINT('',(0.915769319662,0.172827395213));
#719 = CARTESIAN_POINT('',(0.925497811092,0.172255228253));
#720 = CARTESIAN_POINT('',(0.929022764651,0.172071246056));
#721 = CARTESIAN_POINT('',(0.932595058135,0.171913659919));
#722 = CARTESIAN_POINT('',(0.936215381311,0.17178920506));
#723 = CARTESIAN_POINT('',(0.939883683023,0.171705649685));
#724 = CARTESIAN_POINT('',(0.943599023841,0.171671348492));
#725 = CARTESIAN_POINT('',(0.952369618029,0.171724847645));
#726 = CARTESIAN_POINT('',(0.957460919777,0.171857033508));
#727 = CARTESIAN_POINT('',(0.962625600447,0.172109769114));
#728 = CARTESIAN_POINT('',(0.967852634044,0.172500480727));
#729 = CARTESIAN_POINT('',(0.973127157735,0.173040756374));
#730 = CARTESIAN_POINT('',(0.978430289493,0.173728977059));
#731 = CARTESIAN_POINT('',(0.98556808641,0.17483631215));
#732 = CARTESIAN_POINT('',(0.987399043813,0.175136348816));
#733 = CARTESIAN_POINT('',(0.989230028505,0.175452017493));
#734 = CARTESIAN_POINT('',(0.991060269053,0.175782694238));
#735 = CARTESIAN_POINT('',(0.992889036031,0.176127639965));
#736 = CARTESIAN_POINT('',(0.994715637795,0.176486022247));
#737 = CARTESIAN_POINT('',(0.996539416265,0.176856937131));
#738 = ( GEOMETRIC_REPRESENTATION_CONTEXT(2) 
PARAMETRIC_REPRESENTATION_CONTEXT() REPRESENTATION_CONTEXT('2D SPACE',''
  ) );
#739 = ORIENTED_EDGE('',*,*,#740,.T.);
#740 = EDGE_CURVE('',#235,#741,#743,.T.);
#741 = VERTEX_POINT('',#742);
#742 = CARTESIAN_POINT('',(-55.18375835882,25.41611224607,
    126.30996069111));
#743 = SURFACE_CURVE('',#744,(#831,#921),.PCURVE_S1.);
#744 = B_SPLINE_CURVE_WITH_KNOTS('',7,(#745,#746,#747,#748,#749,#750,
    #751,#752,#753,#754,#755,#756,#757,#758,#759,#760,#761,#762,#763,
    #764,#765,#766,#767,#768,#769,#770,#771,#772,#773,#774,#775,#776,
    #777,#778,#779,#780,#781,#782,#783,#784,#785,#786,#787,#788,#789,
    #790,#791,#792,#793,#794,#795,#796,#797,#798,#799,#800,#801,#802,
    #803,#804,#805,#806,#807,#808,#809,#810,#811,#812,#813,#814,#815,
    #816,#817,#818,#819,#820,#821,#822,#823,#824,#825,#826,#827,#828,
    #829,#830),.UNSPECIFIED.,.F.,.F.,(8,6,6,6,6,6,6,6,6,6,6,6,6,6,8),(0.
    ,0.160009215144,0.216340262001,0.281699111791,0.331097086352,
    0.4067791665,0.463685106944,0.490840579424,0.537555435397,
    0.592192950445,0.721123045733,0.814853183571,0.850480000909,
    0.90052837456,1.),.UNSPECIFIED.);
#745 = CARTESIAN_POINT('',(-53.94318270975,25.982402288063,
    129.33159198519));
#746 = CARTESIAN_POINT('',(-54.07566370393,26.057280285226,
    129.4367354577));
#747 = CARTESIAN_POINT('',(-54.22069963971,26.13146655113,
    129.52678021941));
#748 = CARTESIAN_POINT('',(-54.37638077712,26.204722887398,
    129.59996928205));
#749 = CARTESIAN_POINT('',(-54.54049629048,26.276860378161,
    129.65479326574));
#750 = CARTESIAN_POINT('',(-54.7106219734,26.347584821275,
    129.69008109764));
#751 = CARTESIAN_POINT('',(-54.88419645474,26.416384229458,
    129.70500363279));
#752 = CARTESIAN_POINT('',(-55.1199795236,26.505719732098,
    129.69687317427));
#753 = CARTESIAN_POINT('',(-55.18147330067,26.528643027736,
    129.69216140133));
#754 = CARTESIAN_POINT('',(-55.24295212553,26.551193423916,
    129.68483003776));
#755 = CARTESIAN_POINT('',(-55.30429742928,26.573330774458,
    129.67485832371));
#756 = CARTESIAN_POINT('',(-55.36538728366,26.595009450624,
    129.66222990487));
#757 = CARTESIAN_POINT('',(-55.42609647936,26.616178140385,
    129.64693315751));
#758 = CARTESIAN_POINT('',(-55.55614460381,26.660682821796,
    129.60810967347));
#759 = CARTESIAN_POINT('',(-55.62530453546,26.683821459524,
    129.58365761222));
#760 = CARTESIAN_POINT('',(-55.69357714681,26.70610700252,
    129.55559537089));
#761 = CARTESIAN_POINT('',(-55.76074963481,26.727437207666,
    129.52392362219));
#762 = CARTESIAN_POINT('',(-55.82659718665,26.747697552327,
    129.48865817766));
#763 = CARTESIAN_POINT('',(-55.89088452056,26.766762639613,
    129.44983449486));
#764 = CARTESIAN_POINT('',(-56.00059177366,26.797901623195,
    129.3755251406));
#765 = CARTESIAN_POINT('',(-56.04678398054,26.810545443155,
    129.34154052813));
#766 = CARTESIAN_POINT('',(-56.09183712687,26.822370731112,
    129.30558576408));
#767 = CARTESIAN_POINT('',(-56.13563957639,26.833315572774,
    129.26769786609));
#768 = CARTESIAN_POINT('',(-56.17807676776,26.843316163286,
    129.22792580111));
#769 = CARTESIAN_POINT('',(-56.21903300517,26.852308498555,
    129.18633283399));
#770 = CARTESIAN_POINT('',(-56.31869663531,26.872366611691,
    129.07660740732));
#771 = CARTESIAN_POINT('',(-56.37527366325,26.881993882663,
    129.00610766396));
#772 = CARTESIAN_POINT('',(-56.42767763682,26.888878932465,
    128.93181459308));
#773 = CARTESIAN_POINT('',(-56.47550404525,26.89281207897,
    128.85412111149));
#774 = CARTESIAN_POINT('',(-56.51840022459,26.893619656782,
    128.77350094425));
#775 = CARTESIAN_POINT('',(-56.55608653881,26.89118654005,
    128.69051508277));
#776 = CARTESIAN_POINT('',(-56.61267761118,26.881203988001,
    128.54214037557));
#777 = CARTESIAN_POINT('',(-56.63392848562,26.875072515012,
    128.47747704023));
#778 = CARTESIAN_POINT('',(-56.65206713553,26.867081874308,
    128.4121075348));
#779 = CARTESIAN_POINT('',(-56.66706420338,26.857245807151,
    128.34630182606));
#780 = CARTESIAN_POINT('',(-56.67892994098,26.845601926313,
    128.28032160108));
#781 = CARTESIAN_POINT('',(-56.68770860794,26.832209703347,
    128.2144176993));
#782 = CARTESIAN_POINT('',(-56.69622357179,26.809961239757,
    128.11752797169));
#783 = CARTESIAN_POINT('',(-56.69828792235,26.802393440664,
    128.08629790711));
#784 = CARTESIAN_POINT('',(-56.69967414237,26.794453444337,
    128.05516181068));
#785 = CARTESIAN_POINT('',(-56.70039151223,26.786150169915,
    128.02414265315));
#786 = CARTESIAN_POINT('',(-56.7004503722,26.777493069916,127.9932619163
    ));
#787 = CARTESIAN_POINT('',(-56.69986212241,26.768492130239,
    127.96253959295));
#788 = CARTESIAN_POINT('',(-56.69653550039,26.743100384323,
    127.87944771612));
#789 = CARTESIAN_POINT('',(-56.69255323425,26.726056307319,
    127.82742495363));
#790 = CARTESIAN_POINT('',(-56.68675465839,26.708078162758,
    127.77601908235));
#791 = CARTESIAN_POINT('',(-56.67920751911,26.689220711312,
    127.72530929811));
#792 = CARTESIAN_POINT('',(-56.6699824687,26.669539441767,
    127.67536197316));
#793 = CARTESIAN_POINT('',(-56.65915045914,26.649089062064,
    127.62623181965));
#794 = CARTESIAN_POINT('',(-56.6323118533,26.603165065045,
    127.52150809038));
#795 = CARTESIAN_POINT('',(-56.61573965803,26.577428421716,
    127.46623302834));
#796 = CARTESIAN_POINT('',(-56.59717340454,26.550795173549,
    127.41220591169));
#797 = CARTESIAN_POINT('',(-56.57671945914,26.523345699783,
    127.35947947304));
#798 = CARTESIAN_POINT('',(-56.55447863686,26.495156391012,
    127.30809320677));
#799 = CARTESIAN_POINT('',(-56.53054413843,26.466298394491,
    127.25807544279));
#800 = CARTESIAN_POINT('',(-56.44472086166,26.36731374328,127.0946914199
    ));
#801 = CARTESIAN_POINT('',(-56.37551523519,26.2944724057,126.98773823528
    ));
#802 = CARTESIAN_POINT('',(-56.29845039527,26.219111510505,
    126.88872379311));
#803 = CARTESIAN_POINT('',(-56.2143743147,26.141955225535,
    126.79776706785));
#804 = CARTESIAN_POINT('',(-56.12396611137,26.063654060726,
    126.71496026361));
#805 = CARTESIAN_POINT('',(-56.02773266244,25.984788550153,
    126.6404063471));
#806 = CARTESIAN_POINT('',(-55.85195712306,25.848506578721,
    126.52624506869));
#807 = CARTESIAN_POINT('',(-55.77506897595,25.791142151106,
    126.48267859068));
#808 = CARTESIAN_POINT('',(-55.69541202137,25.73399146802,
    126.44367913661));
#809 = CARTESIAN_POINT('',(-55.61310134954,25.677286155782,
    126.40937922888));
#810 = CARTESIAN_POINT('',(-55.52824938333,25.621282028444,
    126.37995625599));
#811 = CARTESIAN_POINT('',(-55.44096771976,25.566262618195,
    126.35563545077));
#812 = CARTESIAN_POINT('',(-55.31730422718,25.492125836525,
    126.32951211001));
#813 = CARTESIAN_POINT('',(-55.28291236553,25.471896912176,
    126.32309689229));
#814 = CARTESIAN_POINT('',(-55.24819447038,25.451875526713,
    126.31747731925));
#815 = CARTESIAN_POINT('',(-55.21315887299,25.432081090364,
    126.31267080768));
#816 = CARTESIAN_POINT('',(-55.17781516134,25.412534325752,
    126.30869608294));
#817 = CARTESIAN_POINT('',(-55.14217418014,25.393257267901,
    126.3055731789));
#818 = CARTESIAN_POINT('',(-55.05577915715,25.347604631437,
    126.30016301336));
#819 = CARTESIAN_POINT('',(-55.00474941811,25.321515301261,
    126.29872580151));
#820 = CARTESIAN_POINT('',(-54.95319139361,25.296068978995,
    126.29907032908));
#821 = CARTESIAN_POINT('',(-54.90114790065,25.271337334029,
    126.30126061873));
#822 = CARTESIAN_POINT('',(-54.84867300967,25.247398785754,
    126.30536402065));
#823 = CARTESIAN_POINT('',(-54.79583306088,25.224337289477,
    126.31144904391));
#824 = CARTESIAN_POINT('',(-54.63712047478,25.158324776963,
    126.33574987755));
#825 = CARTESIAN_POINT('',(-54.53029575046,25.118175712075,
    126.36002777572));
#826 = CARTESIAN_POINT('',(-54.42299603573,25.082559069207,
    126.39295396552));
#827 = CARTESIAN_POINT('',(-54.31623554988,25.052288293107,
    126.43498233035));
#828 = CARTESIAN_POINT('',(-54.21126915416,25.028127336265,
    126.48635519958));
#829 = CARTESIAN_POINT('',(-54.10959743764,25.010647578623,
    126.54696486195));
#830 = CARTESIAN_POINT('',(-54.01282995606,24.9999994,126.61598580052));
#831 = PCURVE('',#34,#832);
#832 = DEFINITIONAL_REPRESENTATION('',(#833),#920);
#833 = B_SPLINE_CURVE_WITH_KNOTS('',7,(#834,#835,#836,#837,#838,#839,
    #840,#841,#842,#843,#844,#845,#846,#847,#848,#849,#850,#851,#852,
    #853,#854,#855,#856,#857,#858,#859,#860,#861,#862,#863,#864,#865,
    #866,#867,#868,#869,#870,#871,#872,#873,#874,#875,#876,#877,#878,
    #879,#880,#881,#882,#883,#884,#885,#886,#887,#888,#889,#890,#891,
    #892,#893,#894,#895,#896,#897,#898,#899,#900,#901,#902,#903,#904,
    #905,#906,#907,#908,#909,#910,#911,#912,#913,#914,#915,#916,#917,
    #918,#919),.UNSPECIFIED.,.F.,.F.,(8,6,6,6,6,6,6,6,6,6,6,6,6,6,8),(0.
    ,0.160009215144,0.216340262001,0.281699111791,0.331097086352,
    0.4067791665,0.463685106944,0.490840579424,0.537555435397,
    0.592192950445,0.721123045733,0.814853183571,0.850480000909,
    0.90052837456,1.),.UNSPECIFIED.);
#834 = CARTESIAN_POINT('',(2.166447281829E-02,0.153378459273));
#835 = CARTESIAN_POINT('',(2.025662772701E-02,0.154099098775));
#836 = CARTESIAN_POINT('',(1.899034329108E-02,0.154895785099));
#837 = CARTESIAN_POINT('',(1.788738961805E-02,0.15575798236));
#838 = CARTESIAN_POINT('',(1.696601793527E-02,0.156673321285));
#839 = CARTESIAN_POINT('',(1.624004409248E-02,0.157628111378));
#840 = CARTESIAN_POINT('',(1.571913641355E-02,0.158607800756));
#841 = CARTESIAN_POINT('',(1.530158519944E-02,0.159945765108));
#842 = CARTESIAN_POINT('',(1.521914847614E-02,0.160295368036));
#843 = CARTESIAN_POINT('',(1.516330311905E-02,0.160645536517));
#844 = CARTESIAN_POINT('',(1.513431656797E-02,0.160995594439));
#845 = CARTESIAN_POINT('',(1.513241886306E-02,0.16134484603));
#846 = CARTESIAN_POINT('',(1.515780319662E-02,0.161692576376));
#847 = CARTESIAN_POINT('',(1.527191536786E-02,0.162438894575));
#848 = CARTESIAN_POINT('',(1.537014100356E-02,0.162836686016));
#849 = CARTESIAN_POINT('',(1.550554354893E-02,0.163230287995));
#850 = CARTESIAN_POINT('',(1.567829808046E-02,0.163618484177));
#851 = CARTESIAN_POINT('',(1.588847831546E-02,0.163999988417));
#852 = CARTESIAN_POINT('',(1.613602035335E-02,0.164373453017));
#853 = CARTESIAN_POINT('',(1.663583596452E-02,0.165012604924));
#854 = CARTESIAN_POINT('',(1.687218554757E-02,0.165282331965));
#855 = CARTESIAN_POINT('',(1.712961930061E-02,0.165546044429));
#856 = CARTESIAN_POINT('',(1.740795216179E-02,0.165803100691));
#857 = CARTESIAN_POINT('',(1.770690629721E-02,0.166052840923));
#858 = CARTESIAN_POINT('',(1.80260875253E-02,0.166294596855));
#859 = CARTESIAN_POINT('',(1.888414710857E-02,0.166884838574));
#860 = CARTESIAN_POINT('',(1.944972634316E-02,0.16722178639));
#861 = CARTESIAN_POINT('',(2.005957819562E-02,0.167535953093));
#862 = CARTESIAN_POINT('',(2.071086254188E-02,0.167824975417));
#863 = CARTESIAN_POINT('',(2.139999149964E-02,0.168086773836));
#864 = CARTESIAN_POINT('',(2.212250516857E-02,0.168319669094));
#865 = CARTESIAN_POINT('',(2.343704356617E-02,0.168675115474));
#866 = CARTESIAN_POINT('',(2.401711806377E-02,0.168810746145));
#867 = CARTESIAN_POINT('',(2.461075713928E-02,0.168928981473));
#868 = CARTESIAN_POINT('',(2.521562469605E-02,0.169029608879));
#869 = CARTESIAN_POINT('',(2.582938955016E-02,0.169112641732));
#870 = CARTESIAN_POINT('',(2.644974809223E-02,0.169178287192));
#871 = CARTESIAN_POINT('',(2.737255277929E-02,0.16925011876));
#872 = CARTESIAN_POINT('',(2.76716655552E-02,0.169269448964));
#873 = CARTESIAN_POINT('',(2.797155303374E-02,0.169284946926));
#874 = CARTESIAN_POINT('',(2.827199400283E-02,0.169296661138));
#875 = CARTESIAN_POINT('',(2.857277828143E-02,0.169304646326));
#876 = CARTESIAN_POINT('',(2.887370671954E-02,0.169308963447));
#877 = CARTESIAN_POINT('',(2.969219497391E-02,0.169310911824));
#878 = CARTESIAN_POINT('',(3.020966773541E-02,0.169301485422));
#879 = CARTESIAN_POINT('',(3.072606383171E-02,0.169281735997));
#880 = CARTESIAN_POINT('',(3.124054909931E-02,0.169252032419));
#881 = CARTESIAN_POINT('',(3.175239550599E-02,0.169212761957));
#882 = CARTESIAN_POINT('',(3.226097579451E-02,0.169164315331));
#883 = CARTESIAN_POINT('',(3.335614959139E-02,0.169040119901));
#884 = CARTESIAN_POINT('',(3.394132927418E-02,0.16896113625));
#885 = CARTESIAN_POINT('',(3.452047361587E-02,0.168870728435));
#886 = CARTESIAN_POINT('',(3.509289418417E-02,0.168769486213));
#887 = CARTESIAN_POINT('',(3.565802523494E-02,0.168657969605));
#888 = CARTESIAN_POINT('',(3.621541127367E-02,0.168536697031));
#889 = CARTESIAN_POINT('',(3.806085813616E-02,0.168098037896));
#890 = CARTESIAN_POINT('',(3.931107354966E-02,0.167738405711));
#891 = CARTESIAN_POINT('',(4.051184425436E-02,0.167333208915));
#892 = CARTESIAN_POINT('',(4.165994317431E-02,0.166887146616));
#893 = CARTESIAN_POINT('',(4.275248347674E-02,0.166403945523));
#894 = CARTESIAN_POINT('',(4.378665129557E-02,0.165886338969));
#895 = CARTESIAN_POINT('',(4.546605560911E-02,0.164935436355));
#896 = CARTESIAN_POINT('',(4.61400281398E-02,0.164517908518));
#897 = CARTESIAN_POINT('',(4.677965677897E-02,0.164083784435));
#898 = CARTESIAN_POINT('',(4.738296536161E-02,0.163633626287));
#899 = CARTESIAN_POINT('',(4.794743733444E-02,0.163167960994));
#900 = CARTESIAN_POINT('',(4.846996234934E-02,0.162687288795));
#901 = CARTESIAN_POINT('',(4.91278457651E-02,0.162003815706));
#902 = CARTESIAN_POINT('',(4.930240180709E-02,0.161813487156));
#903 = CARTESIAN_POINT('',(4.947010417757E-02,0.161621099822));
#904 = CARTESIAN_POINT('',(4.963071355412E-02,0.161426691335));
#905 = CARTESIAN_POINT('',(4.978397018917E-02,0.16123030578));
#906 = CARTESIAN_POINT('',(4.992959391004E-02,0.161031993698));
#907 = CARTESIAN_POINT('',(5.026071063126E-02,0.160550597966));
#908 = CARTESIAN_POINT('',(5.04384736509E-02,0.160265705011));
#909 = CARTESIAN_POINT('',(5.059974940713E-02,0.159977286084));
#910 = CARTESIAN_POINT('',(5.074361130781E-02,0.159685548854));
#911 = CARTESIAN_POINT('',(5.086904964328E-02,0.159390762392));
#912 = CARTESIAN_POINT('',(5.097499129018E-02,0.159093263771));
#913 = CARTESIAN_POINT('',(5.122990988699E-02,0.158197611013));
#914 = CARTESIAN_POINT('',(5.131825106241E-02,0.157592049259));
#915 = CARTESIAN_POINT('',(5.131606104507E-02,0.156980777178));
#916 = CARTESIAN_POINT('',(5.121395835085E-02,0.156369229729));
#917 = CARTESIAN_POINT('',(5.100393203823E-02,0.155764272));
#918 = CARTESIAN_POINT('',(5.068115478095E-02,0.155174310755));
#919 = CARTESIAN_POINT('',(5.024875557272E-02,0.154608665866));
#920 = ( GEOMETRIC_REPRESENTATION_CONTEXT(2) 
PARAMETRIC_REPRESENTATION_CONTEXT() REPRESENTATION_CONTEXT('2D SPACE',''
  ) );
#921 = PCURVE('',#922,#927);
#922 = CYLINDRICAL_SURFACE('',#923,1.7);
#923 = AXIS2_PLACEMENT_3D('',#924,#925,#926);
#924 = CARTESIAN_POINT('',(-55.,25.,128.));
#925 = DIRECTION('',(0.,-1.,0.));
#926 = DIRECTION('',(1.,0.,0.));
#927 = DEFINITIONAL_REPRESENTATION('',(#928),#1015);
#928 = B_SPLINE_CURVE_WITH_KNOTS('',7,(#929,#930,#931,#932,#933,#934,
    #935,#936,#937,#938,#939,#940,#941,#942,#943,#944,#945,#946,#947,
    #948,#949,#950,#951,#952,#953,#954,#955,#956,#957,#958,#959,#960,
    #961,#962,#963,#964,#965,#966,#967,#968,#969,#970,#971,#972,#973,
    #974,#975,#976,#977,#978,#979,#980,#981,#982,#983,#984,#985,#986,
    #987,#988,#989,#990,#991,#992,#993,#994,#995,#996,#997,#998,#999,
    #1000,#1001,#1002,#1003,#1004,#1005,#1006,#1007,#1008,#1009,#1010,
    #1011,#1012,#1013,#1014),.UNSPECIFIED.,.F.,.F.,(8,6,6,6,6,6,6,6,6,6,
    6,6,6,6,8),(0.,0.160009215144,0.216340262001,0.281699111791,
    0.331097086352,0.4067791665,0.463685106944,0.490840579424,
    0.537555435397,0.592192950445,0.721123045733,0.814853183571,
    0.850480000909,0.90052837456,1.),.UNSPECIFIED.);
#929 = CARTESIAN_POINT('',(0.899939664504,-0.982402288063));
#930 = CARTESIAN_POINT('',(0.999430346078,-1.057280285226));
#931 = CARTESIAN_POINT('',(1.099185028146,-1.13146655113));
#932 = CARTESIAN_POINT('',(1.199286954657,-1.204722887398));
#933 = CARTESIAN_POINT('',(1.299819105527,-1.276860378161));
#934 = CARTESIAN_POINT('',(1.400882371323,-1.347584821275));
#935 = CARTESIAN_POINT('',(1.502622449341,-1.416384229458));
#936 = CARTESIAN_POINT('',(1.641400806792,-1.505719732098));
#937 = CARTESIAN_POINT('',(1.677647645484,-1.528643027736));
#938 = CARTESIAN_POINT('',(1.71401586902,-1.551193423916));
#939 = CARTESIAN_POINT('',(1.750515397975,-1.573330774458));
#940 = CARTESIAN_POINT('',(1.787156373726,-1.595009450624));
#941 = CARTESIAN_POINT('',(1.823949350537,-1.616178140385));
#942 = CARTESIAN_POINT('',(1.903784339497,-1.660682821796));
#943 = CARTESIAN_POINT('',(1.946881238053,-1.683821459524));
#944 = CARTESIAN_POINT('',(1.9902140336,-1.70610700252));
#945 = CARTESIAN_POINT('',(2.033797655777,-1.727437207666));
#946 = CARTESIAN_POINT('',(2.077643844954,-1.747697552327));
#947 = CARTESIAN_POINT('',(2.12176088362,-1.766762639613));
#948 = CARTESIAN_POINT('',(2.199704971275,-1.797901623195));
#949 = CARTESIAN_POINT('',(2.233412945552,-1.810545443155));
#950 = CARTESIAN_POINT('',(2.267277654563,-1.822370731112));
#951 = CARTESIAN_POINT('',(2.301296987379,-1.833315572774));
#952 = CARTESIAN_POINT('',(2.335465688386,-1.843316163286));
#953 = CARTESIAN_POINT('',(2.369774727493,-1.852308498555));
#954 = CARTESIAN_POINT('',(2.456969590263,-1.872366611691));
#955 = CARTESIAN_POINT('',(2.510043540639,-1.881993882663));
#956 = CARTESIAN_POINT('',(2.563358881947,-1.888878932465));
#957 = CARTESIAN_POINT('',(2.616836609075,-1.89281207897));
#958 = CARTESIAN_POINT('',(2.670386680107,-1.893619656782));
#959 = CARTESIAN_POINT('',(2.723897023182,-1.89118654005));
#960 = CARTESIAN_POINT('',(2.817309090169,-1.881203988001));
#961 = CARTESIAN_POINT('',(2.857303719123,-1.875072515012));
#962 = CARTESIAN_POINT('',(2.897139628846,-1.867081874308));
#963 = CARTESIAN_POINT('',(2.936764691046,-1.857245807151));
#964 = CARTESIAN_POINT('',(2.976133321265,-1.845601926313));
#965 = CARTESIAN_POINT('',(3.015203671568,-1.832209703347));
#966 = CARTESIAN_POINT('',(3.072417300034,-1.809961239757));
#967 = CARTESIAN_POINT('',(3.090823684109,-1.802393440664));
#968 = CARTESIAN_POINT('',(3.109150422024,-1.794453444337));
#969 = CARTESIAN_POINT('',(3.127394443391,-1.786150169915));
#970 = CARTESIAN_POINT('',(3.145553160875,-1.777493069916));
#971 = CARTESIAN_POINT('',(3.163624470196,-1.768492130239));
#972 = CARTESIAN_POINT('',(3.212541200549,-1.743100384323));
#973 = CARTESIAN_POINT('',(3.243212007019,-1.726056307319));
#974 = CARTESIAN_POINT('',(3.273611410659,-1.708078162758));
#975 = CARTESIAN_POINT('',(3.30373574723,-1.689220711312));
#976 = CARTESIAN_POINT('',(3.333584973794,-1.669539441767));
#977 = CARTESIAN_POINT('',(3.363162195391,-1.649089062064));
#978 = CARTESIAN_POINT('',(3.426755219739,-1.603165065045));
#979 = CARTESIAN_POINT('',(3.460672133462,-1.577428421716));
#980 = CARTESIAN_POINT('',(3.494235022214,-1.550795173549));
#981 = CARTESIAN_POINT('',(3.527457678948,-1.523345699783));
#982 = CARTESIAN_POINT('',(3.560356637816,-1.495156391012));
#983 = CARTESIAN_POINT('',(3.592951211744,-1.466298394491));
#984 = CARTESIAN_POINT('',(3.701512061277,-1.36731374328));
#985 = CARTESIAN_POINT('',(3.77614073373,-1.2944724057));
#986 = CARTESIAN_POINT('',(3.849506670165,-1.219111510505));
#987 = CARTESIAN_POINT('',(3.921908917803,-1.141955225535));
#988 = CARTESIAN_POINT('',(3.993632748948,-1.063654060726));
#989 = CARTESIAN_POINT('',(4.064994232692,-0.984788550153));
#990 = CARTESIAN_POINT('',(4.188285091614,-0.848506578721));
#991 = CARTESIAN_POINT('',(4.240174338914,-0.791142151106));
#992 = CARTESIAN_POINT('',(4.292194220169,-0.73399146802));
#993 = CARTESIAN_POINT('',(4.344474404978,-0.677286155782));
#994 = CARTESIAN_POINT('',(4.397141890096,-0.621282028444));
#995 = CARTESIAN_POINT('',(4.450332426096,-0.566262618195));
#996 = CARTESIAN_POINT('',(4.524681011996,-0.492125836525));
#997 = CARTESIAN_POINT('',(4.545254714212,-0.471896912176));
#998 = CARTESIAN_POINT('',(4.565933261839,-0.451875526713));
#999 = CARTESIAN_POINT('',(4.586724400936,-0.432081090364));
#1000 = CARTESIAN_POINT('',(4.607635780996,-0.412534325752));
#1001 = CARTESIAN_POINT('',(4.628674954954,-0.393257267901));
#1002 = CARTESIAN_POINT('',(4.679595103748,-0.347604631437));
#1003 = CARTESIAN_POINT('',(4.709606772436,-0.321515301261));
#1004 = CARTESIAN_POINT('',(4.739906016918,-0.296068978995));
#1005 = CARTESIAN_POINT('',(4.770511883618,-0.271337334029));
#1006 = CARTESIAN_POINT('',(4.801440850189,-0.247398785754));
#1007 = CARTESIAN_POINT('',(4.832706841985,-0.224337289477));
#1008 = CARTESIAN_POINT('',(4.927155186561,-0.158324776963));
#1009 = CARTESIAN_POINT('',(4.991430912707,-0.118175712075));
#1010 = CARTESIAN_POINT('',(5.057157373098,-8.255906920768E-02));
#1011 = CARTESIAN_POINT('',(5.124276537491,-5.228829310679E-02));
#1012 = CARTESIAN_POINT('',(5.192651440332,-2.81273362649E-02));
#1013 = CARTESIAN_POINT('',(5.262044831998,-1.064757862279E-02));
#1014 = CARTESIAN_POINT('',(5.331962815218,5.999999999062E-07));
#1015 = ( GEOMETRIC_REPRESENTATION_CONTEXT(2) 
PARAMETRIC_REPRESENTATION_CONTEXT() REPRESENTATION_CONTEXT('2D SPACE',''
  ) );
#1016 = ORIENTED_EDGE('',*,*,#1017,.T.);
#1017 = EDGE_CURVE('',#741,#22,#1018,.T.);
#1018 = SURFACE_CURVE('',#1019,(#1184,#1352),.PCURVE_S1.);
#1019 = B_SPLINE_CURVE_WITH_KNOTS('',7,(#1020,#1021,#1022,#1023,#1024,
    #1025,#1026,#1027,#1028,#1029,#1030,#1031,#1032,#1033,#1034,#1035,
    #1036,#1037,#1038,#1039,#1040,#1041,#1042,#1043,#1044,#1045,#1046,
    #1047,#1048,#1049,#1050,#1051,#1052,#1053,#1054,#1055,#1056,#1057,
    #1058,#1059,#1060,#1061,#1062,#1063,#1064,#1065,#1066,#1067,#1068,
    #1069,#1070,#1071,#1072,#1073,#1074,#1075,#1076,#1077,#1078,#1079,
    #1080,#1081,#1082,#1083,#1084,#1085,#1086,#1087,#1088,#1089,#1090,
    #1091,#1092,#1093,#1094,#1095,#1096,#1097,#1098,#1099,#1100,#1101,
    #1102,#1103,#1104,#1105,#1106,#1107,#1108,#1109,#1110,#1111,#1112,
    #1113,#1114,#1115,#1116,#1117,#1118,#1119,#1120,#1121,#1122,#1123,
    #1124,#1125,#1126,#1127,#1128,#1129,#1130,#1131,#1132,#1133,#1134,
    #1135,#1136,#1137,#1138,#1139,#1140,#1141,#1142,#1143,#1144,#1145,
    #1146,#1147,#1148,#1149,#1150,#1151,#1152,#1153,#1154,#1155,#1156,
    #1157,#1158,#1159,#1160,#1161,#1162,#1163,#1164,#1165,#1166,#1167,
    #1168,#1169,#1170,#1171,#1172,#1173,#1174,#1175,#1176,#1177,#1178,
    #1179,#1180,#1181,#1182,#1183),.UNSPECIFIED.,.F.,.F.,(8,6,6,6,6,6,6,
    6,6,6,6,6,6,6,6,6,6,6,6,6,6,6,6,6,6,6,6,8),(0.,2.99386091783E-02,
    6.44853510586E-02,0.107752033074,0.143045468589,0.171613295169,
    0.254051511694,0.338018867156,0.367485300067,0.403036333356,
    0.447564750617,0.483081655692,0.498274023244,0.520398874868,
    0.538862349866,0.548420945659,0.569482035669,0.606896154052,
    0.641725060354,0.670966888738,0.75545274425,0.839421360543,
    0.868673573424,0.903499790519,0.941281108109,0.962313420793,
    0.990337259443,1.),.UNSPECIFIED.);
#1020 = CARTESIAN_POINT('',(-54.40497530462,26.347676081482,
    130.98240876311));
#1021 = CARTESIAN_POINT('',(-54.47156215216,26.359814606763,
    130.4004354261));
#1022 = CARTESIAN_POINT('',(-54.55095839398,26.334702819766,
    129.81913185471));
#1023 = CARTESIAN_POINT('',(-54.64068490438,26.272891492959,
    129.24149817246));
#1024 = CARTESIAN_POINT('',(-54.73770765175,26.175690177902,
    128.66990840671));
#1025 = CARTESIAN_POINT('',(-54.83928085479,26.044718685562,
    128.10630979668));
#1026 = CARTESIAN_POINT('',(-54.94318334377,25.881795696673,
    127.5522771589));
#1027 = CARTESIAN_POINT('',(-55.16825271545,25.466070511499,
    126.38217030524));
#1028 = CARTESIAN_POINT('',(-55.289608791,25.203309062985,
    125.76971466807));
#1029 = CARTESIAN_POINT('',(-55.40907250304,24.903384520927,
    125.17354560073));
#1030 = CARTESIAN_POINT('',(-55.52483277845,24.569319710541,
    124.59506575676));
#1031 = CARTESIAN_POINT('',(-55.63585695066,24.204131678302,
    124.03526517404));
#1032 = CARTESIAN_POINT('',(-55.74157844056,23.810701219629,
    123.49473479408));
#1033 = CARTESIAN_POINT('',(-55.96724221369,22.866781382704,
    122.32120269058));
#1034 = CARTESIAN_POINT('',(-56.08400652901,22.301834694506,
    121.69944572095));
#1035 = CARTESIAN_POINT('',(-56.19163491652,21.701851181503,
    121.10881314309));
#1036 = CARTESIAN_POINT('',(-56.29040083069,21.071465111239,
    120.54920791354));
#1037 = CARTESIAN_POINT('',(-56.38085845776,20.414754846556,
    120.02014327697));
#1038 = CARTESIAN_POINT('',(-56.46362190074,19.735125990872,
    119.5208337611));
#1039 = CARTESIAN_POINT('',(-56.60110516195,18.464269522253,
    118.66649298289));
#1040 = CARTESIAN_POINT('',(-56.658168101,17.879938523538,
    118.30190042513));
#1041 = CARTESIAN_POINT('',(-56.71087624676,17.283712986999,
    117.95603778012));
#1042 = CARTESIAN_POINT('',(-56.75956002217,16.676925255997,
    117.62842009008));
#1043 = CARTESIAN_POINT('',(-56.80452809308,16.060740059541,
    117.31857162531));
#1044 = CARTESIAN_POINT('',(-56.84606230415,15.436153771267,
    117.02602676509));
#1045 = CARTESIAN_POINT('',(-56.91545495767,14.292299528362,
    116.52717259753));
#1046 = CARTESIAN_POINT('',(-56.94441045774,13.775665694198,
    116.31506397488));
#1047 = CARTESIAN_POINT('',(-56.97141228376,13.2545449559,
    116.11377058888));
#1048 = CARTESIAN_POINT('',(-56.99658000183,12.72935040213,
    115.92307595366));
#1049 = CARTESIAN_POINT('',(-57.02002071566,12.200456081571,
    115.74277990492));
#1050 = CARTESIAN_POINT('',(-57.04183020668,11.668197664258,
    115.57269698563));
#1051 = CARTESIAN_POINT('',(-57.12056947641,9.588086148121,
    114.95082139522));
#1052 = CARTESIAN_POINT('',(-57.16615512092,8.018273192148,
    114.57275173933));
#1053 = CARTESIAN_POINT('',(-57.20094489489,6.429948807352,
    114.2740316348));
#1054 = CARTESIAN_POINT('',(-57.2262184985,4.828741869961,114.0519742679
    ));
#1055 = CARTESIAN_POINT('',(-57.24278627696,3.219553101861,
    113.90469537319));
#1056 = CARTESIAN_POINT('',(-57.2510584659,1.606552684544,
    113.83115915807));
#1057 = CARTESIAN_POINT('',(-57.2509975089,-1.650170126977,
    113.83170099519));
#1058 = CARTESIAN_POINT('',(-57.24235357113,-3.29302838556,
    113.90854204244));
#1059 = CARTESIAN_POINT('',(-57.22510188762,-4.93184586324,
    114.06188653788));
#1060 = CARTESIAN_POINT('',(-57.19879861939,-6.562212769131,
    114.29285783867));
#1061 = CARTESIAN_POINT('',(-57.16256859221,-8.178912306131,
    114.60349187296));
#1062 = CARTESIAN_POINT('',(-57.11502942259,-9.775925203619,
    114.99667556248));
#1063 = CARTESIAN_POINT('',(-57.03245225122,-11.89731541464,
    115.64582239711));
#1064 = CARTESIAN_POINT('',(-57.00933077063,-12.44502729428,
    115.82518393225));
#1065 = CARTESIAN_POINT('',(-56.98444209743,-12.98904920663,
    116.01547308571));
#1066 = CARTESIAN_POINT('',(-56.95767789987,-13.52900332983,
    116.21689796205));
#1067 = CARTESIAN_POINT('',(-56.92891684085,-14.06446649516,
    116.4296830406));
#1068 = CARTESIAN_POINT('',(-56.89802329193,-14.59496940348,
    116.65407103354));
#1069 = CARTESIAN_POINT('',(-56.82481791975,-15.75343632027,
    117.17536317099));
#1070 = CARTESIAN_POINT('',(-56.78146814447,-16.37886642064,
    117.47765692616));
#1071 = CARTESIAN_POINT('',(-56.73452955375,-16.99540931204,
    117.79767785261));
#1072 = CARTESIAN_POINT('',(-56.68370783268,-17.6020015024,
    118.13591216246));
#1073 = CARTESIAN_POINT('',(-56.62867912028,-18.19739898757,
    118.49284890085));
#1074 = CARTESIAN_POINT('',(-56.56909712493,-18.78017886535,
    118.86897785648));
#1075 = CARTESIAN_POINT('',(-56.42383751827,-20.06086672031,
    119.76056853254));
#1076 = CARTESIAN_POINT('',(-56.33539369152,-20.75050005044,
    120.28710247827));
#1077 = CARTESIAN_POINT('',(-56.23856844479,-21.41464629861,
    120.84544613983));
#1078 = CARTESIAN_POINT('',(-56.1327140561,-22.04940130878,
    121.43640161281));
#1079 = CARTESIAN_POINT('',(-56.0172834526,-22.65008701283,
    122.06038199617));
#1080 = CARTESIAN_POINT('',(-55.89212786216,-23.21141181185,
    122.71729502587));
#1081 = CARTESIAN_POINT('',(-55.65111304172,-24.13941576592,
    123.95614344122));
#1082 = CARTESIAN_POINT('',(-55.53852247903,-24.52241358941,
    124.52623816626));
#1083 = CARTESIAN_POINT('',(-55.42070798704,-24.873714363,
    125.11631333732));
#1084 = CARTESIAN_POINT('',(-55.29854534626,-25.19010303128,
    125.725528954));
#1085 = CARTESIAN_POINT('',(-55.17351479165,-25.468266524,
    126.35256345999));
#1086 = CARTESIAN_POINT('',(-55.04811020204,-25.70494011666,
    126.99561765589));
#1087 = CARTESIAN_POINT('',(-54.87344400805,-25.97930875645,
    127.93320008152));
#1088 = CARTESIAN_POINT('',(-54.82167767982,-26.05336360589,
    128.21658459383));
#1089 = CARTESIAN_POINT('',(-54.77074194272,-26.1190377516,
    128.50226556913));
#1090 = CARTESIAN_POINT('',(-54.7209401791,-26.17610262407,
    128.79002893163));
#1091 = CARTESIAN_POINT('',(-54.67260355914,-26.22434277627,
    129.07963469103));
#1092 = CARTESIAN_POINT('',(-54.6260826384,-26.26356221465,
    129.37081428556));
#1093 = CARTESIAN_POINT('',(-54.51716001881,-26.33732176188,
    130.08917203522));
#1094 = CARTESIAN_POINT('',(-54.45719196201,-26.36156525589,
    130.51782003157));
#1095 = CARTESIAN_POINT('',(-54.40294875019,-26.36578430438,
    130.94821936145));
#1096 = CARTESIAN_POINT('',(-54.35557571636,-26.34958967443,
    131.37928439993));
#1097 = CARTESIAN_POINT('',(-54.31610496361,-26.31277697046,
    131.8098232018));
#1098 = CARTESIAN_POINT('',(-54.28530182407,-26.25539462369,
    132.23852466528));
#1099 = CARTESIAN_POINT('',(-54.24531079779,-26.11312463698,
    133.0189658251));
#1100 = CARTESIAN_POINT('',(-54.23338638341,-26.03434522179,
    133.37178339684));
#1101 = CARTESIAN_POINT('',(-54.22793524361,-25.94172508963,
    133.72156030023));
#1102 = CARTESIAN_POINT('',(-54.22895534079,-25.83562422211,
    134.06756016218));
#1103 = CARTESIAN_POINT('',(-54.2362283428,-25.71651569467,
    134.40914082803));
#1104 = CARTESIAN_POINT('',(-54.24935369843,-25.58496202646,
    134.74574712422));
#1105 = CARTESIAN_POINT('',(-54.27738749751,-25.36737216341,
    135.24834537813));
#1106 = CARTESIAN_POINT('',(-54.28838323151,-25.28998007467,
    135.41833446289));
#1107 = CARTESIAN_POINT('',(-54.3007421448,-25.20950208101,
    135.58681197896));
#1108 = CARTESIAN_POINT('',(-54.31438694783,-25.12602465863,
    135.75372786096));
#1109 = CARTESIAN_POINT('',(-54.32923546098,-25.03963535307,
    135.91904077603));
#1110 = CARTESIAN_POINT('',(-54.34520302417,-24.95042157831,
    136.08271733174));
#1111 = CARTESIAN_POINT('',(-54.39966620903,-24.65586513183,
    136.60170743013));
#1112 = CARTESIAN_POINT('',(-54.44214727618,-24.4399758855,
    136.95059523942));
#1113 = CARTESIAN_POINT('',(-54.4887414983,-24.21170981486,
    137.29114437367));
#1114 = CARTESIAN_POINT('',(-54.53853691247,-23.97195466097,
    137.62324066318));
#1115 = CARTESIAN_POINT('',(-54.59070789047,-23.72154543962,
    137.94687009195));
#1116 = CARTESIAN_POINT('',(-54.64455496972,-23.4612395269,
    138.2620953692));
#1117 = CARTESIAN_POINT('',(-54.79708753699,-22.71287227474,
    139.11432799795));
#1118 = CARTESIAN_POINT('',(-54.89809622481,-22.20505331075,
    139.63332331026));
#1119 = CARTESIAN_POINT('',(-54.99925086406,-21.6719134404,
    140.12686114484));
#1120 = CARTESIAN_POINT('',(-55.09838617735,-21.11667842229,
    140.59576391518));
#1121 = CARTESIAN_POINT('',(-55.19427413755,-20.54213830649,
    141.04088900422));
#1122 = CARTESIAN_POINT('',(-55.2861895241,-19.95058993735,
    141.46314863984));
#1123 = CARTESIAN_POINT('',(-55.45529720051,-18.77892528356,
    142.23616202751));
#1124 = CARTESIAN_POINT('',(-55.53304886465,-18.20096644099,
    142.58975982076));
#1125 = CARTESIAN_POINT('',(-55.60671963314,-17.61143539859,
    142.92499655727));
#1126 = CARTESIAN_POINT('',(-55.67623269613,-17.01166427612,
    143.24249730119));
#1127 = CARTESIAN_POINT('',(-55.74162907531,-16.40280844617,
    143.5428364957));
#1128 = CARTESIAN_POINT('',(-55.80300374847,-15.78584896881,
    143.82655607474));
#1129 = CARTESIAN_POINT('',(-55.90875050278,-14.63746790979,
    144.31883740299));
#1130 = CARTESIAN_POINT('',(-55.95426737207,-14.10822781595,
    144.53214393314));
#1131 = CARTESIAN_POINT('',(-55.99711528176,-13.57435993577,
    144.73437300286));
#1132 = CARTESIAN_POINT('',(-56.03738034153,-13.03630954249,
    144.92578798681));
#1133 = CARTESIAN_POINT('',(-56.07515267222,-12.49447614235,
    145.10662705153));
#1134 = CARTESIAN_POINT('',(-56.11052123307,-11.94921459593,
    145.27710731765));
#1135 = CARTESIAN_POINT('',(-56.23905009384,-9.816454470899,
    145.9006317926));
#1136 = CARTESIAN_POINT('',(-56.31512346505,-8.206633464482,
    146.27886545287));
#1137 = CARTESIAN_POINT('',(-56.37388522164,-6.578153289079,
    146.57724644374));
#1138 = CARTESIAN_POINT('',(-56.4169191908,-4.936789448717,
    146.79873979681));
#1139 = CARTESIAN_POINT('',(-56.44521042211,-3.287512423149,
    146.94543303116));
#1140 = CARTESIAN_POINT('',(-56.45929636236,-1.634482993593,
    147.01845162547));
#1141 = CARTESIAN_POINT('',(-56.45901741409,1.662302924124,
    147.01700555073));
#1142 = CARTESIAN_POINT('',(-56.44482627996,3.305156638173,
    146.94344136872));
#1143 = CARTESIAN_POINT('',(-56.41659623358,4.944256831136,
    146.79708685365));
#1144 = CARTESIAN_POINT('',(-56.37379686304,6.575514776294,
    146.57683144712));
#1145 = CARTESIAN_POINT('',(-56.31545967815,8.194051525655,
    146.28062524221));
#1146 = CARTESIAN_POINT('',(-56.24003309975,9.79420188355,
    145.90555705447));
#1147 = CARTESIAN_POINT('',(-56.11251938976,11.918048162986,
    145.28674847609));
#1148 = CARTESIAN_POINT('',(-56.07725514305,12.46366821454,
    145.11671256483));
#1149 = CARTESIAN_POINT('',(-56.03958895475,13.005871805569,
    144.93631919426));
#1150 = CARTESIAN_POINT('',(-55.99943187665,13.544304933991,
    144.74535173144));
#1151 = CARTESIAN_POINT('',(-55.95669369165,14.078569114888,
    144.54357248738));
#1152 = CARTESIAN_POINT('',(-55.91128802625,14.608220261865,
    144.33071856607));
#1153 = CARTESIAN_POINT('',(-55.80581187573,15.757267242823,
    143.83955152666));
#1154 = CARTESIAN_POINT('',(-55.74460034191,16.374494780072,
    143.55650881186));
#1155 = CARTESIAN_POINT('',(-55.67937116971,16.983651142351,
    143.2568665015));
#1156 = CARTESIAN_POINT('',(-55.61002807948,17.583759390933,
    142.94008415635));
#1157 = CARTESIAN_POINT('',(-55.53652783425,18.173669149382,
    142.60558870707));
#1158 = CARTESIAN_POINT('',(-55.45894343029,18.752054140108,
    142.25275642388));
#1159 = CARTESIAN_POINT('',(-55.28929770547,19.930722804122,
    141.47743235042));
#1160 = CARTESIAN_POINT('',(-55.19658948643,20.528552541145,
    141.05166683342));
#1161 = CARTESIAN_POINT('',(-55.09981336553,21.109091212351,
    140.60260380135));
#1162 = CARTESIAN_POINT('',(-54.99970775905,21.669980037659,
    140.12930369725));
#1163 = CARTESIAN_POINT('',(-54.89752920238,22.208347472581,
    139.63088414629));
#1164 = CARTESIAN_POINT('',(-54.79551073979,22.720869871446,
    139.10649905536));
#1165 = CARTESIAN_POINT('',(-54.64221305263,23.472578877404,
    138.24844526292));
#1166 = CARTESIAN_POINT('',(-54.5884989521,23.732166029402,
    137.93334079995));
#1167 = CARTESIAN_POINT('',(-54.53647726074,23.981860827693,
    137.60985298723));
#1168 = CARTESIAN_POINT('',(-54.48684742033,24.220907322173,
    137.27792081849));
#1169 = CARTESIAN_POINT('',(-54.44043405688,24.448472378079,
    136.93756026521));
#1170 = CARTESIAN_POINT('',(-54.3981467974,24.66367065665,
    136.58888774159));
#1171 = CARTESIAN_POINT('',(-54.31124446265,25.134647516933,
    135.75684043297));
#1172 = CARTESIAN_POINT('',(-54.27051636953,25.380199877962,
    135.26710455835));
#1173 = CARTESIAN_POINT('',(-54.24087145951,25.599945855789,
    134.76379809377));
#1174 = CARTESIAN_POINT('',(-54.224418644,25.791616356799,
    134.24820944226));
#1175 = CARTESIAN_POINT('',(-54.22278108887,25.95318054521,
    133.72214879533));
#1176 = CARTESIAN_POINT('',(-54.23631629692,26.083077338079,
    133.18805242611));
#1177 = CARTESIAN_POINT('',(-54.27390584878,26.214144436613,
    132.46326004152));
#1178 = CARTESIAN_POINT('',(-54.28525911381,26.243899080958,
    132.27681637993));
#1179 = CARTESIAN_POINT('',(-54.29829872791,26.269772487972,
    132.08987661578));
#1180 = CARTESIAN_POINT('',(-54.31298076127,26.291745230398,
    131.90255150277));
#1181 = CARTESIAN_POINT('',(-54.32924848926,26.30980829658,
    131.71494993366));
#1182 = CARTESIAN_POINT('',(-54.34703446249,26.323962319311,
    131.52717900925));
#1183 = CARTESIAN_POINT('',(-54.36626257691,26.334216804675,
    131.33934410736));
#1184 = PCURVE('',#34,#1185);
#1185 = DEFINITIONAL_REPRESENTATION('',(#1186),#1351);
#1186 = B_SPLINE_CURVE_WITH_KNOTS('',7,(#1187,#1188,#1189,#1190,#1191,
    #1192,#1193,#1194,#1195,#1196,#1197,#1198,#1199,#1200,#1201,#1202,
    #1203,#1204,#1205,#1206,#1207,#1208,#1209,#1210,#1211,#1212,#1213,
    #1214,#1215,#1216,#1217,#1218,#1219,#1220,#1221,#1222,#1223,#1224,
    #1225,#1226,#1227,#1228,#1229,#1230,#1231,#1232,#1233,#1234,#1235,
    #1236,#1237,#1238,#1239,#1240,#1241,#1242,#1243,#1244,#1245,#1246,
    #1247,#1248,#1249,#1250,#1251,#1252,#1253,#1254,#1255,#1256,#1257,
    #1258,#1259,#1260,#1261,#1262,#1263,#1264,#1265,#1266,#1267,#1268,
    #1269,#1270,#1271,#1272,#1273,#1274,#1275,#1276,#1277,#1278,#1279,
    #1280,#1281,#1282,#1283,#1284,#1285,#1286,#1287,#1288,#1289,#1290,
    #1291,#1292,#1293,#1294,#1295,#1296,#1297,#1298,#1299,#1300,#1301,
    #1302,#1303,#1304,#1305,#1306,#1307,#1308,#1309,#1310,#1311,#1312,
    #1313,#1314,#1315,#1316,#1317,#1318,#1319,#1320,#1321,#1322,#1323,
    #1324,#1325,#1326,#1327,#1328,#1329,#1330,#1331,#1332,#1333,#1334,
    #1335,#1336,#1337,#1338,#1339,#1340,#1341,#1342,#1343,#1344,#1345,
    #1346,#1347,#1348,#1349,#1350),.UNSPECIFIED.,.F.,.F.,(8,6,6,6,6,6,6,
    6,6,6,6,6,6,6,6,6,6,6,6,6,6,6,6,6,6,6,6,8),(0.,2.99386091783E-02,
    6.44853510586E-02,0.107752033074,0.143045468589,0.171613295169,
    0.254051511694,0.338018867156,0.367485300067,0.403036333356,
    0.447564750617,0.483081655692,0.498274023244,0.520398874868,
    0.538862349866,0.548420945659,0.569482035669,0.606896154052,
    0.641725060354,0.670966888738,0.75545274425,0.839421360543,
    0.868673573424,0.903499790519,0.941281108109,0.962313420793,
    0.990337259443,1.),.UNSPECIFIED.);
#1187 = CARTESIAN_POINT('',(3.607961387238E-03,0.155499791934));
#1188 = CARTESIAN_POINT('',(9.475689278457E-03,0.156057619927));
#1189 = CARTESIAN_POINT('',(1.52809648716E-02,0.156685452322));
#1190 = CARTESIAN_POINT('',(2.100210321305E-02,0.157367469057));
#1191 = CARTESIAN_POINT('',(2.662767815928E-02,0.158085140592));
#1192 = CARTESIAN_POINT('',(3.215269500352E-02,0.158822121138));
#1193 = CARTESIAN_POINT('',(3.757562381746E-02,0.159565424207));
#1194 = CARTESIAN_POINT('',(4.903854892092E-02,0.161158571161));
#1195 = CARTESIAN_POINT('',(5.504462946218E-02,0.162007155512));
#1196 = CARTESIAN_POINT('',(6.091730565283E-02,0.162835497125));
#1197 = CARTESIAN_POINT('',(6.666112322533E-02,0.163633598635));
#1198 = CARTESIAN_POINT('',(7.228112844346E-02,0.164396075676));
#1199 = CARTESIAN_POINT('',(7.778305153645E-02,0.165120258807));
#1200 = CARTESIAN_POINT('',(8.992438795604E-02,0.16666348662));
#1201 = CARTESIAN_POINT('',(9.649884653925E-02,0.167460121193));
#1202 = CARTESIAN_POINT('',(0.102910872941,0.168194052954));
#1203 = CARTESIAN_POINT('',(0.109172559665,0.168867918714));
#1204 = CARTESIAN_POINT('',(0.115295215579,0.169485819726));
#1205 = CARTESIAN_POINT('',(0.121290383372,0.17005206017));
#1206 = CARTESIAN_POINT('',(0.131967344741,0.170994399647));
#1207 = CARTESIAN_POINT('',(0.13668669625,0.171386214617));
#1208 = CARTESIAN_POINT('',(0.14133503988,0.171748849784));
#1209 = CARTESIAN_POINT('',(0.145917905788,0.172084503765));
#1210 = CARTESIAN_POINT('',(0.150440329212,0.172395201837));
#1211 = CARTESIAN_POINT('',(0.154907129977,0.172682778428));
#1212 = CARTESIAN_POINT('',(0.162897714194,0.173164236458));
#1213 = CARTESIAN_POINT('',(0.16643882666,0.173365523221));
#1214 = CARTESIAN_POINT('',(0.169948998035,0.1735535836));
#1215 = CARTESIAN_POINT('',(0.173430487501,0.173729189504));
#1216 = CARTESIAN_POINT('',(0.176885404476,0.173893029782));
#1217 = CARTESIAN_POINT('',(0.180315768297,0.174045718958));
#1218 = CARTESIAN_POINT('',(0.193557456519,0.174597826023));
#1219 = CARTESIAN_POINT('',(0.203200214707,0.174919425433));
#1220 = CARTESIAN_POINT('',(0.212703883347,0.175166043829));
#1221 = CARTESIAN_POINT('',(0.222105623398,0.175345792295));
#1222 = CARTESIAN_POINT('',(0.231439453248,0.175463827122));
#1223 = CARTESIAN_POINT('',(0.240738219701,0.175522760632));
#1224 = CARTESIAN_POINT('',(0.259513235183,0.175522326353));
#1225 = CARTESIAN_POINT('',(0.268984483165,0.175460744414));
#1226 = CARTESIAN_POINT('',(0.278493075048,0.175337838721));
#1227 = CARTESIAN_POINT('',(0.288073687888,0.175150783044));
#1228 = CARTESIAN_POINT('',(0.297762328024,0.174894007545));
#1229 = CARTESIAN_POINT('',(0.307598334554,0.174558752411));
#1230 = CARTESIAN_POINT('',(0.321160700417,0.173980064269));
#1231 = CARTESIAN_POINT('',(0.324708354944,0.173818292159));
#1232 = CARTESIAN_POINT('',(0.328282813592,0.173644452685));
#1233 = CARTESIAN_POINT('',(0.331886322494,0.173457850427));
#1234 = CARTESIAN_POINT('',(0.335521230837,0.173257704394));
#1235 = CARTESIAN_POINT('',(0.339190062883,0.17304313797));
#1236 = CARTESIAN_POINT('',(0.34736628161,0.172535712632));
#1237 = CARTESIAN_POINT('',(0.351890123,0.172235853125));
#1238 = CARTESIAN_POINT('',(0.356472180917,0.171911853781));
#1239 = CARTESIAN_POINT('',(0.361117527663,0.171561790621));
#1240 = CARTESIAN_POINT('',(0.36583140844,0.171183532528));
#1241 = CARTESIAN_POINT('',(0.37061954159,0.170774769696));
#1242 = CARTESIAN_POINT('',(0.381587090229,0.169779874533));
#1243 = CARTESIAN_POINT('',(0.387810928718,0.169175181717));
#1244 = CARTESIAN_POINT('',(0.394174209531,0.168514151547));
#1245 = CARTESIAN_POINT('',(0.400689657688,0.167792176072));
#1246 = CARTESIAN_POINT('',(0.407369660447,0.16700505951));
#1247 = CARTESIAN_POINT('',(0.414227407641,0.166150734166));
#1248 = CARTESIAN_POINT('',(0.426901882666,0.164500154949));
#1249 = CARTESIAN_POINT('',(0.432647289318,0.163727302745));
#1250 = CARTESIAN_POINT('',(0.438521273977,0.162915786713));
#1251 = CARTESIAN_POINT('',(0.444529793464,0.162070023061));
#1252 = CARTESIAN_POINT('',(0.450677833827,0.161197978194));
#1253 = CARTESIAN_POINT('',(0.456969447585,0.160313683906));
#1254 = CARTESIAN_POINT('',(0.466155959023,0.159062251842));
#1255 = CARTESIAN_POINT('',(0.468934248395,0.158688763604));
#1256 = CARTESIAN_POINT('',(0.471738456904,0.158318270314));
#1257 = CARTESIAN_POINT('',(0.474568277649,0.157952556206));
#1258 = CARTESIAN_POINT('',(0.477423128204,0.157593589129));
#1259 = CARTESIAN_POINT('',(0.480302066157,0.157243476205));
#1260 = CARTESIAN_POINT('',(0.487429397989,0.156410642932));
#1261 = CARTESIAN_POINT('',(0.491703651185,0.155940263983));
#1262 = CARTESIAN_POINT('',(0.496021499943,0.155500085023));
#1263 = CARTESIAN_POINT('',(0.500376445359,0.155097215649));
#1264 = CARTESIAN_POINT('',(0.504759778625,0.154738251083));
#1265 = CARTESIAN_POINT('',(0.509160196082,0.154428364329));
#1266 = CARTESIAN_POINT('',(0.517238490547,0.153954966094));
#1267 = CARTESIAN_POINT('',(0.520916278483,0.153775675007));
#1268 = CARTESIAN_POINT('',(0.524588971626,0.153634102617));
#1269 = CARTESIAN_POINT('',(0.528248874096,0.153530692278));
#1270 = CARTESIAN_POINT('',(0.531888825117,0.153464594217));
#1271 = CARTESIAN_POINT('',(0.535502332384,0.15343384816));
#1272 = CARTESIAN_POINT('',(0.540937791438,0.153436842448));
#1273 = CARTESIAN_POINT('',(0.542783356836,0.153446632461));
#1274 = CARTESIAN_POINT('',(0.544619678386,0.15346482572));
#1275 = CARTESIAN_POINT('',(0.546446133267,0.153491008871));
#1276 = CARTESIAN_POINT('',(0.548262194563,0.153524735005));
#1277 = CARTESIAN_POINT('',(0.550067427539,0.153565537911));
#1278 = CARTESIAN_POINT('',(0.555814453793,0.153717404001));
#1279 = CARTESIAN_POINT('',(0.559712987322,0.153853925774));
#1280 = CARTESIAN_POINT('',(0.563553694532,0.154017460485));
#1281 = CARTESIAN_POINT('',(0.567334920544,0.154202827637));
#1282 = CARTESIAN_POINT('',(0.571056393385,0.154405273283));
#1283 = CARTESIAN_POINT('',(0.574718944969,0.154620721107));
#1284 = CARTESIAN_POINT('',(0.584729078125,0.155245416944));
#1285 = CARTESIAN_POINT('',(0.590951365271,0.155675140168));
#1286 = CARTESIAN_POINT('',(0.597002059243,0.156115573054));
#1287 = CARTESIAN_POINT('',(0.602893618562,0.156553611705));
#1288 = CARTESIAN_POINT('',(0.608638604132,0.156981552184));
#1289 = CARTESIAN_POINT('',(0.614249758228,0.15739460477));
#1290 = CARTESIAN_POINT('',(0.624851482338,0.158158274154));
#1291 = CARTESIAN_POINT('',(0.629857031135,0.158511144943));
#1292 = CARTESIAN_POINT('',(0.634766905864,0.158846509519));
#1293 = CARTESIAN_POINT('',(0.639589644202,0.159163532515));
#1294 = CARTESIAN_POINT('',(0.644332871006,0.159462105489));
#1295 = CARTESIAN_POINT('',(0.649003666544,0.15974247083));
#1296 = CARTESIAN_POINT('',(0.657475210143,0.1602256249));
#1297 = CARTESIAN_POINT('',(0.661295142533,0.160433627005));
#1298 = CARTESIAN_POINT('',(0.665072486768,0.160629405156));
#1299 = CARTESIAN_POINT('',(0.668810721117,0.160813317644));
#1300 = CARTESIAN_POINT('',(0.672513017048,0.160985763134));
#1301 = CARTESIAN_POINT('',(0.676182338369,0.161147147966));
#1302 = CARTESIAN_POINT('',(0.690335962239,0.161733276428));
#1303 = CARTESIAN_POINT('',(0.700595109298,0.162079409749));
#1304 = CARTESIAN_POINT('',(0.710672771148,0.162345979955));
#1305 = CARTESIAN_POINT('',(0.720619087142,0.162540820834));
#1306 = CARTESIAN_POINT('',(0.730478880378,0.162668762133));
#1307 = CARTESIAN_POINT('',(0.740294220526,0.162732467572));
#1308 = CARTESIAN_POINT('',(0.7598709778,0.162731206012));
#1309 = CARTESIAN_POINT('',(0.769626988983,0.162667024905));
#1310 = CARTESIAN_POINT('',(0.779427310297,0.162539357326));
#1311 = CARTESIAN_POINT('',(0.789313293107,0.16234557482));
#1312 = CARTESIAN_POINT('',(0.799328969531,0.162080928232));
#1313 = CARTESIAN_POINT('',(0.809523605983,0.161737745858));
#1314 = CARTESIAN_POINT('',(0.823608405416,0.161156264599));
#1315 = CARTESIAN_POINT('',(0.827277442282,0.160995360274));
#1316 = CARTESIAN_POINT('',(0.830979357526,0.160823403577));
#1317 = CARTESIAN_POINT('',(0.83471711081,0.160639987884));
#1318 = CARTESIAN_POINT('',(0.838493868951,0.160444713603));
#1319 = CARTESIAN_POINT('',(0.842313104841,0.160237220517));
#1320 = CARTESIAN_POINT('',(0.850780876743,0.159755299092));
#1321 = CARTESIAN_POINT('',(0.85544849305,0.159475673305));
#1322 = CARTESIAN_POINT('',(0.86018829917,0.159177852769));
#1323 = CARTESIAN_POINT('',(0.865007354725,0.1588615864));
#1324 = CARTESIAN_POINT('',(0.869913262869,0.158526968586));
#1325 = CARTESIAN_POINT('',(0.874914537798,0.158174811369));
#1326 = CARTESIAN_POINT('',(0.885560972403,0.157408566962));
#1327 = CARTESIAN_POINT('',(0.891223425889,0.156991865968));
#1328 = CARTESIAN_POINT('',(0.897022085561,0.156559872467));
#1329 = CARTESIAN_POINT('',(0.902970064494,0.156117469972));
#1330 = CARTESIAN_POINT('',(0.909080290844,0.155672545344));
#1331 = CARTESIAN_POINT('',(0.915365599222,0.155238612408));
#1332 = CARTESIAN_POINT('',(0.925439818069,0.154611329648));
#1333 = CARTESIAN_POINT('',(0.929099533453,0.154396641711));
#1334 = CARTESIAN_POINT('',(0.93281803776,0.154195042303));
#1335 = CARTESIAN_POINT('',(0.936596138323,0.154010606449));
#1336 = CARTESIAN_POINT('',(0.94043353571,0.153848080946));
#1337 = CARTESIAN_POINT('',(0.944328545551,0.153712631317));
#1338 = CARTESIAN_POINT('',(0.953539733677,0.153471583498));
#1339 = CARTESIAN_POINT('',(0.958899185275,0.153390842371));
#1340 = CARTESIAN_POINT('',(0.964345166477,0.153379059273));
#1341 = CARTESIAN_POINT('',(0.969861580867,0.153447589959));
#1342 = CARTESIAN_POINT('',(0.975426311143,0.153604588757));
#1343 = CARTESIAN_POINT('',(0.981012689508,0.153850539051));
#1344 = CARTESIAN_POINT('',(0.988513080413,0.154292720671));
#1345 = CARTESIAN_POINT('',(0.99043540169,0.154415963527));
#1346 = CARTESIAN_POINT('',(0.992355879147,0.15454884161));
#1347 = CARTESIAN_POINT('',(0.994273495589,0.154691037127));
#1348 = CARTESIAN_POINT('',(0.996187300396,0.154842160654));
#1349 = CARTESIAN_POINT('',(0.998096408606,0.15500176378));
#1350 = CARTESIAN_POINT('',(1.,0.155169351766));
#1351 = ( GEOMETRIC_REPRESENTATION_CONTEXT(2) 
PARAMETRIC_REPRESENTATION_CONTEXT() REPRESENTATION_CONTEXT('2D SPACE',''
  ) );
#1352 = PCURVE('',#149,#1353);
#1353 = DEFINITIONAL_REPRESENTATION('',(#1354),#1519);
#1354 = B_SPLINE_CURVE_WITH_KNOTS('',7,(#1355,#1356,#1357,#1358,#1359,
    #1360,#1361,#1362,#1363,#1364,#1365,#1366,#1367,#1368,#1369,#1370,
    #1371,#1372,#1373,#1374,#1375,#1376,#1377,#1378,#1379,#1380,#1381,
    #1382,#1383,#1384,#1385,#1386,#1387,#1388,#1389,#1390,#1391,#1392,
    #1393,#1394,#1395,#1396,#1397,#1398,#1399,#1400,#1401,#1402,#1403,
    #1404,#1405,#1406,#1407,#1408,#1409,#1410,#1411,#1412,#1413,#1414,
    #1415,#1416,#1417,#1418,#1419,#1420,#1421,#1422,#1423,#1424,#1425,
    #1426,#1427,#1428,#1429,#1430,#1431,#1432,#1433,#1434,#1435,#1436,
    #1437,#1438,#1439,#1440,#1441,#1442,#1443,#1444,#1445,#1446,#1447,
    #1448,#1449,#1450,#1451,#1452,#1453,#1454,#1455,#1456,#1457,#1458,
    #1459,#1460,#1461,#1462,#1463,#1464,#1465,#1466,#1467,#1468,#1469,
    #1470,#1471,#1472,#1473,#1474,#1475,#1476,#1477,#1478,#1479,#1480,
    #1481,#1482,#1483,#1484,#1485,#1486,#1487,#1488,#1489,#1490,#1491,
    #1492,#1493,#1494,#1495,#1496,#1497,#1498,#1499,#1500,#1501,#1502,
    #1503,#1504,#1505,#1506,#1507,#1508,#1509,#1510,#1511,#1512,#1513,
    #1514,#1515,#1516,#1517,#1518),.UNSPECIFIED.,.F.,.F.,(8,6,6,6,6,6,6,
    6,6,6,6,6,6,6,6,6,6,6,6,6,6,6,6,6,6,6,6,8),(0.,2.99386091783E-02,
    6.44853510586E-02,0.107752033074,0.143045468589,0.171613295169,
    0.254051511694,0.338018867156,0.367485300067,0.403036333356,
    0.447564750617,0.483081655692,0.498274023244,0.520398874868,
    0.538862349866,0.548420945659,0.569482035669,0.606896154052,
    0.641725060354,0.670966888738,0.75545274425,0.839421360543,
    0.868673573424,0.903499790519,0.941281108109,0.962313420793,
    0.990337259443,1.),.UNSPECIFIED.);
#1355 = CARTESIAN_POINT('',(0.,0.177580470629));
#1356 = CARTESIAN_POINT('',(5.634542589234E-03,0.178789834069));
#1357 = CARTESIAN_POINT('',(1.123437416837E-02,0.18010746791));
#1358 = CARTESIAN_POINT('',(1.678168727255E-02,0.181504863083));
#1359 = CARTESIAN_POINT('',(2.226595137686E-02,0.182949759921));
#1360 = CARTESIAN_POINT('',(2.76806086786E-02,0.184414273175));
#1361 = CARTESIAN_POINT('',(3.302167824082E-02,0.185876631355));
#1362 = CARTESIAN_POINT('',(4.436346503898E-02,0.188986460896));
#1363 = CARTESIAN_POINT('',(5.033876831901E-02,0.190627682774));
#1364 = CARTESIAN_POINT('',(5.621037218235E-02,0.192218888661));
#1365 = CARTESIAN_POINT('',(6.19777591536E-02,0.193744326327));
#1366 = CARTESIAN_POINT('',(6.764150590382E-02,0.195196150019));
#1367 = CARTESIAN_POINT('',(7.320353731062E-02,0.196571072602));
#1368 = CARTESIAN_POINT('',(8.551008683764E-02,0.199494501668));
#1369 = CARTESIAN_POINT('',(9.219716144949E-02,0.200998818006));
#1370 = CARTESIAN_POINT('',(9.873639149159E-02,0.20238211579));
#1371 = CARTESIAN_POINT('',(0.105135394093,0.203650816772));
#1372 = CARTESIAN_POINT('',(0.111402299781,0.204813475291));
#1373 = CARTESIAN_POINT('',(0.117546426022,0.205878691043));
#1374 = CARTESIAN_POINT('',(0.128499559444,0.207651463477));
#1375 = CARTESIAN_POINT('',(0.133345048085,0.208388581576));
#1376 = CARTESIAN_POINT('',(0.138120744887,0.209070969301));
#1377 = CARTESIAN_POINT('',(0.142831574839,0.209702829169));
#1378 = CARTESIAN_POINT('',(0.147482157502,0.210287983319));
#1379 = CARTESIAN_POINT('',(0.152077032217,0.210829865976));
#1380 = CARTESIAN_POINT('',(0.160298843599,0.211737571133));
#1381 = CARTESIAN_POINT('',(0.163943204897,0.212117252738));
#1382 = CARTESIAN_POINT('',(0.167556333425,0.212472171206));
#1383 = CARTESIAN_POINT('',(0.171140419298,0.212803759436));
#1384 = CARTESIAN_POINT('',(0.174697529838,0.213113291272));
#1385 = CARTESIAN_POINT('',(0.178229662873,0.213401900019));
#1386 = CARTESIAN_POINT('',(0.191865118955,0.214445974815));
#1387 = CARTESIAN_POINT('',(0.20179661893,0.215055288368));
#1388 = CARTESIAN_POINT('',(0.211585326038,0.215523295146));
#1389 = CARTESIAN_POINT('',(0.221269117722,0.21586477676));
#1390 = CARTESIAN_POINT('',(0.230882876163,0.216089148414));
#1391 = CARTESIAN_POINT('',(0.240460486251,0.216201173749));
#1392 = CARTESIAN_POINT('',(0.259798509001,0.216200348226));
#1393 = CARTESIAN_POINT('',(0.269553773273,0.216083288603));
#1394 = CARTESIAN_POINT('',(0.279347536307,0.215849658803));
#1395 = CARTESIAN_POINT('',(0.289215572609,0.215494305568));
#1396 = CARTESIAN_POINT('',(0.299194791003,0.215007056907));
#1397 = CARTESIAN_POINT('',(0.309325275586,0.214371951168));
#1398 = CARTESIAN_POINT('',(0.323290606803,0.213277801627));
#1399 = CARTESIAN_POINT('',(0.326943394859,0.212972083386));
#1400 = CARTESIAN_POINT('',(0.330623431604,0.212643729266));
#1401 = CARTESIAN_POINT('',(0.334332934584,0.212291456003));
#1402 = CARTESIAN_POINT('',(0.338074199504,0.211913818168));
#1403 = CARTESIAN_POINT('',(0.341849664199,0.211509186543));
#1404 = CARTESIAN_POINT('',(0.350261495005,0.210552759775));
#1405 = CARTESIAN_POINT('',(0.35491437462,0.209987861591));
#1406 = CARTESIAN_POINT('',(0.359625458531,0.209377787907));
#1407 = CARTESIAN_POINT('',(0.364399486084,0.208718922815));
#1408 = CARTESIAN_POINT('',(0.369241228947,0.208007233248));
#1409 = CARTESIAN_POINT('',(0.374155730307,0.20723829314));
#1410 = CARTESIAN_POINT('',(0.385402371536,0.205366631792));
#1411 = CARTESIAN_POINT('',(0.391777497077,0.20422896315));
#1412 = CARTESIAN_POINT('',(0.39828626582,0.202984859319));
#1413 = CARTESIAN_POINT('',(0.40493872266,0.201625003154));
#1414 = CARTESIAN_POINT('',(0.411743390146,0.200140419297));
#1415 = CARTESIAN_POINT('',(0.41870801682,0.198525341759));
#1416 = CARTESIAN_POINT('',(0.431529346561,0.195392914811));
#1417 = CARTESIAN_POINT('',(0.437323883097,0.193922245089));
#1418 = CARTESIAN_POINT('',(0.443227232471,0.192372565295));
#1419 = CARTESIAN_POINT('',(0.449240858537,0.190749993464));
#1420 = CARTESIAN_POINT('',(0.455364560269,0.189066664688));
#1421 = CARTESIAN_POINT('',(0.461596767844,0.187345198912));
#1422 = CARTESIAN_POINT('',(0.47064242259,0.184880672745));
#1423 = CARTESIAN_POINT('',(0.47337133047,0.184141471859));
#1424 = CARTESIAN_POINT('',(0.476118651612,0.183404036258));
#1425 = CARTESIAN_POINT('',(0.478883799804,0.182671373661));
#1426 = CARTESIAN_POINT('',(0.481665992227,0.18194683273));
#1427 = CARTESIAN_POINT('',(0.48446419862,0.18123403495));
#1428 = CARTESIAN_POINT('',(0.491373541555,0.179521417094));
#1429 = CARTESIAN_POINT('',(0.495501538348,0.178538943708));
#1430 = CARTESIAN_POINT('',(0.499656325918,0.177601232174));
#1431 = CARTESIAN_POINT('',(0.503832239125,0.176720827423));
#1432 = CARTESIAN_POINT('',(0.508022316907,0.175909621303));
#1433 = CARTESIAN_POINT('',(0.512217911973,0.175177322183));
#1434 = CARTESIAN_POINT('',(0.519905225877,0.17398933929));
#1435 = CARTESIAN_POINT('',(0.523399334953,0.173507820651));
#1436 = CARTESIAN_POINT('',(0.526884406329,0.173088671732));
#1437 = CARTESIAN_POINT('',(0.530354846957,0.172733323161));
#1438 = CARTESIAN_POINT('',(0.533805607,0.172441003248));
#1439 = CARTESIAN_POINT('',(0.53723213851,0.172209023124));
#1440 = CARTESIAN_POINT('',(0.542389679886,0.171942628718));
#1441 = CARTESIAN_POINT('',(0.544141474605,0.171866884454));
#1442 = CARTESIAN_POINT('',(0.545885281127,0.171805723224));
#1443 = CARTESIAN_POINT('',(0.547620678829,0.171758515172));
#1444 = CARTESIAN_POINT('',(0.549347318186,0.171724567258));
#1445 = CARTESIAN_POINT('',(0.551064916138,0.171703147281));
#1446 = CARTESIAN_POINT('',(0.55653734047,0.1716722681));
#1447 = CARTESIAN_POINT('',(0.560256285536,0.171708222631));
#1448 = CARTESIAN_POINT('',(0.563928030326,0.171793345419));
#1449 = CARTESIAN_POINT('',(0.567551656068,0.171919255051));
#1450 = CARTESIAN_POINT('',(0.571127130101,0.172078169719));
#1451 = CARTESIAN_POINT('',(0.574655158802,0.17226335052));
#1452 = CARTESIAN_POINT('',(0.584322742798,0.172834418998));
#1453 = CARTESIAN_POINT('',(0.590361096354,0.173264411672));
#1454 = CARTESIAN_POINT('',(0.59626114838,0.173726698085));
#1455 = CARTESIAN_POINT('',(0.602031484407,0.174199016665));
#1456 = CARTESIAN_POINT('',(0.607680764578,0.174667997465));
#1457 = CARTESIAN_POINT('',(0.613218184347,0.17512507067));
#1458 = CARTESIAN_POINT('',(0.623714014521,0.175974895424));
#1459 = CARTESIAN_POINT('',(0.628684895616,0.176369806784));
#1460 = CARTESIAN_POINT('',(0.63357399455,0.176745781426));
#1461 = CARTESIAN_POINT('',(0.638387732355,0.177101015108));
#1462 = CARTESIAN_POINT('',(0.643131975749,0.177434956086));
#1463 = CARTESIAN_POINT('',(0.647812358809,0.177747671104));
#1464 = CARTESIAN_POINT('',(0.656315081366,0.17828481374));
#1465 = CARTESIAN_POINT('',(0.660154432108,0.178515335449));
#1466 = CARTESIAN_POINT('',(0.663955669774,0.178731524513));
#1467 = CARTESIAN_POINT('',(0.667721675898,0.17893382209));
#1468 = CARTESIAN_POINT('',(0.671455121925,0.179122755191));
#1469 = CARTESIAN_POINT('',(0.675158548768,0.179298878793));
#1470 = CARTESIAN_POINT('',(0.689454890623,0.179936089106));
#1471 = CARTESIAN_POINT('',(0.699841644936,0.180306769007));
#1472 = CARTESIAN_POINT('',(0.710059777723,0.180588148545));
#1473 = CARTESIAN_POINT('',(0.720154853119,0.180791819696));
#1474 = CARTESIAN_POINT('',(0.730168338476,0.180924828909));
#1475 = CARTESIAN_POINT('',(0.740139835516,0.180991071249));
#1476 = CARTESIAN_POINT('',(0.76002799056,0.180989759499));
#1477 = CARTESIAN_POINT('',(0.769939162876,0.180923022759));
#1478 = CARTESIAN_POINT('',(0.7798921851,0.180790283576));
#1479 = CARTESIAN_POINT('',(0.789925977549,0.180587698338));
#1480 = CARTESIAN_POINT('',(0.800081275092,0.180308337139));
#1481 = CARTESIAN_POINT('',(0.81040284926,0.179940852286));
#1482 = CARTESIAN_POINT('',(0.82463022312,0.17930882201));
#1483 = CARTESIAN_POINT('',(0.828333518866,0.17913325808));
#1484 = CARTESIAN_POINT('',(0.832066752228,0.178944897578));
#1485 = CARTESIAN_POINT('',(0.835832461848,0.178743184684));
#1486 = CARTESIAN_POINT('',(0.839633316728,0.178527590449));
#1487 = CARTESIAN_POINT('',(0.84347219561,0.178297670099));
#1488 = CARTESIAN_POINT('',(0.851971684587,0.177761972349));
#1489 = CARTESIAN_POINT('',(0.856649218384,0.17745011881));
#1490 = CARTESIAN_POINT('',(0.86139041863,0.177117048529));
#1491 = CARTESIAN_POINT('',(0.866200906527,0.176762679099));
#1492 = CARTESIAN_POINT('',(0.871086536464,0.176387537689));
#1493 = CARTESIAN_POINT('',(0.876053716462,0.175993388591));
#1494 = CARTESIAN_POINT('',(0.886595086301,0.17514051436));
#1495 = CARTESIAN_POINT('',(0.892183701344,0.174679270503));
#1496 = CARTESIAN_POINT('',(0.897886196559,0.174205686975));
#1497 = CARTESIAN_POINT('',(0.903712037923,0.173728507985));
#1498 = CARTESIAN_POINT('',(0.909670134028,0.173261424779));
#1499 = CARTESIAN_POINT('',(0.915769319662,0.172827395213));
#1500 = CARTESIAN_POINT('',(0.925497811092,0.172255228253));
#1501 = CARTESIAN_POINT('',(0.929022764651,0.172071246056));
#1502 = CARTESIAN_POINT('',(0.932595058135,0.171913659919));
#1503 = CARTESIAN_POINT('',(0.936215381311,0.17178920506));
#1504 = CARTESIAN_POINT('',(0.939883683023,0.171705649685));
#1505 = CARTESIAN_POINT('',(0.943599023841,0.171671348492));
#1506 = CARTESIAN_POINT('',(0.952369618029,0.171724847645));
#1507 = CARTESIAN_POINT('',(0.957460919777,0.171857033508));
#1508 = CARTESIAN_POINT('',(0.962625600447,0.172109769114));
#1509 = CARTESIAN_POINT('',(0.967852634044,0.172500480727));
#1510 = CARTESIAN_POINT('',(0.973127157735,0.173040756374));
#1511 = CARTESIAN_POINT('',(0.978430289493,0.173728977059));
#1512 = CARTESIAN_POINT('',(0.98556808641,0.17483631215));
#1513 = CARTESIAN_POINT('',(0.987399043813,0.175136348816));
#1514 = CARTESIAN_POINT('',(0.989230028505,0.175452017493));
#1515 = CARTESIAN_POINT('',(0.991060269053,0.175782694238));
#1516 = CARTESIAN_POINT('',(0.992889036031,0.176127639965));
#1517 = CARTESIAN_POINT('',(0.994715637795,0.176486022247));
#1518 = CARTESIAN_POINT('',(0.996539416265,0.176856937131));
#1519 = ( GEOMETRIC_REPRESENTATION_CONTEXT(2) 
PARAMETRIC_REPRESENTATION_CONTEXT() REPRESENTATION_CONTEXT('2D SPACE',''
  ) );
#1520 = ORIENTED_EDGE('',*,*,#1521,.T.);
#1521 = EDGE_CURVE('',#22,#1522,#1524,.T.);
#1522 = VERTEX_POINT('',#1523);
#1523 = CARTESIAN_POINT('',(-113.,1.2,186.));
#1524 = SEAM_CURVE('',#1525,(#1533,#1540),.PCURVE_S1.);
#1525 = ( BOUNDED_CURVE() B_SPLINE_CURVE(6,(#1526,#1527,#1528,#1529,
#1530,#1531,#1532),.UNSPECIFIED.,.F.,.F.) B_SPLINE_CURVE_WITH_KNOTS((7,7
),(0.,1.),.PIECEWISE_BEZIER_KNOTS.) CURVE() 
GEOMETRIC_REPRESENTATION_ITEM() RATIONAL_B_SPLINE_CURVE((1.,1.,1.,1.,1.,
1.,1.)) REPRESENTATION_ITEM('') );
#1526 = CARTESIAN_POINT('',(-38.,31.,129.));
#1527 = CARTESIAN_POINT('',(-31.74979762138,-6.16472730149,
    145.26682048193));
#1528 = CARTESIAN_POINT('',(-128.9524230124,96.453151992249,
    105.39414458143));
#1529 = CARTESIAN_POINT('',(-72.96298356134,-8.120973917569,
    130.18133518668));
#1530 = CARTESIAN_POINT('',(-122.6265574783,24.094544175361,
    144.03681586254));
#1531 = CARTESIAN_POINT('',(-115.1586296877,7.302918694752,
    166.72922282099));
#1532 = CARTESIAN_POINT('',(-113.,1.2,186.));
#1533 = PCURVE('',#34,#1534);
#1534 = DEFINITIONAL_REPRESENTATION('',(#1535),#1539);
#1535 = LINE('',#1536,#1537);
#1536 = CARTESIAN_POINT('',(0.,0.));
#1537 = VECTOR('',#1538,1.);
#1538 = DIRECTION('',(0.,1.));
#1539 = ( GEOMETRIC_REPRESENTATION_CONTEXT(2) 
PARAMETRIC_REPRESENTATION_CONTEXT() REPRESENTATION_CONTEXT('2D SPACE',''
  ) );
#1540 = PCURVE('',#34,#1541);
#1541 = DEFINITIONAL_REPRESENTATION('',(#1542),#1546);
#1542 = LINE('',#1543,#1544);
#1543 = CARTESIAN_POINT('',(1.,0.));
#1544 = VECTOR('',#1545,1.);
#1545 = DIRECTION('',(0.,1.));
#1546 = ( GEOMETRIC_REPRESENTATION_CONTEXT(2) 
PARAMETRIC_REPRESENTATION_CONTEXT() REPRESENTATION_CONTEXT('2D SPACE',''
  ) );
#1547 = ORIENTED_EDGE('',*,*,#1548,.F.);
#1548 = EDGE_CURVE('',#1522,#1522,#1549,.T.);
#1549 = SURFACE_CURVE('',#1550,(#1566,#1573),.PCURVE_S1.);
#1550 = B_SPLINE_CURVE_WITH_KNOTS('',14,(#1551,#1552,#1553,#1554,#1555,
    #1556,#1557,#1558,#1559,#1560,#1561,#1562,#1563,#1564,#1565),
  .UNSPECIFIED.,.T.,.F.,(15,15),(0.,1.),.PIECEWISE_BEZIER_KNOTS.);
#1551 = CARTESIAN_POINT('',(-113.,1.2,186.));
#1552 = CARTESIAN_POINT('',(-113.4014485793,1.2,186.0446053977));
#1553 = CARTESIAN_POINT('',(-113.8028973068,0.939701312743,
    186.08921081187));
#1554 = CARTESIAN_POINT('',(-114.1027511867,0.419118143637,
    186.12252790963));
#1555 = CARTESIAN_POINT('',(-114.1994266793,-0.283968818783,
    186.13326963103));
#1556 = CARTESIAN_POINT('',(-114.0277544722,-1.013648321405,
    186.11419494136));
#1557 = CARTESIAN_POINT('',(-113.5956312629,-1.570982339347,
    186.06618125144));
#1558 = CARTESIAN_POINT('',(-113.,-1.780439975542,186.));
#1559 = CARTESIAN_POINT('',(-112.404368737,-1.570982339347,
    185.93381874855));
#1560 = CARTESIAN_POINT('',(-111.9722455277,-1.013648321406,
    185.88580505863));
#1561 = CARTESIAN_POINT('',(-111.8005733206,-0.283968818782,
    185.86673036896));
#1562 = CARTESIAN_POINT('',(-111.8972488132,0.419118143636,
    185.87747209036));
#1563 = CARTESIAN_POINT('',(-112.1971026931,0.939701312744,
    185.91078918812));
#1564 = CARTESIAN_POINT('',(-112.5985514206,1.2,185.95539460229));
#1565 = CARTESIAN_POINT('',(-113.,1.2,186.));
#1566 = PCURVE('',#34,#1567);
#1567 = DEFINITIONAL_REPRESENTATION('',(#1568),#1572);
#1568 = LINE('',#1569,#1570);
#1569 = CARTESIAN_POINT('',(0.,1.));
#1570 = VECTOR('',#1571,1.);
#1571 = DIRECTION('',(1.,0.));
#1572 = ( GEOMETRIC_REPRESENTATION_CONTEXT(2) 
PARAMETRIC_REPRESENTATION_CONTEXT() REPRESENTATION_CONTEXT('2D SPACE',''
  ) );
#1573 = PCURVE('',#1574,#1579);
#1574 = PLANE('',#1575);
#1575 = AXIS2_PLACEMENT_3D('',#1576,#1577,#1578);
#1576 = CARTESIAN_POINT('',(-113.,1.2,186.));
#1577 = DIRECTION('',(-0.110431526075,-0.,-0.993883734674));
#1578 = DIRECTION('',(0.,-1.,0.));
#1579 = DEFINITIONAL_REPRESENTATION('',(#1580),#1596);
#1580 = B_SPLINE_CURVE_WITH_KNOTS('',14,(#1581,#1582,#1583,#1584,#1585,
    #1586,#1587,#1588,#1589,#1590,#1591,#1592,#1593,#1594,#1595),
  .UNSPECIFIED.,.F.,.F.,(15,15),(0.,1.),.PIECEWISE_BEZIER_KNOTS.);
#1581 = CARTESIAN_POINT('',(0.,0.));
#1582 = CARTESIAN_POINT('',(-5.617728504603E-14,0.403919055461));
#1583 = CARTESIAN_POINT('',(0.260298687257,0.80783826002));
#1584 = CARTESIAN_POINT('',(0.780881856363,1.109537411912));
#1585 = CARTESIAN_POINT('',(1.483968818783,1.206807836251));
#1586 = CARTESIAN_POINT('',(2.213648321405,1.034079174898));
#1587 = CARTESIAN_POINT('',(2.770982339347,0.599296720751));
#1588 = CARTESIAN_POINT('',(2.980439975542,-2.84217094304E-14));
#1589 = CARTESIAN_POINT('',(2.770982339347,-0.599296720751));
#1590 = CARTESIAN_POINT('',(2.213648321406,-1.034079174898));
#1591 = CARTESIAN_POINT('',(1.483968818782,-1.206807836251));
#1592 = CARTESIAN_POINT('',(0.780881856364,-1.109537411912));
#1593 = CARTESIAN_POINT('',(0.260298687256,-0.80783826002));
#1594 = CARTESIAN_POINT('',(-2.442490654175E-14,-0.403919055461));
#1595 = CARTESIAN_POINT('',(2.22044604925E-16,0.));
#1596 = ( GEOMETRIC_REPRESENTATION_CONTEXT(2) 
PARAMETRIC_REPRESENTATION_CONTEXT() REPRESENTATION_CONTEXT('2D SPACE',''
  ) );
#1597 = ORIENTED_EDGE('',*,*,#1521,.F.);
#1598 = ADVANCED_FACE('',(#1599),#149,.F.);
#1599 = FACE_BOUND('',#1600,.F.);
#1600 = EDGE_LOOP('',(#1601,#1602,#1603,#1628,#1678,#1679,#1680));
#1601 = ORIENTED_EDGE('',*,*,#1017,.T.);
#1602 = ORIENTED_EDGE('',*,*,#21,.T.);
#1603 = ORIENTED_EDGE('',*,*,#1604,.T.);
#1604 = EDGE_CURVE('',#24,#1605,#1607,.T.);
#1605 = VERTEX_POINT('',#1606);
#1606 = CARTESIAN_POINT('',(-107.,3.2,158.));
#1607 = SEAM_CURVE('',#1608,(#1614,#1621),.PCURVE_S1.);
#1608 = ( BOUNDED_CURVE() B_SPLINE_CURVE(4,(#1609,#1610,#1611,#1612,
#1613),.UNSPECIFIED.,.F.,.F.) B_SPLINE_CURVE_WITH_KNOTS((5,5),(0.,1.),
.PIECEWISE_BEZIER_KNOTS.) CURVE() GEOMETRIC_REPRESENTATION_ITEM() 
RATIONAL_B_SPLINE_CURVE((1.,1.,1.,1.,1.)) REPRESENTATION_ITEM('') );
#1609 = CARTESIAN_POINT('',(-38.,28.,129.));
#1610 = CARTESIAN_POINT('',(-56.25362365524,18.230963396872,
    140.63405749156));
#1611 = CARTESIAN_POINT('',(-98.89195932476,47.114285449302,
    106.455183738));
#1612 = CARTESIAN_POINT('',(-110.2595114004,16.392613994903,
    142.12815681945));
#1613 = CARTESIAN_POINT('',(-107.,3.2,158.));
#1614 = PCURVE('',#149,#1615);
#1615 = DEFINITIONAL_REPRESENTATION('',(#1616),#1620);
#1616 = LINE('',#1617,#1618);
#1617 = CARTESIAN_POINT('',(0.,0.));
#1618 = VECTOR('',#1619,1.);
#1619 = DIRECTION('',(0.,1.));
#1620 = ( GEOMETRIC_REPRESENTATION_CONTEXT(2) 
PARAMETRIC_REPRESENTATION_CONTEXT() REPRESENTATION_CONTEXT('2D SPACE',''
  ) );
#1621 = PCURVE('',#149,#1622);
#1622 = DEFINITIONAL_REPRESENTATION('',(#1623),#1627);
#1623 = LINE('',#1624,#1625);
#1624 = CARTESIAN_POINT('',(1.,0.));
#1625 = VECTOR('',#1626,1.);
#1626 = DIRECTION('',(0.,1.));
#1627 = ( GEOMETRIC_REPRESENTATION_CONTEXT(2) 
PARAMETRIC_REPRESENTATION_CONTEXT() REPRESENTATION_CONTEXT('2D SPACE',''
  ) );
#1628 = ORIENTED_EDGE('',*,*,#1629,.F.);
#1629 = EDGE_CURVE('',#1605,#1605,#1630,.T.);
#1630 = SURFACE_CURVE('',#1631,(#1647,#1654),.PCURVE_S1.);
#1631 = B_SPLINE_CURVE_WITH_KNOTS('',14,(#1632,#1633,#1634,#1635,#1636,
    #1637,#1638,#1639,#1640,#1641,#1642,#1643,#1644,#1645,#1646),
  .UNSPECIFIED.,.T.,.F.,(15,15),(0.,1.),.PIECEWISE_BEZIER_KNOTS.);
#1632 = CARTESIAN_POINT('',(-107.,3.2,158.));
#1633 = CARTESIAN_POINT('',(-107.8953168353,3.2,157.93604879747));
#1634 = CARTESIAN_POINT('',(-108.7906340011,2.505870167316,
    157.87209757134));
#1635 = CARTESIAN_POINT('',(-109.4593727651,1.117648383031,
    157.82433051677));
#1636 = CARTESIAN_POINT('',(-109.674979945,-0.757250183421,
    157.80893000392));
#1637 = CARTESIAN_POINT('',(-109.2921139318,-2.703062190413,
    157.83627757629));
#1638 = CARTESIAN_POINT('',(-108.3283860619,-4.189286238259,
    157.90511528128));
#1639 = CARTESIAN_POINT('',(-107.,-4.747839934779,158.));
#1640 = CARTESIAN_POINT('',(-105.671613938,-4.189286238258,
    158.09488471871));
#1641 = CARTESIAN_POINT('',(-104.7078860681,-2.703062190415,
    158.1637224237));
#1642 = CARTESIAN_POINT('',(-104.3250200549,-0.757250183419,
    158.19106999607));
#1643 = CARTESIAN_POINT('',(-104.5406272348,1.11764838303,
    158.17566948322));
#1644 = CARTESIAN_POINT('',(-105.2093659988,2.505870167316,
    158.12790242865));
#1645 = CARTESIAN_POINT('',(-106.1046831646,3.2,158.06395120252));
#1646 = CARTESIAN_POINT('',(-107.,3.2,158.));
#1647 = PCURVE('',#149,#1648);
#1648 = DEFINITIONAL_REPRESENTATION('',(#1649),#1653);
#1649 = LINE('',#1650,#1651);
#1650 = CARTESIAN_POINT('',(0.,1.));
#1651 = VECTOR('',#1652,1.);
#1652 = DIRECTION('',(1.,0.));
#1653 = ( GEOMETRIC_REPRESENTATION_CONTEXT(2) 
PARAMETRIC_REPRESENTATION_CONTEXT() REPRESENTATION_CONTEXT('2D SPACE',''
  ) );
#1654 = PCURVE('',#1655,#1660);
#1655 = PLANE('',#1656);
#1656 = AXIS2_PLACEMENT_3D('',#1657,#1658,#1659);
#1657 = CARTESIAN_POINT('',(-107.,3.2,158.));
#1658 = DIRECTION('',(-7.124704998791E-02,4.587806720501E-15,
    0.997458699831));
#1659 = DIRECTION('',(-2.220446064339E-15,-1.,4.440892128678E-15));
#1660 = DEFINITIONAL_REPRESENTATION('',(#1661),#1677);
#1661 = B_SPLINE_CURVE_WITH_KNOTS('',14,(#1662,#1663,#1664,#1665,#1666,
    #1667,#1668,#1669,#1670,#1671,#1672,#1673,#1674,#1675,#1676),
  .UNSPECIFIED.,.F.,.F.,(15,15),(0.,1.),.PIECEWISE_BEZIER_KNOTS.);
#1662 = CARTESIAN_POINT('',(0.,0.));
#1663 = CARTESIAN_POINT('',(-1.678657213233E-13,-0.897597901026));
#1664 = CARTESIAN_POINT('',(0.694129832684,-1.795196133378));
#1665 = CARTESIAN_POINT('',(2.082351616969,-2.465638693138));
#1666 = CARTESIAN_POINT('',(3.957250183421,-2.681795191668));
#1667 = CARTESIAN_POINT('',(5.903062190413,-2.297953721996));
#1668 = CARTESIAN_POINT('',(7.389286238259,-1.331770490557));
#1669 = CARTESIAN_POINT('',(7.947839934779,-7.105427357601E-14));
#1670 = CARTESIAN_POINT('',(7.389286238257,1.331770490557));
#1671 = CARTESIAN_POINT('',(5.903062190415,2.297953721996));
#1672 = CARTESIAN_POINT('',(3.957250183419,2.681795191668));
#1673 = CARTESIAN_POINT('',(2.08235161697,2.465638693138));
#1674 = CARTESIAN_POINT('',(0.694129832684,1.795196133378));
#1675 = CARTESIAN_POINT('',(-9.325873406851E-14,0.897597901026));
#1676 = CARTESIAN_POINT('',(-1.7763568394E-15,0.));
#1677 = ( GEOMETRIC_REPRESENTATION_CONTEXT(2) 
PARAMETRIC_REPRESENTATION_CONTEXT() REPRESENTATION_CONTEXT('2D SPACE',''
  ) );
#1678 = ORIENTED_EDGE('',*,*,#1604,.F.);
#1679 = ORIENTED_EDGE('',*,*,#234,.T.);
#1680 = ORIENTED_EDGE('',*,*,#1681,.T.);
#1681 = EDGE_CURVE('',#235,#741,#1682,.T.);
#1682 = SURFACE_CURVE('',#1683,(#1735,#1790),.PCURVE_S1.);
#1683 = B_SPLINE_CURVE_WITH_KNOTS('',8,(#1684,#1685,#1686,#1687,#1688,
    #1689,#1690,#1691,#1692,#1693,#1694,#1695,#1696,#1697,#1698,#1699,
    #1700,#1701,#1702,#1703,#1704,#1705,#1706,#1707,#1708,#1709,#1710,
    #1711,#1712,#1713,#1714,#1715,#1716,#1717,#1718,#1719,#1720,#1721,
    #1722,#1723,#1724,#1725,#1726,#1727,#1728,#1729,#1730,#1731,#1732,
    #1733,#1734),.UNSPECIFIED.,.F.,.F.,(9,7,7,7,7,7,7,9),(0.,
    0.165003187838,0.310322144393,0.471410702424,0.61574998715,
    0.721012239154,0.84928201027,1.),.UNSPECIFIED.);
#1684 = CARTESIAN_POINT('',(-53.54075947987,26.044227696929,
    128.87213365054));
#1685 = CARTESIAN_POINT('',(-53.63771398654,26.089991160548,
    129.03435642987));
#1686 = CARTESIAN_POINT('',(-53.75605139176,26.132313481296,
    129.18555196412));
#1687 = CARTESIAN_POINT('',(-53.89428821992,26.170934133099,
    129.32194298511));
#1688 = CARTESIAN_POINT('',(-54.05016143047,26.206038847754,
    129.44025193979));
#1689 = CARTESIAN_POINT('',(-54.22081777072,26.238077414136,
    129.53771966497));
#1690 = CARTESIAN_POINT('',(-54.40291409112,26.267513095518,
    129.61213140064));
#1691 = CARTESIAN_POINT('',(-54.59266074972,26.294601714429,
    129.66192504071));
#1692 = CARTESIAN_POINT('',(-54.95597416146,26.341048970617,
    129.7080614902));
#1693 = CARTESIAN_POINT('',(-55.12901487336,26.360975405288,
    129.71010345797));
#1694 = CARTESIAN_POINT('',(-55.30221684592,26.379055117599,
    129.69206532545));
#1695 = CARTESIAN_POINT('',(-55.47284131544,26.395111983682,
    129.65393978478));
#1696 = CARTESIAN_POINT('',(-55.63820397693,26.408757785756,
    129.59614667576));
#1697 = CARTESIAN_POINT('',(-55.79568040794,26.419391198764,
    129.51950123908));
#1698 = CARTESIAN_POINT('',(-55.9427323055,26.426269240324,
    129.42526452292));
#1699 = CARTESIAN_POINT('',(-56.2258752101,26.431322954008,
    129.19341762137));
#1700 = CARTESIAN_POINT('',(-56.35953886736,26.428482311476,
    129.05180661941));
#1701 = CARTESIAN_POINT('',(-56.47399993814,26.419082497937,
    128.89332614545));
#1702 = CARTESIAN_POINT('',(-56.56663639695,26.402212827562,
    128.72163976814));
#1703 = CARTESIAN_POINT('',(-56.63578167534,26.377249511646,
    128.54069971432));
#1704 = CARTESIAN_POINT('',(-56.68072109379,26.344084906654,
    128.35465817492));
#1705 = CARTESIAN_POINT('',(-56.70163627691,26.303241204573,
    128.16773218404));
#1706 = CARTESIAN_POINT('',(-56.69839400965,26.21360474843,
    127.81968292674));
#1707 = CARTESIAN_POINT('',(-56.67869383882,26.165999774427,
    127.65758590045));
#1708 = CARTESIAN_POINT('',(-56.64170489403,26.113796485182,
    127.50010286013));
#1709 = CARTESIAN_POINT('',(-56.58857678517,26.05782605846,
    127.34902886312));
#1710 = CARTESIAN_POINT('',(-56.52050819349,25.999037599715,
    127.20582360885));
#1711 = CARTESIAN_POINT('',(-56.43866058285,25.938437652264,
    127.07168181429));
#1712 = CARTESIAN_POINT('',(-56.34409616733,25.877046706012,
    126.94761062775));
#1713 = CARTESIAN_POINT('',(-56.15998626126,25.771278425007,
    126.75209832307));
#1714 = CARTESIAN_POINT('',(-56.07606075754,25.726801961978,
    126.67551660551));
#1715 = CARTESIAN_POINT('',(-55.98612095934,25.682855878949,
    126.6051791356));
#1716 = CARTESIAN_POINT('',(-55.89048629297,25.639877288708,
    126.54150209843));
#1717 = CARTESIAN_POINT('',(-55.78952744674,25.598338296973,
    126.48494357679));
#1718 = CARTESIAN_POINT('',(-55.68366637097,25.558746002394,
    126.43600355116));
#1719 = CARTESIAN_POINT('',(-55.57337627797,25.521642496553,
    126.3952238997));
#1720 = CARTESIAN_POINT('',(-55.32002710626,25.446127513263,
    126.32415079113));
#1721 = CARTESIAN_POINT('',(-55.174719882,25.409072928992,
    126.29797180738));
#1722 = CARTESIAN_POINT('',(-55.02489200519,25.377687429891,
    126.28597337855));
#1723 = CARTESIAN_POINT('',(-54.87245751032,25.353104903034,
    126.289166794));
#1724 = CARTESIAN_POINT('',(-54.7195856496,25.33623867452,126.3081884054
    ));
#1725 = CARTESIAN_POINT('',(-54.56870979743,25.327637642328,
    126.3432212338));
#1726 = CARTESIAN_POINT('',(-54.42249147435,25.327333277801,
    126.39378719069));
#1727 = CARTESIAN_POINT('',(-54.12052958663,25.343364878871,
    126.53409136742));
#1728 = CARTESIAN_POINT('',(-53.96756999431,25.362623906628,
    126.62914874112));
#1729 = CARTESIAN_POINT('',(-53.82819958144,25.391531839103,
    126.74135831714));
#1730 = CARTESIAN_POINT('',(-53.70444340716,25.428363998798,
    126.86801965538));
#1731 = CARTESIAN_POINT('',(-53.59762029943,25.471253042394,
    127.00653203011));
#1732 = CARTESIAN_POINT('',(-53.50850557907,25.518416587029,
    127.15438747915));
#1733 = CARTESIAN_POINT('',(-53.43751183131,25.568319432124,
    127.30932858276));
#1734 = CARTESIAN_POINT('',(-53.38491855445,25.619730187686,
    127.46942302701));
#1735 = PCURVE('',#149,#1736);
#1736 = DEFINITIONAL_REPRESENTATION('',(#1737),#1789);
#1737 = B_SPLINE_CURVE_WITH_KNOTS('',8,(#1738,#1739,#1740,#1741,#1742,
    #1743,#1744,#1745,#1746,#1747,#1748,#1749,#1750,#1751,#1752,#1753,
    #1754,#1755,#1756,#1757,#1758,#1759,#1760,#1761,#1762,#1763,#1764,
    #1765,#1766,#1767,#1768,#1769,#1770,#1771,#1772,#1773,#1774,#1775,
    #1776,#1777,#1778,#1779,#1780,#1781,#1782,#1783,#1784,#1785,#1786,
    #1787,#1788),.UNSPECIFIED.,.F.,.F.,(9,7,7,7,7,7,7,9),(0.,
    0.165003187838,0.310322144393,0.471410702424,0.61574998715,
    0.721012239154,0.84928201027,1.),.UNSPECIFIED.);
#1738 = CARTESIAN_POINT('',(2.179523377794E-02,0.171670748492));
#1739 = CARTESIAN_POINT('',(2.00674571722E-02,0.17240497211));
#1740 = CARTESIAN_POINT('',(1.842773596334E-02,0.173350284439));
#1741 = CARTESIAN_POINT('',(1.691450604204E-02,0.174496737036));
#1742 = CARTESIAN_POINT('',(1.556137326988E-02,0.175826179651));
#1743 = CARTESIAN_POINT('',(1.439703137227E-02,0.177314045545));
#1744 = CARTESIAN_POINT('',(1.344519656668E-02,0.178930374479));
#1745 = CARTESIAN_POINT('',(1.272380347474E-02,0.180640297764));
#1746 = CARTESIAN_POINT('',(1.181900319158E-02,0.183957694009));
#1747 = CARTESIAN_POINT('',(1.158107258855E-02,0.185555283458));
#1748 = CARTESIAN_POINT('',(1.153622263572E-02,0.187171243739));
#1749 = CARTESIAN_POINT('',(1.168698040515E-02,0.188779467976));
#1750 = CARTESIAN_POINT('',(1.203196453775E-02,0.190354101223));
#1751 = CARTESIAN_POINT('',(1.256632039326E-02,0.191869735213));
#1752 = CARTESIAN_POINT('',(1.328129375942E-02,0.19330170404));
#1753 = CARTESIAN_POINT('',(1.513937147243E-02,0.196096137302));
#1754 = CARTESIAN_POINT('',(1.632375046332E-02,0.197439069025));
#1755 = CARTESIAN_POINT('',(1.769421110754E-02,0.198616672899));
#1756 = CARTESIAN_POINT('',(1.922050691004E-02,0.199602512424));
#1757 = CARTESIAN_POINT('',(2.086901763759E-02,0.200379267006));
#1758 = CARTESIAN_POINT('',(2.260316390169E-02,0.20093850284));
#1759 = CARTESIAN_POINT('',(2.438414842399E-02,0.201279892582));
#1760 = CARTESIAN_POINT('',(2.777074204351E-02,0.201533834857));
#1761 = CARTESIAN_POINT('',(2.937836539817E-02,0.201487511222));
#1762 = CARTESIAN_POINT('',(3.097140007121E-02,0.201281848498));
#1763 = CARTESIAN_POINT('',(3.25314825478E-02,0.200926473521));
#1764 = CARTESIAN_POINT('',(3.404291672966E-02,0.20043146477));
#1765 = CARTESIAN_POINT('',(3.549214110716E-02,0.199806510337));
#1766 = CARTESIAN_POINT('',(3.68671459697E-02,0.199060319487));
#1767 = CARTESIAN_POINT('',(3.909692674488E-02,0.197571213476));
#1768 = CARTESIAN_POINT('',(3.999155491319E-02,0.196882520983));
#1769 = CARTESIAN_POINT('',(4.083602930351E-02,0.196135132053));
#1770 = CARTESIAN_POINT('',(4.162530892089E-02,0.195331414869));
#1771 = CARTESIAN_POINT('',(4.23537479652E-02,0.194474097269));
#1772 = CARTESIAN_POINT('',(4.301509583118E-02,0.193566266745));
#1773 = CARTESIAN_POINT('',(4.360249710839E-02,0.192611370445));
#1774 = CARTESIAN_POINT('',(4.472508294225E-02,0.190396889793));
#1775 = CARTESIAN_POINT('',(4.52226486832E-02,0.189113255842));
#1776 = CARTESIAN_POINT('',(4.558398117122E-02,0.187775114805));
#1777 = CARTESIAN_POINT('',(4.579439549605E-02,0.186397973192));
#1778 = CARTESIAN_POINT('',(4.584262886306E-02,0.184999946044));
#1779 = CARTESIAN_POINT('',(4.572200681367E-02,0.183602090011));
#1780 = CARTESIAN_POINT('',(4.543292646766E-02,0.182228475551));
#1781 = CARTESIAN_POINT('',(4.446457058458E-02,0.179350575264));
#1782 = CARTESIAN_POINT('',(4.372577639457E-02,0.17786523072));
#1783 = CARTESIAN_POINT('',(4.278801136386E-02,0.17648218158));
#1784 = CARTESIAN_POINT('',(4.167726746699E-02,0.17522294581));
#1785 = CARTESIAN_POINT('',(4.042028556039E-02,0.174103053538));
#1786 = CARTESIAN_POINT('',(3.904365660461E-02,0.173133209035));
#1787 = CARTESIAN_POINT('',(3.75716778181E-02,0.172320586117));
#1788 = CARTESIAN_POINT('',(3.602518091936E-02,0.171670748492));
#1789 = ( GEOMETRIC_REPRESENTATION_CONTEXT(2) 
PARAMETRIC_REPRESENTATION_CONTEXT() REPRESENTATION_CONTEXT('2D SPACE',''
  ) );
#1790 = PCURVE('',#922,#1791);
#1791 = DEFINITIONAL_REPRESENTATION('',(#1792),#1844);
#1792 = B_SPLINE_CURVE_WITH_KNOTS('',8,(#1793,#1794,#1795,#1796,#1797,
    #1798,#1799,#1800,#1801,#1802,#1803,#1804,#1805,#1806,#1807,#1808,
    #1809,#1810,#1811,#1812,#1813,#1814,#1815,#1816,#1817,#1818,#1819,
    #1820,#1821,#1822,#1823,#1824,#1825,#1826,#1827,#1828,#1829,#1830,
    #1831,#1832,#1833,#1834,#1835,#1836,#1837,#1838,#1839,#1840,#1841,
    #1842,#1843),.UNSPECIFIED.,.F.,.F.,(9,7,7,7,7,7,7,9),(0.,
    0.165003187838,0.310322144393,0.471410702424,0.61574998715,
    0.721012239154,0.84928201027,1.),.UNSPECIFIED.);
#1793 = CARTESIAN_POINT('',(0.538699135815,-1.044227696929));
#1794 = CARTESIAN_POINT('',(0.649868457864,-1.089991160548));
#1795 = CARTESIAN_POINT('',(0.761922935861,-1.132313481296));
#1796 = CARTESIAN_POINT('',(0.874599801127,-1.170934133099));
#1797 = CARTESIAN_POINT('',(0.987797478492,-1.206038847754));
#1798 = CARTESIAN_POINT('',(1.101453443448,-1.238077414136));
#1799 = CARTESIAN_POINT('',(1.215520525228,-1.267513095518));
#1800 = CARTESIAN_POINT('',(1.329936820464,-1.294601714429));
#1801 = CARTESIAN_POINT('',(1.545366870066,-1.341048970617));
#1802 = CARTESIAN_POINT('',(1.64649610045,-1.360975405288));
#1803 = CARTESIAN_POINT('',(1.747795074361,-1.379055117598));
#1804 = CARTESIAN_POINT('',(1.849264047268,-1.395111983682));
#1805 = CARTESIAN_POINT('',(1.950919040837,-1.408757785756));
#1806 = CARTESIAN_POINT('',(2.052775907876,-1.419391198764));
#1807 = CARTESIAN_POINT('',(2.154821825235,-1.426269240324));
#1808 = CARTESIAN_POINT('',(2.370089334187,-1.431322954008));
#1809 = CARTESIAN_POINT('',(2.483696863053,-1.428482311476));
#1810 = CARTESIAN_POINT('',(2.597061809627,-1.419082497937));
#1811 = CARTESIAN_POINT('',(2.709899131321,-1.402212827562));
#1812 = CARTESIAN_POINT('',(2.821979990641,-1.377249511646));
#1813 = CARTESIAN_POINT('',(2.933085230074,-1.344084906654));
#1814 = CARTESIAN_POINT('',(3.042922112535,-1.303241204573));
#1815 = CARTESIAN_POINT('',(3.247665852951,-1.21360474843));
#1816 = CARTESIAN_POINT('',(3.343120498679,-1.165999774427));
#1817 = CARTESIAN_POINT('',(3.437338118822,-1.113796485182));
#1818 = CARTESIAN_POINT('',(3.530474419289,-1.05782605846));
#1819 = CARTESIAN_POINT('',(3.622730416037,-0.999037599715));
#1820 = CARTESIAN_POINT('',(3.714342807732,-0.938437652264));
#1821 = CARTESIAN_POINT('',(3.805611093836,-0.877046706012));
#1822 = CARTESIAN_POINT('',(3.963584328389,-0.771278425007));
#1823 = CARTESIAN_POINT('',(4.030235088568,-0.726801961978));
#1824 = CARTESIAN_POINT('',(4.097076158702,-0.682855878949));
#1825 = CARTESIAN_POINT('',(4.164255482567,-0.639877288708));
#1826 = CARTESIAN_POINT('',(4.231908740704,-0.598338296973));
#1827 = CARTESIAN_POINT('',(4.300159350412,-0.558746002394));
#1828 = CARTESIAN_POINT('',(4.369118465753,-0.521642496553));
#1829 = CARTESIAN_POINT('',(4.523900586941,-0.446127513263));
#1830 = CARTESIAN_POINT('',(4.610358263654,-0.409072928992));
#1831 = CARTESIAN_POINT('',(4.698057413735,-0.377687429891));
#1832 = CARTESIAN_POINT('',(4.786829614646,-0.353104903034));
#1833 = CARTESIAN_POINT('',(4.876481298036,-0.33623867452));
#1834 = CARTESIAN_POINT('',(4.966765669012,-0.327637642328));
#1835 = CARTESIAN_POINT('',(5.057300978226,-0.327333277801));
#1836 = CARTESIAN_POINT('',(5.253163230898,-0.343364878871));
#1837 = CARTESIAN_POINT('',(5.358322984616,-0.362623906628));
#1838 = CARTESIAN_POINT('',(5.462291267328,-0.391531839103));
#1839 = CARTESIAN_POINT('',(5.565024561705,-0.428363998797));
#1840 = CARTESIAN_POINT('',(5.666555651305,-0.471253042394));
#1841 = CARTESIAN_POINT('',(5.767031001658,-0.518416587029));
#1842 = CARTESIAN_POINT('',(5.866653657853,-0.568319432124));
#1843 = CARTESIAN_POINT('',(5.965778345772,-0.619730187686));
#1844 = ( GEOMETRIC_REPRESENTATION_CONTEXT(2) 
PARAMETRIC_REPRESENTATION_CONTEXT() REPRESENTATION_CONTEXT('2D SPACE',''
  ) );
#1845 = ADVANCED_FACE('',(#1846),#1574,.F.);
#1846 = FACE_BOUND('',#1847,.T.);
#1847 = EDGE_LOOP('',(#1848));
#1848 = ORIENTED_EDGE('',*,*,#1548,.T.);
#1849 = ADVANCED_FACE('',(#1850),#922,.F.);
#1850 = FACE_BOUND('',#1851,.F.);
#1851 = EDGE_LOOP('',(#1852,#1853));
#1852 = ORIENTED_EDGE('',*,*,#1681,.F.);
#1853 = ORIENTED_EDGE('',*,*,#740,.T.);
#1854 = ADVANCED_FACE('',(#1855),#1655,.F.);
#1855 = FACE_BOUND('',#1856,.F.);
#1856 = EDGE_LOOP('',(#1857));
#1857 = ORIENTED_EDGE('',*,*,#1629,.T.);
#1858 = ( GEOMETRIC_REPRESENTATION_CONTEXT(3) 
GLOBAL_UNCERTAINTY_ASSIGNED_CONTEXT((#1862)) 
GLOBAL_UNIT_ASSIGNED_CONTEXT((#1859,#1860,#1861)) REPRESENTATION_CONTEXT
('Context #1','3D Context with UNIT and UNCERTAINTY') );
#1859 = ( LENGTH_UNIT() NAMED_UNIT(*) SI_UNIT(.MILLI.,.METRE.) );
#1860 = ( NAMED_UNIT(*) PLANE_ANGLE_UNIT() SI_UNIT($,.RADIAN.) );
#1861 = ( NAMED_UNIT(*) SI_UNIT($,.STERADIAN.) SOLID_ANGLE_UNIT() );
#1862 = UNCERTAINTY_MEASURE_WITH_UNIT(LENGTH_MEASURE(5.E-06),#1859,
  'distance_accuracy_value','confusion accuracy');
#1863 = PRODUCT_RELATED_PRODUCT_CATEGORY('part',$,(#7));
ENDSEC;
END-ISO-10303-21;
